molecule_chembl_id,canonical_smiles,pchembl_value,assay_description,Receptor,assay_chembl_id,document_chembl_id
CHEMBL25573,N#Cc1ccc(NC(=O)Nc2ccccc2)c(O)c1,4.68,Inhibition of binding of IL-8 to membranes of cloned CXC chemokine receptor 1 expressed in CHO Cells using [125I]IL-8 radioligand,CXCR1,CHEMBL656546,CHEMBL1149089
CHEMBL27863,N#Cc1ccc(NC(=O)Nc2ccccc2Br)c(O)c1,4.82,Inhibition of binding of IL-8 to membranes of cloned CXC chemokine receptor 1 expressed in CHO Cells using [125I]IL-8 radioligand,CXCR1,CHEMBL656546,CHEMBL1149089
CHEMBL283736,O=C(Nc1ccccc1)Nc1cccc([N+](=O)[O-])c1O,4.48,Inhibition of binding of IL-8 to membranes of cloned CXC chemokine receptor 1 expressed in CHO Cells using [125I]IL-8 radioligand,CXCR1,CHEMBL656546,CHEMBL1149089
CHEMBL280711,O=C(Nc1ccccc1)Nc1ccc([N+](=O)[O-])cc1O,4.74,Inhibition of binding of IL-8 to membranes of cloned CXC chemokine receptor 1 expressed in CHO Cells using [125I]IL-8 radioligand,CXCR1,CHEMBL656546,CHEMBL1149089
CHEMBL27446,N#Cc1ccc(NC(=O)Nc2ccccc2Br)c(O)c1Cl,5.38,Inhibition of binding of IL-8 to membranes of cloned CXC chemokine receptor 1 expressed in CHO Cells using [125I]IL-8 radioligand,CXCR1,CHEMBL656546,CHEMBL1149089
CHEMBL28009,N#Cc1ccc(NC(=O)Nc2ccccc2Br)c(O)c1Br,5.58,Inhibition of binding of IL-8 to membranes of cloned CXC chemokine receptor 1 expressed in CHO Cells using [125I]IL-8 radioligand,CXCR1,CHEMBL656546,CHEMBL1149089
CHEMBL24912,O=C(Nc1ccccc1)Nc1cc([N+](=O)[O-])ccc1O,4.33,Inhibition of binding of IL-8 to membranes of cloned CXC chemokine receptor 1 expressed in CHO Cells using [125I]IL-8 radioligand,CXCR1,CHEMBL656546,CHEMBL1149089
CHEMBL26830,N#Cc1c(Cl)ccc(NC(=O)Nc2ccccc2Br)c1O,4.96,Inhibition of binding of IL-8 to membranes of cloned CXC chemokine receptor 1 expressed in CHO Cells using [125I]IL-8 radioligand,CXCR1,CHEMBL656546,CHEMBL1149089
CHEMBL184637,O=C(Nc1ccc(O)cc1O)Nc1ccccc1Br,7.66,Inhibitory concentration against interleukin-8 receptor of human neutrophils by using [125I]IL-8 (0.125 nM) as radioligand,CXCR1,CHEMBL828738,CHEMBL1137025
CHEMBL425882,CN(C)COc1ccc(-c2cc(-c3ccccc3)on2)cc1,4.97,Inhibitory concentration against interleukin-8 receptor of human neutrophils by using [125I]IL-8 (0.125 nM) as radioligand,CXCR1,CHEMBL828738,CHEMBL1137025
CHEMBL183061,CN(C)COc1ccc(-c2cc(-c3ccc(Cl)cc3)on2)cc1,5.57,Inhibitory concentration against interleukin-8 receptor of human neutrophils by using [125I]IL-8 (0.125 nM) as radioligand,CXCR1,CHEMBL828738,CHEMBL1137025
CHEMBL182361,CN(C)COc1ccc(-c2cc(-c3ccc(F)cc3)on2)cc1,5.51,Inhibitory concentration against interleukin-8 receptor of human neutrophils by using [125I]IL-8 (0.125 nM) as radioligand,CXCR1,CHEMBL828738,CHEMBL1137025
CHEMBL182361,CN(C)COc1ccc(-c2cc(-c3ccc(F)cc3)on2)cc1,5.4,Inhibition of interleukin-8 induced elastase release from human neutrophils,CXCR1,CHEMBL833463,CHEMBL1137025
CHEMBL184401,CN(C)COc1ccc(-c2cc(-c3ccc([N+](=O)[O-])cc3)on2)cc1,4.92,Inhibitory concentration against interleukin-8 receptor of human neutrophils by using [125I]IL-8 (0.125 nM) as radioligand,CXCR1,CHEMBL828738,CHEMBL1137025
CHEMBL184583,CN(C)COc1cccc(-c2cc(-c3ccc(Cl)cc3)on2)c1,5.09,Inhibitory concentration against interleukin-8 receptor of human neutrophils by using [125I]IL-8 (0.125 nM) as radioligand,CXCR1,CHEMBL828738,CHEMBL1137025
CHEMBL413959,CN(C)COc1ccccc1-c1cc(-c2ccc(Cl)cc2)on1,5.36,Inhibitory concentration against interleukin-8 receptor of human neutrophils by using [125I]IL-8 (0.125 nM) as radioligand,CXCR1,CHEMBL828738,CHEMBL1137025
CHEMBL184319,c1ccc(-c2cc(-c3ccc(OCN4CCCCC4)cc3)no2)cc1,5.27,Inhibitory concentration against interleukin-8 receptor of human neutrophils by using [125I]IL-8 (0.125 nM) as radioligand,CXCR1,CHEMBL828738,CHEMBL1137025
CHEMBL185268,CN1CCN(COc2ccc(-c3cc(-c4ccccc4)on3)cc2)CC1,5.21,Inhibitory concentration against interleukin-8 receptor of human neutrophils by using [125I]IL-8 (0.125 nM) as radioligand,CXCR1,CHEMBL828738,CHEMBL1137025
CHEMBL185176,CN1CCC(COc2ccc(-c3cc(-c4ccccc4)on3)cc2)CC1,5.12,Inhibitory concentration against interleukin-8 receptor of human neutrophils by using [125I]IL-8 (0.125 nM) as radioligand,CXCR1,CHEMBL828738,CHEMBL1137025
CHEMBL184318,CN1CCN(COc2ccc(-c3cc(-c4ccc(Cl)cc4)on3)cc2)CC1,5.8,Inhibitory concentration against interleukin-8 receptor of human neutrophils by using [125I]IL-8 (0.125 nM) as radioligand,CXCR1,CHEMBL828738,CHEMBL1137025
CHEMBL185476,CN1CCN(CCOc2ccc(-c3cc(-c4ccc(Cl)cc4)on3)cc2)CC1,5.05,Inhibitory concentration against interleukin-8 receptor of human neutrophils by using [125I]IL-8 (0.125 nM) as radioligand,CXCR1,CHEMBL828738,CHEMBL1137025
CHEMBL183537,CN1CCN(COc2ccc(-c3cc(-c4ccccn4)on3)cc2)CC1,4.94,Inhibitory concentration against interleukin-8 receptor of human neutrophils by using [125I]IL-8 (0.125 nM) as radioligand,CXCR1,CHEMBL828738,CHEMBL1137025
CHEMBL183819,CN(C)CCCOc1ccc(-c2cc(-c3ccccc3)no2)cc1,5.17,Inhibitory concentration against interleukin-8 receptor of human neutrophils by using [125I]IL-8 (0.125 nM) as radioligand,CXCR1,CHEMBL828738,CHEMBL1137025
CHEMBL185610,CN1CCN(CCCOc2ccc(-c3cc(-c4ccccc4)no3)cc2)CC1,5.52,Inhibitory concentration against interleukin-8 receptor of human neutrophils by using [125I]IL-8 (0.125 nM) as radioligand,CXCR1,CHEMBL828738,CHEMBL1137025
CHEMBL361312,CN(C)CCCOc1ccc(-c2cc(-c3ccc(Cl)cc3)no2)cc1,5.41,Inhibitory concentration against interleukin-8 receptor of human neutrophils by using [125I]IL-8 (0.125 nM) as radioligand,CXCR1,CHEMBL828738,CHEMBL1137025
CHEMBL365008,CN1CCN(CCCOc2ccc(-c3cc(-c4ccc(Cl)cc4)no3)cc2)CC1,5.68,Inhibitory concentration against interleukin-8 receptor of human neutrophils by using [125I]IL-8 (0.125 nM) as radioligand,CXCR1,CHEMBL828738,CHEMBL1137025
CHEMBL365008,CN1CCN(CCCOc2ccc(-c3cc(-c4ccc(Cl)cc4)no3)cc2)CC1,5.44,Inhibition of interleukin-8 induced elastase release from human neutrophils,CXCR1,CHEMBL833463,CHEMBL1137025
CHEMBL364397,CN1CCN(CCCOc2ccc(-c3cc(-c4cccc(Cl)c4)no3)cc2)CC1,5.02,Inhibitory concentration against interleukin-8 receptor of human neutrophils by using [125I]IL-8 (0.125 nM) as radioligand,CXCR1,CHEMBL828738,CHEMBL1137025
CHEMBL183425,CN1CCN(CCCOc2ccc(-c3cc(-c4ccc(F)cc4)no3)cc2)CC1,5.7,Inhibitory concentration against interleukin-8 receptor of human neutrophils by using [125I]IL-8 (0.125 nM) as radioligand,CXCR1,CHEMBL828738,CHEMBL1137025
CHEMBL183425,CN1CCN(CCCOc2ccc(-c3cc(-c4ccc(F)cc4)no3)cc2)CC1,5.42,Inhibition of interleukin-8 induced elastase release from human neutrophils,CXCR1,CHEMBL833463,CHEMBL1137025
CHEMBL183561,CN1CCN(CCCOc2ccc(-c3cc(-c4ccc(Oc5ccccc5)cc4)no3)cc2)CC1,4.64,Inhibitory concentration against interleukin-8 receptor of human neutrophils by using [125I]IL-8 (0.125 nM) as radioligand,CXCR1,CHEMBL828738,CHEMBL1137025
CHEMBL363746,CN1CCN(CCCOc2ccc(-c3cc(-c4cccc(C(F)(F)F)c4)no3)cc2)CC1,5.22,Inhibitory concentration against interleukin-8 receptor of human neutrophils by using [125I]IL-8 (0.125 nM) as radioligand,CXCR1,CHEMBL828738,CHEMBL1137025
CHEMBL184882,CN1CCN(CCCOc2ccc(-c3nc(-c4ccc(F)cc4)no3)cc2)CC1,4.98,Inhibitory concentration against interleukin-8 receptor of human neutrophils by using [125I]IL-8 (0.125 nM) as radioligand,CXCR1,CHEMBL828738,CHEMBL1137025
CHEMBL365671,CN1CCN(CCCOc2ccc(-c3nc(-c4ccc(Cl)cc4)no3)cc2)CC1,5.6,Inhibitory concentration against interleukin-8 receptor of human neutrophils by using [125I]IL-8 (0.125 nM) as radioligand,CXCR1,CHEMBL828738,CHEMBL1137025
CHEMBL365671,CN1CCN(CCCOc2ccc(-c3nc(-c4ccc(Cl)cc4)no3)cc2)CC1,5.35,Inhibition of interleukin-8 induced elastase release from human neutrophils,CXCR1,CHEMBL833463,CHEMBL1137025
CHEMBL185259,O=C(Nc1ccccc1Br)Nc1ccc(Cl)c(Cl)c1O,4.87,Concentration required to inhibit [125I]-IL-8 binding towards C-X-C chemokine receptor type 1 of human expressed in CHO cells,CXCR1,CHEMBL828743,CHEMBL1137097
CHEMBL184185,NC(=O)c1c(Cl)ccc(NC(=O)Nc2ccccc2Br)c1O,5.22,Concentration required to inhibit [125I]-IL-8 binding towards C-X-C chemokine receptor type 1 of human expressed in CHO cells,CXCR1,CHEMBL828743,CHEMBL1137097
CHEMBL535818,Cl.NCc1c(Cl)ccc(NC(=O)Nc2ccccc2Br)c1O,4.52,Concentration required to inhibit [125I]-IL-8 binding towards C-X-C chemokine receptor type 1 of human expressed in CHO cells,CXCR1,CHEMBL828743,CHEMBL1137097
CHEMBL359670,NS(=O)(=O)c1c(Cl)ccc(NC(=O)Nc2ccccc2Br)c1O,5.87,Concentration required to inhibit [125I]-IL-8 binding towards C-X-C chemokine receptor type 1 of human expressed in CHO cells,CXCR1,CHEMBL828743,CHEMBL1137097
CHEMBL183222,CN(C)S(=O)(=O)c1c(Cl)ccc(NC(=O)Nc2ccccc2Br)c1O,5.37,Concentration required to inhibit [125I]-IL-8 binding towards C-X-C chemokine receptor type 1 of human expressed in CHO cells,CXCR1,CHEMBL828743,CHEMBL1137097
CHEMBL363840,Cn1nnnc1-c1cccc(NC(=O)N[C@@H]2CCCC[C@H]2CN2CCC[C@@H](Cc3ccc(F)cc3)C2)c1,5.0,Inhibition of C-X-C chemokine receptor type 1,CXCR1,CHEMBL828097,CHEMBL1143552
CHEMBL195433,CC(=O)c1sc(NC(=O)N[C@@H]2CCCC[C@H]2CN2CCC[C@@H](Cc3ccc(F)cc3)C2)nc1C,5.0,Inhibition of C-X-C chemokine receptor type 1,CXCR1,CHEMBL828097,CHEMBL1143552
CHEMBL218964,CCC(CC)Nc1c(Nc2cccc(C(=O)N(C)C)c2O)c(=O)c1=O,6.04,Displacement of [125I]hCXCL8 from human CXCR1 receptor expressed in BaF3 cells,CXCR1,CHEMBL912816,CHEMBL1138214
CHEMBL376414,Cc1ccc([C@H](Nc2c(Nc3cccc(C(=O)N(C)C)c3O)c(=O)c2=O)C(C)(C)C)o1,7.96,Displacement of [125I]hCXCL8 from human CXCR1 receptor expressed in BaF3 cells,CXCR1,CHEMBL912816,CHEMBL1138214
CHEMBL384889,Cc1ccc([C@H](Nc2c(Nc3cccc(C(=O)N(C)C)c3O)c(=O)c2=O)C(C)C)o1,7.47,Displacement of [125I]hCXCL8 from human CXCR1 receptor expressed in BaF3 cells,CXCR1,CHEMBL912816,CHEMBL1138214
CHEMBL216603,Cc1ccc([C@H](Nc2c(Nc3cccc(C(=O)N(C)C)c3O)c(=O)c2=O)C2CC2)o1,7.26,Displacement of [125I]hCXCL8 from human CXCR1 receptor expressed in BaF3 cells,CXCR1,CHEMBL912816,CHEMBL1138214
CHEMBL216602,Cc1ccc([C@@H](C)Nc2c(Nc3cccc(C(=O)N(C)C)c3O)c(=O)c2=O)o1,6.11,Displacement of [125I]hCXCL8 from human CXCR1 receptor expressed in BaF3 cells,CXCR1,CHEMBL912816,CHEMBL1138214
CHEMBL216981,CC[C@@H](Nc1c(Nc2cccc(C(=O)N(C)C)c2O)c(=O)c1=O)c1ccc(C)o1,7.44,Displacement of [125I]hCXCL8 from human CXCR1 receptor expressed in BaF3 cells,CXCR1,CHEMBL912816,CHEMBL1138214
CHEMBL415446,CC[C@@H](Nc1c(Nc2cccc(C(=O)N(C)C)c2O)c(=O)c1=O)c1ccc(C)s1,6.63,Displacement of [125I]hCXCL8 from human CXCR1 receptor expressed in BaF3 cells,CXCR1,CHEMBL912816,CHEMBL1138214
CHEMBL218115,CC[C@@H](Nc1c(Nc2cccc(C(=O)N(C)C)c2O)c(=O)c1=O)c1ccco1,7.58,Displacement of [125I]hCXCL8 from human CXCR1 receptor expressed in BaF3 cells,CXCR1,CHEMBL912816,CHEMBL1138214
CHEMBL385715,CC[C@@H](Nc1c(Nc2cccc(C(=O)N(C)C)c2O)c(=O)c1=O)c1cccs1,7.09,Displacement of [125I]hCXCL8 from human CXCR1 receptor expressed in BaF3 cells,CXCR1,CHEMBL912816,CHEMBL1138214
CHEMBL220182,CC[C@@H](Nc1c(Nc2cccc(C(=O)N(C)C)c2O)c(=O)c1=O)c1ccc2c(c1)OCO2,6.84,Displacement of [125I]hCXCL8 from human CXCR1 receptor expressed in BaF3 cells,CXCR1,CHEMBL912816,CHEMBL1138214
CHEMBL401512,CC[C@@H](Nc1c(Nc2cccc(C(=O)N(C)C)c2O)c(=O)c1=O)c1cccc(F)c1,6.71,Displacement of [125I]hCXCL8 from human CXCR1 receptor expressed in BaF3 cells,CXCR1,CHEMBL912816,CHEMBL1138214
CHEMBL254370,CC[C@@H](Nc1c(Nc2cccc(C(=O)N(C)C)c2O)c(=O)c1=O)c1ccccc1,6.59,Displacement of [125I]hCXCL8 from human CXCR1 receptor expressed in BaF3 cells,CXCR1,CHEMBL912816,CHEMBL1138214
CHEMBL1162935,C[C@@H](Nc1c(Nc2cccc(C(=O)N(C)C)c2O)c(=O)c1=O)c1ccccc1,5.51,Displacement of [125I]hCXCL8 from human CXCR1 receptor expressed in BaF3 cells,CXCR1,CHEMBL912816,CHEMBL1138214
CHEMBL220860,Cc1ccccc1N/C(=N\C#N)Nc1ccc(Cl)c(S(=O)(=O)N(C)C)c1O,6.42,Displacement of [125I]IL8 from CXCR1 expressed in CHO cells,CXCR1,CHEMBL908414,CHEMBL1139694
CHEMBL218744,CCC(CC)(NS(=O)(=O)c1cccc(N/C(=N/C#N)Nc2ccccc2Br)c1O)N1CCOCC1,6.24,Displacement of [125I]IL8 from CXCR1 expressed in CHO cells,CXCR1,CHEMBL908414,CHEMBL1139694
CHEMBL218665,CN(C)S(=O)(=O)c1c(C(F)(F)F)ccc(N/C(=N/C#N)Nc2ccccc2Br)c1O,7.0,Displacement of [125I]IL8 from CXCR1 expressed in CHO cells,CXCR1,CHEMBL908414,CHEMBL1139694
CHEMBL375393,CN(C)S(=O)(=O)c1c(F)ccc(N/C(=N/C#N)Nc2ccccc2Br)c1O,6.72,Displacement of [125I]IL8 from CXCR1 expressed in CHO cells,CXCR1,CHEMBL908414,CHEMBL1139694
CHEMBL221481,CCC(CC)(NS(=O)(=O)c1c(C)ccc(N/C(=N/C#N)Nc2ccccc2Br)c1O)N1CCOCC1,6.98,Displacement of [125I]IL8 from CXCR1 expressed in CHO cells,CXCR1,CHEMBL908414,CHEMBL1139694
CHEMBL376540,Cc1ccc(N/C(=N/C#N)Nc2ccccc2Br)c(O)c1S(=O)(=O)N(C)C,6.73,Displacement of [125I]IL8 from CXCR1 expressed in CHO cells,CXCR1,CHEMBL908414,CHEMBL1139694
CHEMBL373522,CCC(CC)(NS(=O)(=O)c1c(Cl)ccc(N/C(=N/C#N)Nc2ccccc2C)c1O)N1C[C@@H](C)O[C@@H](C)C1,5.97,Displacement of [125I]IL8 from CXCR1 expressed in CHO cells,CXCR1,CHEMBL908414,CHEMBL1139694
CHEMBL218486,CCC(CC)(NS(=O)(=O)c1c(Cl)ccc(N/C(=N/C#N)Nc2ccccc2Br)c1O)N1C[C@@H](C)O[C@@H](C)C1,6.67,Displacement of [125I]IL8 from CXCR1 expressed in CHO cells,CXCR1,CHEMBL908414,CHEMBL1139694
CHEMBL386072,CCC(CC)(NS(=O)(=O)c1c(Cl)ccc(N/C(=N/C#N)Nc2ccccc2Br)c1O)N1CCC(N)CC1,6.73,Displacement of [125I]IL8 from CXCR1 expressed in CHO cells,CXCR1,CHEMBL908414,CHEMBL1139694
CHEMBL387136,CCC(CC)(NS(=O)(=O)c1c(Cl)ccc(N/C(=N/C#N)Nc2ccccc2Br)c1O)N1CCC[C@@H]1C(=O)O,7.66,Displacement of [125I]IL8 from CXCR1 expressed in CHO cells,CXCR1,CHEMBL908414,CHEMBL1139694
CHEMBL221039,CN(C)S(=O)(=O)c1c(Cl)ccc(N/C(=N/C#N)Nc2cccc(Cl)c2F)c1O,5.21,Displacement of [125I]IL8 from CXCR1 expressed in CHO cells,CXCR1,CHEMBL908414,CHEMBL1139694
CHEMBL222075,CN(C)S(=O)(=O)c1c(Cl)ccc(N/C(=N/C#N)Nc2ccccc2C(F)(F)F)c1O,6.39,Displacement of [125I]IL8 from CXCR1 expressed in CHO cells,CXCR1,CHEMBL908414,CHEMBL1139694
CHEMBL218334,CC(C)c1ccccc1N/C(=N\C#N)Nc1ccc(Cl)c(S(=O)(=O)N(C)C)c1O,5.14,Displacement of [125I]IL8 from CXCR1 expressed in CHO cells,CXCR1,CHEMBL908414,CHEMBL1139694
CHEMBL386505,CCc1ccccc1N/C(=N\C#N)Nc1ccc(Cl)c(S(=O)(=O)N(C)C)c1O,6.29,Displacement of [125I]IL8 from CXCR1 expressed in CHO cells,CXCR1,CHEMBL908414,CHEMBL1139694
CHEMBL425985,CN(C)S(=O)(=O)c1c(Cl)ccc(N/C(=N/C#N)Nc2ccccc2-c2ccccc2)c1O,6.12,Displacement of [125I]IL8 from CXCR1 expressed in CHO cells,CXCR1,CHEMBL908414,CHEMBL1139694
CHEMBL376621,CN(C)S(=O)(=O)c1c(Cl)ccc(N/C(=N/C#N)Nc2ccccc2OCc2ccccc2)c1O,6.53,Displacement of [125I]IL8 from CXCR1 expressed in CHO cells,CXCR1,CHEMBL908414,CHEMBL1139694
CHEMBL218387,CN(C)S(=O)(=O)c1c(Cl)ccc(N/C(=N/C#N)Nc2ccccc2Br)c1O,7.26,Displacement of [125I]IL8 from CXCR1 expressed in CHO cells,CXCR1,CHEMBL908414,CHEMBL1139694
CHEMBL220797,CN(C)S(=O)(=O)c1c(Cl)ccc(N/C(=N/C#N)Nc2ccccc2F)c1O,5.81,Displacement of [125I]IL8 from CXCR1 expressed in CHO cells,CXCR1,CHEMBL908414,CHEMBL1139694
CHEMBL393253,O=S1(=O)N=C(Nc2cccc(F)c2Cl)Nc2c(O)cc(Cl)cc21,4.89,Displacement of human recombinant [125I]IL8 from CXCR1 receptor expressed in CHO cells,CXCR1,CHEMBL896518,CHEMBL1149534
CHEMBL231924,O=[N+]([O-])c1cc(O)c2c(c1)S(=O)(=O)N=C(Nc1ccccc1Cl)N2,4.92,Displacement of human recombinant [125I]IL8 from CXCR1 receptor expressed in CHO cells,CXCR1,CHEMBL896518,CHEMBL1149534
CHEMBL399203,O=[N+]([O-])c1cc(O)c2c(c1)S(=O)(=O)N=C(Nc1ccccc1Oc1ccccc1)N2,5.12,Displacement of human recombinant [125I]IL8 from CXCR1 receptor expressed in CHO cells,CXCR1,CHEMBL896518,CHEMBL1149534
CHEMBL443583,O=[N+]([O-])c1cc(O)c2c(c1)S(=O)(=O)N=C(Nc1ccccc1Br)N2,5.5,Displacement of human recombinant [125I]IL8 from CXCR1 receptor expressed in CHO cells,CXCR1,CHEMBL896518,CHEMBL1149534
CHEMBL233346,O=S1(=O)N=C(Nc2ccccc2Oc2ccccc2)Nc2c(O)cc(Cl)cc21,4.7,Displacement of human recombinant [125I]IL8 from CXCR1 receptor expressed in CHO cells,CXCR1,CHEMBL896518,CHEMBL1149534
CHEMBL393047,O=S1(=O)N=C(Nc2ccccc2Br)Nc2c(O)cc(Cl)cc21,4.89,Displacement of human recombinant [125I]IL8 from CXCR1 receptor expressed in CHO cells,CXCR1,CHEMBL896518,CHEMBL1149534
CHEMBL234186,O=S1(=O)N=C(Nc2ccccc2Cl)Nc2c(O)cc(Cl)cc21,4.62,Displacement of human recombinant [125I]IL8 from CXCR1 receptor expressed in CHO cells,CXCR1,CHEMBL896518,CHEMBL1149534
CHEMBL246108,CC[C@@H](Nc1c(Nc2cccc(C(=O)N(C)C)c2O)c(=O)c1=O)c1cc(C(C)C)co1,8.14,Displacement of [125I]IL8 from human CXCR1 expressed in CHO cells by SPA,CXCR1,CHEMBL886376,CHEMBL1139955
CHEMBL251811,CCC(Nc1c(Nc2cccc(C(=O)N(C)C)c2O)c(=O)c1=O)c1cc2ccccc2o1,6.38,Inhibition of CXCR1,CXCR1,CHEMBL927215,CHEMBL1141493
CHEMBL252851,CCC(Nc1c(Nc2cccc(C(=O)N(C)C)c2O)c(=O)c1=O)c1ccco1,7.17,Inhibition of CXCR1,CXCR1,CHEMBL927215,CHEMBL1141493
CHEMBL253707,CCC(Nc1c(Nc2cccc(C(=O)N(C)C)c2O)c(=O)c1=O)c1occc1Br,5.99,Inhibition of CXCR1,CXCR1,CHEMBL927215,CHEMBL1141493
CHEMBL253706,CCC(Nc1c(Nc2cccc(C(=O)N(C)C)c2O)c(=O)c1=O)c1cc(-c2c(C)noc2C)co1,6.46,Inhibition of CXCR1,CXCR1,CHEMBL927215,CHEMBL1141493
CHEMBL253705,CCC(Nc1c(Nc2cccc(C(=O)N(C)C)c2O)c(=O)c1=O)c1cc(-c2ccsc2)co1,6.66,Inhibition of CXCR1,CXCR1,CHEMBL927215,CHEMBL1141493
CHEMBL401938,CCC(Nc1c(Nc2cccc(C(=O)N(C)C)c2O)c(=O)c1=O)c1cc(-c2ccncc2)co1,6.28,Inhibition of CXCR1,CXCR1,CHEMBL927215,CHEMBL1141493
CHEMBL253499,CCC(Nc1c(Nc2cccc(C(=O)N(C)C)c2O)c(=O)c1=O)c1cc(-c2ccccc2)co1,6.82,Inhibition of CXCR1,CXCR1,CHEMBL927215,CHEMBL1141493
CHEMBL253498,CCC(Nc1c(Nc2cccc(C(=O)N(C)C)c2O)c(=O)c1=O)c1cc(Br)co1,7.03,Inhibition of CXCR1,CXCR1,CHEMBL927215,CHEMBL1141493
CHEMBL253497,CCC(Nc1c(Nc2cccc(C(=O)N(C)C)c2O)c(=O)c1=O)c1cc(Cl)co1,7.0,Inhibition of CXCR1,CXCR1,CHEMBL927215,CHEMBL1141493
CHEMBL251890,CCC(Nc1c(Nc2cccc(C(=O)N(C)C)c2O)c(=O)c1=O)c1ccc(-c2cccc(C(F)(F)F)c2)o1,5.46,Inhibition of CXCR1,CXCR1,CHEMBL927215,CHEMBL1141493
CHEMBL254516,CCC(Nc1c(Nc2cccc(C(=O)N(C)C)c2O)c(=O)c1=O)c1ccc(-c2cccc(Cl)c2)o1,5.47,Inhibition of CXCR1,CXCR1,CHEMBL927215,CHEMBL1141493
CHEMBL402952,CCC(Nc1c(Nc2cccc(C(=O)N(C)C)c2O)c(=O)c1=O)c1ccc(-c2ccccc2Cl)o1,5.31,Inhibition of CXCR1,CXCR1,CHEMBL927215,CHEMBL1141493
CHEMBL427888,CCC(Nc1c(Nc2cccc(C(=O)N(C)C)c2O)c(=O)c1=O)c1ccc(CO)o1,6.74,Inhibition of CXCR1,CXCR1,CHEMBL927215,CHEMBL1141493
CHEMBL253052,CCC(Nc1c(Nc2cccc(C(=O)N(C)C)c2O)c(=O)c1=O)c1ccc(C(F)F)o1,6.25,Inhibition of CXCR1,CXCR1,CHEMBL927215,CHEMBL1141493
CHEMBL404250,CCC(Nc1c(Nc2cccc(C(=O)N(C)C)c2O)c(=O)c1=O)c1ccc(C(F)(F)F)o1,5.22,Inhibition of CXCR1,CXCR1,CHEMBL927215,CHEMBL1141493
CHEMBL253051,CCC(Nc1c(Nc2cccc(C(=O)N(C)C)c2O)c(=O)c1=O)c1ccc(Cl)o1,6.56,Inhibition of CXCR1,CXCR1,CHEMBL927215,CHEMBL1141493
CHEMBL253050,CCC(Nc1c(Nc2cccc(C(=O)N(C)C)c2O)c(=O)c1=O)c1ccc(Br)o1,6.33,Inhibition of CXCR1,CXCR1,CHEMBL927215,CHEMBL1141493
CHEMBL252852,CCc1ccc(C(CC)Nc2c(Nc3cccc(C(=O)N(C)C)c3O)c(=O)c2=O)o1,6.07,Inhibition of CXCR1,CXCR1,CHEMBL927215,CHEMBL1141493
CHEMBL404249,CCC(Nc1c(Nc2cccc(C(=O)N(C)C)c2O)c(=O)c1=O)c1ccc(C)o1,7.0,Inhibition of CXCR1,CXCR1,CHEMBL927215,CHEMBL1141493
CHEMBL253506,CCC(Nc1c(Nc2cccc(C(=O)N(C)C)c2O)c(=O)c1=O)c1ccncc1,5.54,Inhibition of CXCR1,CXCR1,CHEMBL927215,CHEMBL1141493
CHEMBL253504,CCC(Nc1c(Nc2cccc(C(=O)N(C)C)c2O)c(=O)c1=O)c1sccc1Cl,5.86,Inhibition of CXCR1,CXCR1,CHEMBL927215,CHEMBL1141493
CHEMBL404060,CCC(Nc1c(Nc2cccc(C(=O)N(C)C)c2O)c(=O)c1=O)c1ccc(Cl)s1,5.96,Inhibition of CXCR1,CXCR1,CHEMBL927215,CHEMBL1141493
CHEMBL404059,CCC(Nc1c(Nc2cccc(C(=O)N(C)C)c2O)c(=O)c1=O)c1cccs1,6.75,Inhibition of CXCR1,CXCR1,CHEMBL927215,CHEMBL1141493
CHEMBL252898,CCC(Nc1c(Nc2cccc(C(=O)N(C)C)c2O)c(=O)c1=O)c1ccsc1,6.78,Inhibition of CXCR1,CXCR1,CHEMBL927215,CHEMBL1141493
CHEMBL252897,CCC(Nc1c(Nc2cccc(C(=O)N(C)C)c2O)c(=O)c1=O)c1ccoc1,6.09,Inhibition of CXCR1,CXCR1,CHEMBL927215,CHEMBL1141493
CHEMBL252896,CCC(Nc1c(Nc2cccc(C(=O)N(C)C)c2O)c(=O)c1=O)c1nc(C)no1,6.54,Inhibition of CXCR1,CXCR1,CHEMBL927215,CHEMBL1141493
CHEMBL401894,CCC(Nc1c(Nc2cccc(C(=O)N(C)C)c2O)c(=O)c1=O)c1cc(C)on1,6.65,Inhibition of CXCR1,CXCR1,CHEMBL927215,CHEMBL1141493
CHEMBL252698,CCC(Nc1c(Nc2cccc(C(=O)N(C)C)c2O)c(=O)c1=O)c1ccno1,6.52,Inhibition of CXCR1,CXCR1,CHEMBL927215,CHEMBL1141493
CHEMBL401893,CCC(Nc1c(Nc2cccc(C(=O)N(C)C)c2O)c(=O)c1=O)c1nccs1,6.15,Inhibition of CXCR1,CXCR1,CHEMBL927215,CHEMBL1141493
CHEMBL252697,CCC(Nc1c(Nc2cccc(C(=O)N(C)C)c2O)c(=O)c1=O)c1cocn1,6.09,Inhibition of CXCR1,CXCR1,CHEMBL927215,CHEMBL1141493
CHEMBL430116,CCC(Nc1c(Nc2cccc(C(=O)N(C)C)c2O)c(=O)c1=O)c1ncco1,6.1,Inhibition of CXCR1,CXCR1,CHEMBL927215,CHEMBL1141493
CHEMBL269707,CC[C@@H](Nc1c(Nc2cccc(C(=O)N(C)C)c2O)c(=O)c1=O)c1ccccn1,6.83,Inhibition of CXCR1,CXCR1,CHEMBL927215,CHEMBL1141493
CHEMBL401940,CC[C@@H](Nc1c(Nc2cccc(C(=O)N(C)C)c2O)c(=O)c1=O)c1ccsc1,6.98,Inhibition of CXCR1,CXCR1,CHEMBL927215,CHEMBL1141493
CHEMBL253927,CC[C@@H](Nc1c(Nc2cccc(C(=O)N(C)C)c2O)c(=O)c1=O)c1cc(C)on1,6.77,Inhibition of CXCR1,CXCR1,CHEMBL927215,CHEMBL1141493
CHEMBL401939,CC[C@@H](Nc1c(Nc2cccc(C(=O)N(C)C)c2O)c(=O)c1=O)c1cc(Br)co1,7.26,Inhibition of CXCR1,CXCR1,CHEMBL927215,CHEMBL1141493
CHEMBL253714,CC[C@@H](Nc1c(Nc2cccc(C(=O)N(C)C)c2O)c(=O)c1=O)c1cc(Cl)co1,7.21,Inhibition of CXCR1,CXCR1,CHEMBL927215,CHEMBL1141493
CHEMBL404490,CC[C@@H](Nc1c(Nc2cccc(C(=O)N(C)C)c2O)c(=O)c1=O)c1ccc(Cl)o1,6.61,Inhibition of CXCR1,CXCR1,CHEMBL927215,CHEMBL1141493
CHEMBL401939,CC[C@@H](Nc1c(Nc2cccc(C(=O)N(C)C)c2O)c(=O)c1=O)c1cc(Br)co1,6.04,Inhibition of CXCR1-mediated chemotaxis in Ba/F3 cells expressing human CXCR1,CXCR1,CHEMBL927218,CHEMBL1141493
CHEMBL501985,CC(=O)O[C@H]1C2=C([C@H](O)C[C@]3(C)[C@@H]([C@H](C)CCCC(C)C)CC[C@@H]23)[C@@]2(C)CC[C@H](O)C[C@]2(O)[C@H]1OC(C)=O,4.7,Displacement of [125I]IL8 from human recombinant IL8 type A receptor,CXCR1,CHEMBL974176,CHEMBL1142615
CHEMBL496452,CC(=O)O[C@H]1C=C2[C@@H]3CC[C@H]([C@H](C)CCCC(C)C)[C@@]3(C)C[C@H]3O[C@@]23[C@@]2(C)CC[C@H](O)C[C@]12O,5.35,Displacement of [125I]IL8 from human recombinant IL8 type A receptor,CXCR1,CHEMBL974176,CHEMBL1142615
CHEMBL451438,CC(=O)O[C@H]1CC[C@]2(C)C3=C([C@H](OC(C)=O)[C@H](OC(C)=O)[C@@]2(O)C1)[C@@H]1CC[C@H]([C@H](C)CCCC(C)C)[C@@]1(C)C[C@H]3O,5.26,Displacement of [125I]IL8 from human recombinant IL8 type A receptor,CXCR1,CHEMBL974176,CHEMBL1142615
CHEMBL510437,Cc1ccc([C@H](Nc2nsnc2Nc2cccc(C(=O)N(C)C)c2O)C(C)C)o1,5.41,Displacement of [125I]CXCL8 from CXCR1 receptor in human PMN assessed as myeloperoxidase release,CXCR1,CHEMBL963310,CHEMBL1153271
CHEMBL455431,Cc1ccc([C@H](Nc2nsnc2Nc2cccc(C(=O)N(C)C)c2O)C(C)(C)C)o1,6.84,Displacement of [125I]CXCL8 from CXCR1 receptor in human PMN assessed as myeloperoxidase release,CXCR1,CHEMBL963310,CHEMBL1153271
CHEMBL139,O=C(O)Cc1ccccc1Nc1c(Cl)cccc1Cl,7.92,Inhibition of wild type CXCR1 transfected in mouse L1.2 cells assessed as inhibition of CXCL8-induced cell migration pretreated for 15 mins measured after 4 hrs,CXCR1,CHEMBL1055471,CHEMBL1152404
CHEMBL216981,CC[C@@H](Nc1c(Nc2cccc(C(=O)N(C)C)c2O)c(=O)c1=O)c1ccc(C)o1,8.41,Binding affinity to CXCR1,CXCR1,CHEMBL2184854,CHEMBL2176887
CHEMBL191413,CC(C)Cc1ccc([C@@H](C)C(=O)NS(C)(=O)=O)cc1,9.0,Binding affinity to CXCR1,CXCR1,CHEMBL2184854,CHEMBL2176887
CHEMBL239767,O=C(Nc1ccc([N+](=O)[O-])cc1O)Nc1ccccc1Br,7.66,Antagonist activity at CXCR1 assessed as inhibition of CXCL8 binding by cell based assay,CXCR1,CHEMBL2184855,CHEMBL2176887
CHEMBL64391,CCC(C)n1ncn(-c2ccc(N3CCN(c4ccc(OCC5COC(Cn6cncn6)(c6ccc(Cl)cc6Cl)O5)cc4)CC3)cc2)c1=O,4.68,Inhibition of CX3CL1-stimulated CX3CR1 in human HTLA cells pre-incubated for 20 mins with Tween-80-treated compound solution measured on day 4 by beta arrestin-recruitment mediated luciferase reporter gene assay,CXCR1,CHEMBL2329909,CHEMBL2321773
CHEMBL64391,CCC(C)n1ncn(-c2ccc(N3CCN(c4ccc(OCC5COC(Cn6cncn6)(c6ccc(Cl)cc6Cl)O5)cc4)CC3)cc2)c1=O,4.7,Inhibition of CX3CL1-stimulated CX3CR1 in human HTLA cells pre-incubated for 20 mins with Tween-80-treated compound solution measured on day 4 by beta arrestin-recruitment mediated luciferase reporter gene assay,CXCR1,CHEMBL2329909,CHEMBL2321773
CHEMBL104,Clc1ccccc1C(c1ccccc1)(c1ccccc1)n1ccnc1,5.1,Inhibition of CX3CL1-stimulated CX3CR1 in human HTLA cells pre-incubated for 20 mins with Tween-80-treated compound solution measured on day 4 by beta arrestin-recruitment mediated luciferase reporter gene assay,CXCR1,CHEMBL2329909,CHEMBL2321773
CHEMBL104,Clc1ccccc1C(c1ccccc1)(c1ccccc1)n1ccnc1,5.1,Inhibition of CX3CL1-stimulated CX3CR1 in human HTLA cells pre-incubated for 20 mins with Tween-80-treated compound solution measured on day 4 by beta arrestin-recruitment mediated luciferase reporter gene assay,CXCR1,CHEMBL2329909,CHEMBL2321773
CHEMBL64391,CCC(C)n1ncn(-c2ccc(N3CCN(c4ccc(OCC5COC(Cn6cncn6)(c6ccc(Cl)cc6Cl)O5)cc4)CC3)cc2)c1=O,5.3,Inhibition of CX3CL1-stimulated CX3CR1 in human HTLA cells pre-incubated for 20 mins with centrifuged compound solution measured on day 4 by beta arrestin-recruitment mediated luciferase reporter gene assay,CXCR1,CHEMBL2329943,CHEMBL2321773
CHEMBL64391,CCC(C)n1ncn(-c2ccc(N3CCN(c4ccc(OCC5COC(Cn6cncn6)(c6ccc(Cl)cc6Cl)O5)cc4)CC3)cc2)c1=O,5.3,Inhibition of CX3CL1-stimulated CX3CR1 in human HTLA cells pre-incubated for 20 mins with centrifuged compound solution measured on day 4 by beta arrestin-recruitment mediated luciferase reporter gene assay,CXCR1,CHEMBL2329943,CHEMBL2321773
CHEMBL104,Clc1ccccc1C(c1ccccc1)(c1ccccc1)n1ccnc1,4.97,Inhibition of CX3CL1-stimulated CX3CR1 in human HTLA cells pre-incubated for 20 mins with centrifuged compound solution measured on day 4 by beta arrestin-recruitment mediated luciferase reporter gene assay,CXCR1,CHEMBL2329943,CHEMBL2321773
CHEMBL104,Clc1ccccc1C(c1ccccc1)(c1ccccc1)n1ccnc1,5.0,Inhibition of CX3CL1-stimulated CX3CR1 in human HTLA cells pre-incubated for 20 mins with centrifuged compound solution measured on day 4 by beta arrestin-recruitment mediated luciferase reporter gene assay,CXCR1,CHEMBL2329943,CHEMBL2321773
CHEMBL2324200,O=C1OC(c2cc(I)c(O)c(I)c2)(c2c(I)cc(O)cc2I)c2ccccc21,5.66,Inhibition of CX3CL1-stimulated CX3CR1 in human HTLA cells pre-incubated for 20 mins measured on day 4 by beta arrestin-recruitment mediated luciferase reporter gene assay,CXCR1,CHEMBL2329944,CHEMBL2321773
CHEMBL2324200,O=C1OC(c2cc(I)c(O)c(I)c2)(c2c(I)cc(O)cc2I)c2ccccc21,5.7,Inhibition of CX3CL1-stimulated CX3CR1 in human HTLA cells pre-incubated for 20 mins measured on day 4 by beta arrestin-recruitment mediated luciferase reporter gene assay,CXCR1,CHEMBL2329944,CHEMBL2321773
CHEMBL50,O=c1c(O)c(-c2ccc(O)c(O)c2)oc2cc(O)cc(O)c12,5.35,Inhibition of CX3CL1-stimulated CX3CR1 in human HTLA cells pre-incubated for 20 mins measured on day 4 by beta arrestin-recruitment mediated luciferase reporter gene assay,CXCR1,CHEMBL2329944,CHEMBL2321773
CHEMBL50,O=c1c(O)c(-c2ccc(O)c(O)c2)oc2cc(O)cc(O)c12,5.3,Inhibition of CX3CL1-stimulated CX3CR1 in human HTLA cells pre-incubated for 20 mins measured on day 4 by beta arrestin-recruitment mediated luciferase reporter gene assay,CXCR1,CHEMBL2329944,CHEMBL2321773
CHEMBL64391,CCC(C)n1ncn(-c2ccc(N3CCN(c4ccc(OCC5COC(Cn6cncn6)(c6ccc(Cl)cc6Cl)O5)cc4)CC3)cc2)c1=O,7.0,Inhibition of CX3CL1-stimulated CX3CR1 in human HTLA cells pre-incubated for 20 mins measured on day 4 by beta arrestin-recruitment mediated luciferase reporter gene assay,CXCR1,CHEMBL2329944,CHEMBL2321773
CHEMBL64391,CCC(C)n1ncn(-c2ccc(N3CCN(c4ccc(OCC5COC(Cn6cncn6)(c6ccc(Cl)cc6Cl)O5)cc4)CC3)cc2)c1=O,6.8,Inhibition of CX3CL1-stimulated CX3CR1 in human HTLA cells pre-incubated for 20 mins measured on day 4 by beta arrestin-recruitment mediated luciferase reporter gene assay,CXCR1,CHEMBL2329944,CHEMBL2321773
CHEMBL104,Clc1ccccc1C(c1ccccc1)(c1ccccc1)n1ccnc1,5.7,Inhibition of CX3CL1-stimulated CX3CR1 in human HTLA cells pre-incubated for 20 mins measured on day 4 by beta arrestin-recruitment mediated luciferase reporter gene assay,CXCR1,CHEMBL2329944,CHEMBL2321773
CHEMBL104,Clc1ccccc1C(c1ccccc1)(c1ccccc1)n1ccnc1,5.7,Inhibition of CX3CL1-stimulated CX3CR1 in human HTLA cells pre-incubated for 20 mins measured on day 4 by beta arrestin-recruitment mediated luciferase reporter gene assay,CXCR1,CHEMBL2329944,CHEMBL2321773
CHEMBL3342269,O=C(Nc1ccc(F)cc1)c1ccc(SCc2ccccc2B(O)O)nc1,6.06,Antagonist activity at human CXCR1 expressed in HEK293 cells assessed as inhibition of CXCL8-induced intracellular Ca2+ release by fluorescence based calcium flux assay,CXCR1,CHEMBL3387792,CHEMBL3352272
CHEMBL3426944,O=C(Nc1ccc(F)cc1)c1ccc(SCc2cc(OC(F)(F)F)ccc2B(O)O)nc1,7.51,Inhibition of CXCR1 (unknown origin) transfected with RBL cells,CXCR1,CHEMBL3427961,CHEMBL3425456
CHEMBL3342269,O=C(Nc1ccc(F)cc1)c1ccc(SCc2ccccc2B(O)O)nc1,6.04,Inhibition of CXCR1 (unknown origin) transfected with RBL cells,CXCR1,CHEMBL3427961,CHEMBL3425456
CHEMBL3426944,O=C(Nc1ccc(F)cc1)c1ccc(SCc2cc(OC(F)(F)F)ccc2B(O)O)nc1,7.51,Antagonist activity at CXCR1 (unknown origin) transfected in RBL cells assessed as inhibition of IL-8-mediated intracellular calcium release preincubated for 30 mins followed by IL-8 addition by FLUO-4AM-based fluorescent microplate reader analysis,CXCR1,CHEMBL3610855,CHEMBL3608245
CHEMBL3609021,O=C(Nc1ccc(F)cc1)c1cnc(N(Cc2ccc(B(O)O)cn2)Cc2ccco2)nc1,6.35,Antagonist activity at CXCR1 (unknown origin) transfected in RBL cells assessed as inhibition of IL-8-mediated intracellular calcium release preincubated for 30 mins followed by IL-8 addition by FLUO-4AM-based fluorescent microplate reader analysis,CXCR1,CHEMBL3610855,CHEMBL3608245
CHEMBL3609019,O=C(Nc1ccc(F)cc1)c1cnc(N(Cc2ccccn2)Cc2ccc(B(O)O)cn2)nc1,5.69,Antagonist activity at CXCR1 (unknown origin) transfected in RBL cells assessed as inhibition of IL-8-mediated intracellular calcium release preincubated for 30 mins followed by IL-8 addition by FLUO-4AM-based fluorescent microplate reader analysis,CXCR1,CHEMBL3610855,CHEMBL3608245
CHEMBL3609018,O=C(Nc1ccc(F)cc1)c1cnc(N(Cc2ccccc2)Cc2ccc(B(O)O)cn2)nc1,8.15,Antagonist activity at CXCR1 (unknown origin) transfected in RBL cells assessed as inhibition of IL-8-mediated intracellular calcium release preincubated for 30 mins followed by IL-8 addition by FLUO-4AM-based fluorescent microplate reader analysis,CXCR1,CHEMBL3610855,CHEMBL3608245
CHEMBL3609016,O=C(Nc1ccc(F)cc1)c1ccc(N(Cc2ccc(B(O)O)cn2)Cc2ccco2)nc1,8.48,Antagonist activity at CXCR1 (unknown origin) transfected in RBL cells assessed as inhibition of IL-8-mediated intracellular calcium release preincubated for 30 mins followed by IL-8 addition by FLUO-4AM-based fluorescent microplate reader analysis,CXCR1,CHEMBL3610855,CHEMBL3608245
CHEMBL3609013,O=C(Nc1ccc(F)cc1)c1ccc(N(Cc2ccccc2)Cc2ccc(B(O)O)cn2)nc1,6.49,Antagonist activity at CXCR1 (unknown origin) transfected in RBL cells assessed as inhibition of IL-8-mediated intracellular calcium release preincubated for 30 mins followed by IL-8 addition by FLUO-4AM-based fluorescent microplate reader analysis,CXCR1,CHEMBL3610855,CHEMBL3608245
CHEMBL3609012,CN(Cc1ccc(B(O)O)cn1)c1ncc(C(=O)Nc2ccc(F)cc2)cn1,5.77,Antagonist activity at CXCR1 (unknown origin) transfected in RBL cells assessed as inhibition of IL-8-mediated intracellular calcium release preincubated for 30 mins followed by IL-8 addition by FLUO-4AM-based fluorescent microplate reader analysis,CXCR1,CHEMBL3610855,CHEMBL3608245
CHEMBL3609011,CN(Cc1ccc(B(O)O)cc1)c1ncc(C(=O)Nc2ccc(F)cc2)cn1,6.17,Antagonist activity at CXCR1 (unknown origin) transfected in RBL cells assessed as inhibition of IL-8-mediated intracellular calcium release preincubated for 30 mins followed by IL-8 addition by FLUO-4AM-based fluorescent microplate reader analysis,CXCR1,CHEMBL3610855,CHEMBL3608245
CHEMBL3609010,O=C(Nc1ccc(F)cc1)c1cnc(NCc2ccc(B(O)O)cc2)nc1,5.77,Antagonist activity at CXCR1 (unknown origin) transfected in RBL cells assessed as inhibition of IL-8-mediated intracellular calcium release preincubated for 30 mins followed by IL-8 addition by FLUO-4AM-based fluorescent microplate reader analysis,CXCR1,CHEMBL3610855,CHEMBL3608245
CHEMBL3609009,CN(Cc1cccc(B(O)O)c1)c1ncc(C(=O)Nc2ccc(F)cc2)cn1,5.6,Antagonist activity at CXCR1 (unknown origin) transfected in RBL cells assessed as inhibition of IL-8-mediated intracellular calcium release preincubated for 30 mins followed by IL-8 addition by FLUO-4AM-based fluorescent microplate reader analysis,CXCR1,CHEMBL3610855,CHEMBL3608245
CHEMBL3609008,O=C(Nc1ccc(F)cc1)c1cnc(NCc2cccc(B(O)O)c2)nc1,5.87,Antagonist activity at CXCR1 (unknown origin) transfected in RBL cells assessed as inhibition of IL-8-mediated intracellular calcium release preincubated for 30 mins followed by IL-8 addition by FLUO-4AM-based fluorescent microplate reader analysis,CXCR1,CHEMBL3610855,CHEMBL3608245
CHEMBL3609006,CN(Cc1ccc(B(O)O)cn1)c1ccc(C(=O)Nc2ccc(F)cc2)cn1,5.77,Antagonist activity at CXCR1 (unknown origin) transfected in RBL cells assessed as inhibition of IL-8-mediated intracellular calcium release preincubated for 30 mins followed by IL-8 addition by FLUO-4AM-based fluorescent microplate reader analysis,CXCR1,CHEMBL3610855,CHEMBL3608245
CHEMBL3609005,CN(Cc1ccc(B(O)O)cc1)c1ccc(C(=O)Nc2ccc(F)cc2)cn1,5.85,Antagonist activity at CXCR1 (unknown origin) transfected in RBL cells assessed as inhibition of IL-8-mediated intracellular calcium release preincubated for 30 mins followed by IL-8 addition by FLUO-4AM-based fluorescent microplate reader analysis,CXCR1,CHEMBL3610855,CHEMBL3608245
CHEMBL3609004,O=C(Nc1ccc(F)cc1)c1ccc(NCc2ccc(B(O)O)cc2)nc1,5.37,Antagonist activity at CXCR1 (unknown origin) transfected in RBL cells assessed as inhibition of IL-8-mediated intracellular calcium release preincubated for 30 mins followed by IL-8 addition by FLUO-4AM-based fluorescent microplate reader analysis,CXCR1,CHEMBL3610855,CHEMBL3608245
CHEMBL3609003,CN(Cc1cccc(B(O)O)c1)c1ccc(C(=O)Nc2ccc(F)cc2)cn1,5.39,Antagonist activity at CXCR1 (unknown origin) transfected in RBL cells assessed as inhibition of IL-8-mediated intracellular calcium release preincubated for 30 mins followed by IL-8 addition by FLUO-4AM-based fluorescent microplate reader analysis,CXCR1,CHEMBL3610855,CHEMBL3608245
CHEMBL3609002,O=C(Nc1ccc(F)cc1)c1ccc(NCc2cccc(B(O)O)c2)nc1,6.21,Antagonist activity at CXCR1 (unknown origin) transfected in RBL cells assessed as inhibition of IL-8-mediated intracellular calcium release preincubated for 30 mins followed by IL-8 addition by FLUO-4AM-based fluorescent microplate reader analysis,CXCR1,CHEMBL3610855,CHEMBL3608245
CHEMBL3701184,CCC1(C(Nc2c(Nc3cccc(C(=O)N(C)C)c3O)c(=O)c2=O)c2ccc(C)o2)COC1,5.94,"In Vitro Assay: The in vitro affinity of the compounds of the present invention for the CXCR1 and CXCR2 receptors was determined on a functional test of the .beta.-arrestin recruitment type after receptor activation.It was demonstrated that the activation by CXCL8 of the CXCR2 receptor in cells of the PathHunter HEK293-CXCR2 line or of the CXCR1 receptor in cells of the U2OS h CXCR1 .beta.-arrestin line results in the recruitment of .beta.-arrestin (Richardson et al. 2003 Role of the cytoplasmic tails of CXCR1 and CXCR2 in mediating leukocyte migration, activation, and regulation. J. Immunol. 170: 2904-2911.)In order to evaluate the direct interaction of the CXCR2 or CXCR1 receptor with .beta.-arrestin 2, a .beta.-arrestin 2 recruitment test for CXCR2 or CXCR1 based on of .beta.-galactosidase enzyme complementation (Olson K R, Eglen R M. Beta galactosidase complementation: a cell-based luminescent assay platform for drug discovery. Assay Drug Dev Technol. 2007 February; 5(1); 137-44).",CXCR1,CHEMBL3706377,CHEMBL3638995
CHEMBL3701196,Cc1ccc(C(Nc2c(Nc3ccc(Cl)c(S(=O)(=O)N(C)C)c3O)c(=O)c2=O)C2(C)COC2)o1,6.93,"In Vitro Assay: The in vitro affinity of the compounds of the present invention for the CXCR1 and CXCR2 receptors was determined on a functional test of the .beta.-arrestin recruitment type after receptor activation.It was demonstrated that the activation by CXCL8 of the CXCR2 receptor in cells of the PathHunter HEK293-CXCR2 line or of the CXCR1 receptor in cells of the U2OS h CXCR1 .beta.-arrestin line results in the recruitment of .beta.-arrestin (Richardson et al. 2003 Role of the cytoplasmic tails of CXCR1 and CXCR2 in mediating leukocyte migration, activation, and regulation. J. Immunol. 170: 2904-2911.)In order to evaluate the direct interaction of the CXCR2 or CXCR1 receptor with .beta.-arrestin 2, a .beta.-arrestin 2 recruitment test for CXCR2 or CXCR1 based on of .beta.-galactosidase enzyme complementation (Olson K R, Eglen R M. Beta galactosidase complementation: a cell-based luminescent assay platform for drug discovery. Assay Drug Dev Technol. 2007 February; 5(1); 137-44).",CXCR1,CHEMBL3706377,CHEMBL3638995
CHEMBL3701186,Cc1ccc(C(Nc2c(Nc3cccc(C(=O)N4CC[C@H](O)C4)c3O)c(=O)c2=O)C2(C)COC2)o1,5.55,"In Vitro Assay: The in vitro affinity of the compounds of the present invention for the CXCR1 and CXCR2 receptors was determined on a functional test of the .beta.-arrestin recruitment type after receptor activation.It was demonstrated that the activation by CXCL8 of the CXCR2 receptor in cells of the PathHunter HEK293-CXCR2 line or of the CXCR1 receptor in cells of the U2OS h CXCR1 .beta.-arrestin line results in the recruitment of .beta.-arrestin (Richardson et al. 2003 Role of the cytoplasmic tails of CXCR1 and CXCR2 in mediating leukocyte migration, activation, and regulation. J. Immunol. 170: 2904-2911.)In order to evaluate the direct interaction of the CXCR2 or CXCR1 receptor with .beta.-arrestin 2, a .beta.-arrestin 2 recruitment test for CXCR2 or CXCR1 based on of .beta.-galactosidase enzyme complementation (Olson K R, Eglen R M. Beta galactosidase complementation: a cell-based luminescent assay platform for drug discovery. Assay Drug Dev Technol. 2007 February; 5(1); 137-44).",CXCR1,CHEMBL3706377,CHEMBL3638995
CHEMBL3704558,CN(C)C(=O)c1cccc(Nc2c(NC(c3ccc4c(c3)OCO4)C3(C)COC3)c(=O)c2=O)c1O,5.65,"In Vitro Assay: The in vitro affinity of the compounds of the present invention for the CXCR1 and CXCR2 receptors was determined on a functional test of the .beta.-arrestin recruitment type after receptor activation.It was demonstrated that the activation by CXCL8 of the CXCR2 receptor in cells of the PathHunter HEK293-CXCR2 line or of the CXCR1 receptor in cells of the U2OS h CXCR1 .beta.-arrestin line results in the recruitment of .beta.-arrestin (Richardson et al. 2003 Role of the cytoplasmic tails of CXCR1 and CXCR2 in mediating leukocyte migration, activation, and regulation. J. Immunol. 170: 2904-2911.)In order to evaluate the direct interaction of the CXCR2 or CXCR1 receptor with .beta.-arrestin 2, a .beta.-arrestin 2 recruitment test for CXCR2 or CXCR1 based on of .beta.-galactosidase enzyme complementation (Olson K R, Eglen R M. Beta galactosidase complementation: a cell-based luminescent assay platform for drug discovery. Assay Drug Dev Technol. 2007 February; 5(1); 137-44).",CXCR1,CHEMBL3706377,CHEMBL3638995
CHEMBL3704571,CCN(C)C(=O)c1cccc(Nc2c(N[C@@H](c3ccc(C)o3)C3(C)COC3)c(=O)c2=O)c1O,6.19,"In Vitro Assay: The in vitro affinity of the compounds of the present invention for the CXCR1 and CXCR2 receptors was determined on a functional test of the .beta.-arrestin recruitment type after receptor activation.It was demonstrated that the activation by CXCL8 of the CXCR2 receptor in cells of the PathHunter HEK293-CXCR2 line or of the CXCR1 receptor in cells of the U2OS h CXCR1 .beta.-arrestin line results in the recruitment of .beta.-arrestin (Richardson et al. 2003 Role of the cytoplasmic tails of CXCR1 and CXCR2 in mediating leukocyte migration, activation, and regulation. J. Immunol. 170: 2904-2911.)In order to evaluate the direct interaction of the CXCR2 or CXCR1 receptor with .beta.-arrestin 2, a .beta.-arrestin 2 recruitment test for CXCR2 or CXCR1 based on of .beta.-galactosidase enzyme complementation (Olson K R, Eglen R M. Beta galactosidase complementation: a cell-based luminescent assay platform for drug discovery. Assay Drug Dev Technol. 2007 February; 5(1); 137-44).",CXCR1,CHEMBL3706377,CHEMBL3638995
CHEMBL3701183,Cc1ccc(C(Nc2c(Nc3cccc(C(=O)N(C)C)c3O)c(=O)c2=O)C2(CF)COC2)o1,5.8,"In Vitro Assay: The in vitro affinity of the compounds of the present invention for the CXCR1 and CXCR2 receptors was determined on a functional test of the .beta.-arrestin recruitment type after receptor activation.It was demonstrated that the activation by CXCL8 of the CXCR2 receptor in cells of the PathHunter HEK293-CXCR2 line or of the CXCR1 receptor in cells of the U2OS h CXCR1 .beta.-arrestin line results in the recruitment of .beta.-arrestin (Richardson et al. 2003 Role of the cytoplasmic tails of CXCR1 and CXCR2 in mediating leukocyte migration, activation, and regulation. J. Immunol. 170: 2904-2911.)In order to evaluate the direct interaction of the CXCR2 or CXCR1 receptor with .beta.-arrestin 2, a .beta.-arrestin 2 recruitment test for CXCR2 or CXCR1 based on of .beta.-galactosidase enzyme complementation (Olson K R, Eglen R M. Beta galactosidase complementation: a cell-based luminescent assay platform for drug discovery. Assay Drug Dev Technol. 2007 February; 5(1); 137-44).",CXCR1,CHEMBL3706377,CHEMBL3638995
CHEMBL3704567,Cc1ccc(C(Nc2c(Nc3ccc(Cl)nc3O)c(=O)c2=O)C2(C)COC2)o1,5.28,"In Vitro Assay: The in vitro affinity of the compounds of the present invention for the CXCR1 and CXCR2 receptors was determined on a functional test of the .beta.-arrestin recruitment type after receptor activation.It was demonstrated that the activation by CXCL8 of the CXCR2 receptor in cells of the PathHunter HEK293-CXCR2 line or of the CXCR1 receptor in cells of the U2OS h CXCR1 .beta.-arrestin line results in the recruitment of .beta.-arrestin (Richardson et al. 2003 Role of the cytoplasmic tails of CXCR1 and CXCR2 in mediating leukocyte migration, activation, and regulation. J. Immunol. 170: 2904-2911.)In order to evaluate the direct interaction of the CXCR2 or CXCR1 receptor with .beta.-arrestin 2, a .beta.-arrestin 2 recruitment test for CXCR2 or CXCR1 based on of .beta.-galactosidase enzyme complementation (Olson K R, Eglen R M. Beta galactosidase complementation: a cell-based luminescent assay platform for drug discovery. Assay Drug Dev Technol. 2007 February; 5(1); 137-44).",CXCR1,CHEMBL3706377,CHEMBL3638995
CHEMBL3704562,Cc1ccc(C(Nc2c(Nc3cccc(C(=O)N(C)C)c3O)c(=O)c2=O)C2(C)COC2)s1,5.52,"In Vitro Assay: The in vitro affinity of the compounds of the present invention for the CXCR1 and CXCR2 receptors was determined on a functional test of the .beta.-arrestin recruitment type after receptor activation.It was demonstrated that the activation by CXCL8 of the CXCR2 receptor in cells of the PathHunter HEK293-CXCR2 line or of the CXCR1 receptor in cells of the U2OS h CXCR1 .beta.-arrestin line results in the recruitment of .beta.-arrestin (Richardson et al. 2003 Role of the cytoplasmic tails of CXCR1 and CXCR2 in mediating leukocyte migration, activation, and regulation. J. Immunol. 170: 2904-2911.)In order to evaluate the direct interaction of the CXCR2 or CXCR1 receptor with .beta.-arrestin 2, a .beta.-arrestin 2 recruitment test for CXCR2 or CXCR1 based on of .beta.-galactosidase enzyme complementation (Olson K R, Eglen R M. Beta galactosidase complementation: a cell-based luminescent assay platform for drug discovery. Assay Drug Dev Technol. 2007 February; 5(1); 137-44).",CXCR1,CHEMBL3706377,CHEMBL3638995
CHEMBL3704557,COc1ccc(C(Nc2c(Nc3cccc(C(=O)N(C)C)c3O)c(=O)c2=O)C2(C)COC2)cc1,5.0,"In Vitro Assay: The in vitro affinity of the compounds of the present invention for the CXCR1 and CXCR2 receptors was determined on a functional test of the .beta.-arrestin recruitment type after receptor activation.It was demonstrated that the activation by CXCL8 of the CXCR2 receptor in cells of the PathHunter HEK293-CXCR2 line or of the CXCR1 receptor in cells of the U2OS h CXCR1 .beta.-arrestin line results in the recruitment of .beta.-arrestin (Richardson et al. 2003 Role of the cytoplasmic tails of CXCR1 and CXCR2 in mediating leukocyte migration, activation, and regulation. J. Immunol. 170: 2904-2911.)In order to evaluate the direct interaction of the CXCR2 or CXCR1 receptor with .beta.-arrestin 2, a .beta.-arrestin 2 recruitment test for CXCR2 or CXCR1 based on of .beta.-galactosidase enzyme complementation (Olson K R, Eglen R M. Beta galactosidase complementation: a cell-based luminescent assay platform for drug discovery. Assay Drug Dev Technol. 2007 February; 5(1); 137-44).",CXCR1,CHEMBL3706377,CHEMBL3638995
CHEMBL3701193,Cc1ccc(C(Nc2c(Nc3cccn(C)c3=O)c(=O)c2=O)C2(C)COC2)o1,5.3,"In Vitro Assay: The in vitro affinity of the compounds of the present invention for the CXCR1 and CXCR2 receptors was determined on a functional test of the .beta.-arrestin recruitment type after receptor activation.It was demonstrated that the activation by CXCL8 of the CXCR2 receptor in cells of the PathHunter HEK293-CXCR2 line or of the CXCR1 receptor in cells of the U2OS h CXCR1 .beta.-arrestin line results in the recruitment of .beta.-arrestin (Richardson et al. 2003 Role of the cytoplasmic tails of CXCR1 and CXCR2 in mediating leukocyte migration, activation, and regulation. J. Immunol. 170: 2904-2911.)In order to evaluate the direct interaction of the CXCR2 or CXCR1 receptor with .beta.-arrestin 2, a .beta.-arrestin 2 recruitment test for CXCR2 or CXCR1 based on of .beta.-galactosidase enzyme complementation (Olson K R, Eglen R M. Beta galactosidase complementation: a cell-based luminescent assay platform for drug discovery. Assay Drug Dev Technol. 2007 February; 5(1); 137-44).",CXCR1,CHEMBL3706377,CHEMBL3638995
CHEMBL3701194,Cc1ccc(C(Nc2c(Nc3cccnc3O)c(=O)c2=O)C2(C)COC2)o1,5.18,"In Vitro Assay: The in vitro affinity of the compounds of the present invention for the CXCR1 and CXCR2 receptors was determined on a functional test of the .beta.-arrestin recruitment type after receptor activation.It was demonstrated that the activation by CXCL8 of the CXCR2 receptor in cells of the PathHunter HEK293-CXCR2 line or of the CXCR1 receptor in cells of the U2OS h CXCR1 .beta.-arrestin line results in the recruitment of .beta.-arrestin (Richardson et al. 2003 Role of the cytoplasmic tails of CXCR1 and CXCR2 in mediating leukocyte migration, activation, and regulation. J. Immunol. 170: 2904-2911.)In order to evaluate the direct interaction of the CXCR2 or CXCR1 receptor with .beta.-arrestin 2, a .beta.-arrestin 2 recruitment test for CXCR2 or CXCR1 based on of .beta.-galactosidase enzyme complementation (Olson K R, Eglen R M. Beta galactosidase complementation: a cell-based luminescent assay platform for drug discovery. Assay Drug Dev Technol. 2007 February; 5(1); 137-44).",CXCR1,CHEMBL3706377,CHEMBL3638995
CHEMBL3704574,Cc1ccc([C@@H](Nc2c(Nc3cccc(C(=O)N(C)C)c3O)c(=O)c2=O)C2(C)COC2)o1,5.13,"In Vitro Assay: The in vitro affinity of the compounds of the present invention for the CXCR1 and CXCR2 receptors was determined on a functional test of the .beta.-arrestin recruitment type after receptor activation.It was demonstrated that the activation by CXCL8 of the CXCR2 receptor in cells of the PathHunter HEK293-CXCR2 line or of the CXCR1 receptor in cells of the U2OS h CXCR1 .beta.-arrestin line results in the recruitment of .beta.-arrestin (Richardson et al. 2003 Role of the cytoplasmic tails of CXCR1 and CXCR2 in mediating leukocyte migration, activation, and regulation. J. Immunol. 170: 2904-2911.)In order to evaluate the direct interaction of the CXCR2 or CXCR1 receptor with .beta.-arrestin 2, a .beta.-arrestin 2 recruitment test for CXCR2 or CXCR1 based on of .beta.-galactosidase enzyme complementation (Olson K R, Eglen R M. Beta galactosidase complementation: a cell-based luminescent assay platform for drug discovery. Assay Drug Dev Technol. 2007 February; 5(1); 137-44).",CXCR1,CHEMBL3706377,CHEMBL3638995
CHEMBL3704566,COc1ccc(Nc2c(NC(c3ccc(C)o3)C3(C)COC3)c(=O)c2=O)c(O)n1,5.0,"In Vitro Assay: The in vitro affinity of the compounds of the present invention for the CXCR1 and CXCR2 receptors was determined on a functional test of the .beta.-arrestin recruitment type after receptor activation.It was demonstrated that the activation by CXCL8 of the CXCR2 receptor in cells of the PathHunter HEK293-CXCR2 line or of the CXCR1 receptor in cells of the U2OS h CXCR1 .beta.-arrestin line results in the recruitment of .beta.-arrestin (Richardson et al. 2003 Role of the cytoplasmic tails of CXCR1 and CXCR2 in mediating leukocyte migration, activation, and regulation. J. Immunol. 170: 2904-2911.)In order to evaluate the direct interaction of the CXCR2 or CXCR1 receptor with .beta.-arrestin 2, a .beta.-arrestin 2 recruitment test for CXCR2 or CXCR1 based on of .beta.-galactosidase enzyme complementation (Olson K R, Eglen R M. Beta galactosidase complementation: a cell-based luminescent assay platform for drug discovery. Assay Drug Dev Technol. 2007 February; 5(1); 137-44).",CXCR1,CHEMBL3706377,CHEMBL3638995
CHEMBL3704555,Cc1cc(C(Nc2c(Nc3cccc(C(=O)N(C)C)c3O)c(=O)c2=O)C2(C)COC2)oc1C,5.81,"In Vitro Assay: The in vitro affinity of the compounds of the present invention for the CXCR1 and CXCR2 receptors was determined on a functional test of the .beta.-arrestin recruitment type after receptor activation.It was demonstrated that the activation by CXCL8 of the CXCR2 receptor in cells of the PathHunter HEK293-CXCR2 line or of the CXCR1 receptor in cells of the U2OS h CXCR1 .beta.-arrestin line results in the recruitment of .beta.-arrestin (Richardson et al. 2003 Role of the cytoplasmic tails of CXCR1 and CXCR2 in mediating leukocyte migration, activation, and regulation. J. Immunol. 170: 2904-2911.)In order to evaluate the direct interaction of the CXCR2 or CXCR1 receptor with .beta.-arrestin 2, a .beta.-arrestin 2 recruitment test for CXCR2 or CXCR1 based on of .beta.-galactosidase enzyme complementation (Olson K R, Eglen R M. Beta galactosidase complementation: a cell-based luminescent assay platform for drug discovery. Assay Drug Dev Technol. 2007 February; 5(1); 137-44).",CXCR1,CHEMBL3706377,CHEMBL3638995
CHEMBL3704563,CN(C)C(=O)c1cccc(Nc2c(NC(c3ccco3)C3(C)COC3)c(=O)c2=O)c1O,5.77,"In Vitro Assay: The in vitro affinity of the compounds of the present invention for the CXCR1 and CXCR2 receptors was determined on a functional test of the .beta.-arrestin recruitment type after receptor activation.It was demonstrated that the activation by CXCL8 of the CXCR2 receptor in cells of the PathHunter HEK293-CXCR2 line or of the CXCR1 receptor in cells of the U2OS h CXCR1 .beta.-arrestin line results in the recruitment of .beta.-arrestin (Richardson et al. 2003 Role of the cytoplasmic tails of CXCR1 and CXCR2 in mediating leukocyte migration, activation, and regulation. J. Immunol. 170: 2904-2911.)In order to evaluate the direct interaction of the CXCR2 or CXCR1 receptor with .beta.-arrestin 2, a .beta.-arrestin 2 recruitment test for CXCR2 or CXCR1 based on of .beta.-galactosidase enzyme complementation (Olson K R, Eglen R M. Beta galactosidase complementation: a cell-based luminescent assay platform for drug discovery. Assay Drug Dev Technol. 2007 February; 5(1); 137-44).",CXCR1,CHEMBL3706377,CHEMBL3638995
CHEMBL3701187,Cc1ccc(C(Nc2c(Nc3cccc(C(=O)N4CCC[C@@H]4C(=O)OC(C)(C)C)c3O)c(=O)c2=O)C2(C)COC2)o1,5.62,"In Vitro Assay: The in vitro affinity of the compounds of the present invention for the CXCR1 and CXCR2 receptors was determined on a functional test of the .beta.-arrestin recruitment type after receptor activation.It was demonstrated that the activation by CXCL8 of the CXCR2 receptor in cells of the PathHunter HEK293-CXCR2 line or of the CXCR1 receptor in cells of the U2OS h CXCR1 .beta.-arrestin line results in the recruitment of .beta.-arrestin (Richardson et al. 2003 Role of the cytoplasmic tails of CXCR1 and CXCR2 in mediating leukocyte migration, activation, and regulation. J. Immunol. 170: 2904-2911.)In order to evaluate the direct interaction of the CXCR2 or CXCR1 receptor with .beta.-arrestin 2, a .beta.-arrestin 2 recruitment test for CXCR2 or CXCR1 based on of .beta.-galactosidase enzyme complementation (Olson K R, Eglen R M. Beta galactosidase complementation: a cell-based luminescent assay platform for drug discovery. Assay Drug Dev Technol. 2007 February; 5(1); 137-44).",CXCR1,CHEMBL3706377,CHEMBL3638995
CHEMBL3701191,Cc1ccc(C(Nc2c(Nc3cccc(C(=O)N4CCCC4)c3O)c(=O)c2=O)C2(C)COC2)o1,5.89,"In Vitro Assay: The in vitro affinity of the compounds of the present invention for the CXCR1 and CXCR2 receptors was determined on a functional test of the .beta.-arrestin recruitment type after receptor activation.It was demonstrated that the activation by CXCL8 of the CXCR2 receptor in cells of the PathHunter HEK293-CXCR2 line or of the CXCR1 receptor in cells of the U2OS h CXCR1 .beta.-arrestin line results in the recruitment of .beta.-arrestin (Richardson et al. 2003 Role of the cytoplasmic tails of CXCR1 and CXCR2 in mediating leukocyte migration, activation, and regulation. J. Immunol. 170: 2904-2911.)In order to evaluate the direct interaction of the CXCR2 or CXCR1 receptor with .beta.-arrestin 2, a .beta.-arrestin 2 recruitment test for CXCR2 or CXCR1 based on of .beta.-galactosidase enzyme complementation (Olson K R, Eglen R M. Beta galactosidase complementation: a cell-based luminescent assay platform for drug discovery. Assay Drug Dev Technol. 2007 February; 5(1); 137-44).",CXCR1,CHEMBL3706377,CHEMBL3638995
CHEMBL3704565,CC(C)c1coc(C(Nc2c(Nc3cccc(C(=O)N(C)C)c3O)c(=O)c2=O)C2(C)COC2)c1,6.49,"In Vitro Assay: The in vitro affinity of the compounds of the present invention for the CXCR1 and CXCR2 receptors was determined on a functional test of the .beta.-arrestin recruitment type after receptor activation.It was demonstrated that the activation by CXCL8 of the CXCR2 receptor in cells of the PathHunter HEK293-CXCR2 line or of the CXCR1 receptor in cells of the U2OS h CXCR1 .beta.-arrestin line results in the recruitment of .beta.-arrestin (Richardson et al. 2003 Role of the cytoplasmic tails of CXCR1 and CXCR2 in mediating leukocyte migration, activation, and regulation. J. Immunol. 170: 2904-2911.)In order to evaluate the direct interaction of the CXCR2 or CXCR1 receptor with .beta.-arrestin 2, a .beta.-arrestin 2 recruitment test for CXCR2 or CXCR1 based on of .beta.-galactosidase enzyme complementation (Olson K R, Eglen R M. Beta galactosidase complementation: a cell-based luminescent assay platform for drug discovery. Assay Drug Dev Technol. 2007 February; 5(1); 137-44).",CXCR1,CHEMBL3706377,CHEMBL3638995
CHEMBL3704560,COC(=O)C1CCCN1C(=O)c1cccc(Nc2c(NC(c3ccc(C)o3)C3(C)COC3)c(=O)c2=O)c1O,5.0,"In Vitro Assay: The in vitro affinity of the compounds of the present invention for the CXCR1 and CXCR2 receptors was determined on a functional test of the .beta.-arrestin recruitment type after receptor activation.It was demonstrated that the activation by CXCL8 of the CXCR2 receptor in cells of the PathHunter HEK293-CXCR2 line or of the CXCR1 receptor in cells of the U2OS h CXCR1 .beta.-arrestin line results in the recruitment of .beta.-arrestin (Richardson et al. 2003 Role of the cytoplasmic tails of CXCR1 and CXCR2 in mediating leukocyte migration, activation, and regulation. J. Immunol. 170: 2904-2911.)In order to evaluate the direct interaction of the CXCR2 or CXCR1 receptor with .beta.-arrestin 2, a .beta.-arrestin 2 recruitment test for CXCR2 or CXCR1 based on of .beta.-galactosidase enzyme complementation (Olson K R, Eglen R M. Beta galactosidase complementation: a cell-based luminescent assay platform for drug discovery. Assay Drug Dev Technol. 2007 February; 5(1); 137-44).",CXCR1,CHEMBL3706377,CHEMBL3638995
CHEMBL3701189,Cc1ccc(C(Nc2c(Nc3cccc(C(C)O)c3O)c(=O)c2=O)C2(C)COC2)o1,5.19,"In Vitro Assay: The in vitro affinity of the compounds of the present invention for the CXCR1 and CXCR2 receptors was determined on a functional test of the .beta.-arrestin recruitment type after receptor activation.It was demonstrated that the activation by CXCL8 of the CXCR2 receptor in cells of the PathHunter HEK293-CXCR2 line or of the CXCR1 receptor in cells of the U2OS h CXCR1 .beta.-arrestin line results in the recruitment of .beta.-arrestin (Richardson et al. 2003 Role of the cytoplasmic tails of CXCR1 and CXCR2 in mediating leukocyte migration, activation, and regulation. J. Immunol. 170: 2904-2911.)In order to evaluate the direct interaction of the CXCR2 or CXCR1 receptor with .beta.-arrestin 2, a .beta.-arrestin 2 recruitment test for CXCR2 or CXCR1 based on of .beta.-galactosidase enzyme complementation (Olson K R, Eglen R M. Beta galactosidase complementation: a cell-based luminescent assay platform for drug discovery. Assay Drug Dev Technol. 2007 February; 5(1); 137-44).",CXCR1,CHEMBL3706377,CHEMBL3638995
CHEMBL3701185,Cc1ccc(C(Nc2c(Nc3cccc(C(=O)N4CC[C@@H](O)C4)c3O)c(=O)c2=O)C2(C)COC2)o1,5.58,"In Vitro Assay: The in vitro affinity of the compounds of the present invention for the CXCR1 and CXCR2 receptors was determined on a functional test of the .beta.-arrestin recruitment type after receptor activation.It was demonstrated that the activation by CXCL8 of the CXCR2 receptor in cells of the PathHunter HEK293-CXCR2 line or of the CXCR1 receptor in cells of the U2OS h CXCR1 .beta.-arrestin line results in the recruitment of .beta.-arrestin (Richardson et al. 2003 Role of the cytoplasmic tails of CXCR1 and CXCR2 in mediating leukocyte migration, activation, and regulation. J. Immunol. 170: 2904-2911.)In order to evaluate the direct interaction of the CXCR2 or CXCR1 receptor with .beta.-arrestin 2, a .beta.-arrestin 2 recruitment test for CXCR2 or CXCR1 based on of .beta.-galactosidase enzyme complementation (Olson K R, Eglen R M. Beta galactosidase complementation: a cell-based luminescent assay platform for drug discovery. Assay Drug Dev Technol. 2007 February; 5(1); 137-44).",CXCR1,CHEMBL3706377,CHEMBL3638995
CHEMBL3704569,Cc1ccc([C@H](Nc2c(Nc3cccc(C(=O)N(C)CC(F)(F)F)c3O)c(=O)c2=O)C2(C)COC2)o1,6.25,"In Vitro Assay: The in vitro affinity of the compounds of the present invention for the CXCR1 and CXCR2 receptors was determined on a functional test of the .beta.-arrestin recruitment type after receptor activation.It was demonstrated that the activation by CXCL8 of the CXCR2 receptor in cells of the PathHunter HEK293-CXCR2 line or of the CXCR1 receptor in cells of the U2OS h CXCR1 .beta.-arrestin line results in the recruitment of .beta.-arrestin (Richardson et al. 2003 Role of the cytoplasmic tails of CXCR1 and CXCR2 in mediating leukocyte migration, activation, and regulation. J. Immunol. 170: 2904-2911.)In order to evaluate the direct interaction of the CXCR2 or CXCR1 receptor with .beta.-arrestin 2, a .beta.-arrestin 2 recruitment test for CXCR2 or CXCR1 based on of .beta.-galactosidase enzyme complementation (Olson K R, Eglen R M. Beta galactosidase complementation: a cell-based luminescent assay platform for drug discovery. Assay Drug Dev Technol. 2007 February; 5(1); 137-44).",CXCR1,CHEMBL3706377,CHEMBL3638995
CHEMBL3640000,COC(=O)[C@@H]1CCCN1C(=O)c1cccc(Nc2c(N[C@@H](c3ccc(C)o3)C3(C)COC3)c(=O)c2=O)c1O,6.18,"In Vitro Assay: The in vitro affinity of the compounds of the present invention for the CXCR1 and CXCR2 receptors was determined on a functional test of the .beta.-arrestin recruitment type after receptor activation.It was demonstrated that the activation by CXCL8 of the CXCR2 receptor in cells of the PathHunter HEK293-CXCR2 line or of the CXCR1 receptor in cells of the U2OS h CXCR1 .beta.-arrestin line results in the recruitment of .beta.-arrestin (Richardson et al. 2003 Role of the cytoplasmic tails of CXCR1 and CXCR2 in mediating leukocyte migration, activation, and regulation. J. Immunol. 170: 2904-2911.)In order to evaluate the direct interaction of the CXCR2 or CXCR1 receptor with .beta.-arrestin 2, a .beta.-arrestin 2 recruitment test for CXCR2 or CXCR1 based on of .beta.-galactosidase enzyme complementation (Olson K R, Eglen R M. Beta galactosidase complementation: a cell-based luminescent assay platform for drug discovery. Assay Drug Dev Technol. 2007 February; 5(1); 137-44).",CXCR1,CHEMBL3706377,CHEMBL3638995
CHEMBL3701188,COC(=O)[C@H]1CCCN1C(=O)c1cccc(Nc2c(N[C@@H](c3ccc(C)o3)C3(C)COC3)c(=O)c2=O)c1O,6.22,"In Vitro Assay: The in vitro affinity of the compounds of the present invention for the CXCR1 and CXCR2 receptors was determined on a functional test of the .beta.-arrestin recruitment type after receptor activation.It was demonstrated that the activation by CXCL8 of the CXCR2 receptor in cells of the PathHunter HEK293-CXCR2 line or of the CXCR1 receptor in cells of the U2OS h CXCR1 .beta.-arrestin line results in the recruitment of .beta.-arrestin (Richardson et al. 2003 Role of the cytoplasmic tails of CXCR1 and CXCR2 in mediating leukocyte migration, activation, and regulation. J. Immunol. 170: 2904-2911.)In order to evaluate the direct interaction of the CXCR2 or CXCR1 receptor with .beta.-arrestin 2, a .beta.-arrestin 2 recruitment test for CXCR2 or CXCR1 based on of .beta.-galactosidase enzyme complementation (Olson K R, Eglen R M. Beta galactosidase complementation: a cell-based luminescent assay platform for drug discovery. Assay Drug Dev Technol. 2007 February; 5(1); 137-44).",CXCR1,CHEMBL3706377,CHEMBL3638995
CHEMBL3704573,Cc1ccc([C@H](Nc2c(Nc3ccc(Cl)c(S(=O)(=O)N4CCN(C)CC4)c3O)c(=O)c2=O)C2(C)COC2)o1,6.94,"In Vitro Assay: The in vitro affinity of the compounds of the present invention for the CXCR1 and CXCR2 receptors was determined on a functional test of the .beta.-arrestin recruitment type after receptor activation.It was demonstrated that the activation by CXCL8 of the CXCR2 receptor in cells of the PathHunter HEK293-CXCR2 line or of the CXCR1 receptor in cells of the U2OS h CXCR1 .beta.-arrestin line results in the recruitment of .beta.-arrestin (Richardson et al. 2003 Role of the cytoplasmic tails of CXCR1 and CXCR2 in mediating leukocyte migration, activation, and regulation. J. Immunol. 170: 2904-2911.)In order to evaluate the direct interaction of the CXCR2 or CXCR1 receptor with .beta.-arrestin 2, a .beta.-arrestin 2 recruitment test for CXCR2 or CXCR1 based on of .beta.-galactosidase enzyme complementation (Olson K R, Eglen R M. Beta galactosidase complementation: a cell-based luminescent assay platform for drug discovery. Assay Drug Dev Technol. 2007 February; 5(1); 137-44).",CXCR1,CHEMBL3706377,CHEMBL3638995
CHEMBL3701190,Cc1ccc(C(Nc2c(Nc3cccc(C(=O)C(C)C)c3O)c(=O)c2=O)C2(C)COC2)o1,5.0,"In Vitro Assay: The in vitro affinity of the compounds of the present invention for the CXCR1 and CXCR2 receptors was determined on a functional test of the .beta.-arrestin recruitment type after receptor activation.It was demonstrated that the activation by CXCL8 of the CXCR2 receptor in cells of the PathHunter HEK293-CXCR2 line or of the CXCR1 receptor in cells of the U2OS h CXCR1 .beta.-arrestin line results in the recruitment of .beta.-arrestin (Richardson et al. 2003 Role of the cytoplasmic tails of CXCR1 and CXCR2 in mediating leukocyte migration, activation, and regulation. J. Immunol. 170: 2904-2911.)In order to evaluate the direct interaction of the CXCR2 or CXCR1 receptor with .beta.-arrestin 2, a .beta.-arrestin 2 recruitment test for CXCR2 or CXCR1 based on of .beta.-galactosidase enzyme complementation (Olson K R, Eglen R M. Beta galactosidase complementation: a cell-based luminescent assay platform for drug discovery. Assay Drug Dev Technol. 2007 February; 5(1); 137-44).",CXCR1,CHEMBL3706377,CHEMBL3638995
CHEMBL3704572,Cc1ccc([C@H](Nc2c(Nc3ccc(Cl)c(C(=O)N(C)C)c3O)c(=O)c2=O)C2(C)COC2)o1,6.05,"In Vitro Assay: The in vitro affinity of the compounds of the present invention for the CXCR1 and CXCR2 receptors was determined on a functional test of the .beta.-arrestin recruitment type after receptor activation.It was demonstrated that the activation by CXCL8 of the CXCR2 receptor in cells of the PathHunter HEK293-CXCR2 line or of the CXCR1 receptor in cells of the U2OS h CXCR1 .beta.-arrestin line results in the recruitment of .beta.-arrestin (Richardson et al. 2003 Role of the cytoplasmic tails of CXCR1 and CXCR2 in mediating leukocyte migration, activation, and regulation. J. Immunol. 170: 2904-2911.)In order to evaluate the direct interaction of the CXCR2 or CXCR1 receptor with .beta.-arrestin 2, a .beta.-arrestin 2 recruitment test for CXCR2 or CXCR1 based on of .beta.-galactosidase enzyme complementation (Olson K R, Eglen R M. Beta galactosidase complementation: a cell-based luminescent assay platform for drug discovery. Assay Drug Dev Technol. 2007 February; 5(1); 137-44).",CXCR1,CHEMBL3706377,CHEMBL3638995
CHEMBL3704564,Cc1coc(C(Nc2c(Nc3cccc(C(=O)N(C)C)c3O)c(=O)c2=O)C2(C)COC2)c1,5.11,"In Vitro Assay: The in vitro affinity of the compounds of the present invention for the CXCR1 and CXCR2 receptors was determined on a functional test of the .beta.-arrestin recruitment type after receptor activation.It was demonstrated that the activation by CXCL8 of the CXCR2 receptor in cells of the PathHunter HEK293-CXCR2 line or of the CXCR1 receptor in cells of the U2OS h CXCR1 .beta.-arrestin line results in the recruitment of .beta.-arrestin (Richardson et al. 2003 Role of the cytoplasmic tails of CXCR1 and CXCR2 in mediating leukocyte migration, activation, and regulation. J. Immunol. 170: 2904-2911.)In order to evaluate the direct interaction of the CXCR2 or CXCR1 receptor with .beta.-arrestin 2, a .beta.-arrestin 2 recruitment test for CXCR2 or CXCR1 based on of .beta.-galactosidase enzyme complementation (Olson K R, Eglen R M. Beta galactosidase complementation: a cell-based luminescent assay platform for drug discovery. Assay Drug Dev Technol. 2007 February; 5(1); 137-44).",CXCR1,CHEMBL3706377,CHEMBL3638995
CHEMBL3704556,COc1cccc(C(Nc2c(Nc3cccc(C(=O)N(C)C)c3O)c(=O)c2=O)C2(C)COC2)c1,5.26,"In Vitro Assay: The in vitro affinity of the compounds of the present invention for the CXCR1 and CXCR2 receptors was determined on a functional test of the .beta.-arrestin recruitment type after receptor activation.It was demonstrated that the activation by CXCL8 of the CXCR2 receptor in cells of the PathHunter HEK293-CXCR2 line or of the CXCR1 receptor in cells of the U2OS h CXCR1 .beta.-arrestin line results in the recruitment of .beta.-arrestin (Richardson et al. 2003 Role of the cytoplasmic tails of CXCR1 and CXCR2 in mediating leukocyte migration, activation, and regulation. J. Immunol. 170: 2904-2911.)In order to evaluate the direct interaction of the CXCR2 or CXCR1 receptor with .beta.-arrestin 2, a .beta.-arrestin 2 recruitment test for CXCR2 or CXCR1 based on of .beta.-galactosidase enzyme complementation (Olson K R, Eglen R M. Beta galactosidase complementation: a cell-based luminescent assay platform for drug discovery. Assay Drug Dev Technol. 2007 February; 5(1); 137-44).",CXCR1,CHEMBL3706377,CHEMBL3638995
CHEMBL3704570,Cc1ccc([C@H](Nc2c(Nc3cccc(C(=O)N(C)C)c3O)c(=O)c2=O)C2(C)COC2)o1,6.51,"In Vitro Assay: The in vitro affinity of the compounds of the present invention for the CXCR1 and CXCR2 receptors was determined on a functional test of the .beta.-arrestin recruitment type after receptor activation.It was demonstrated that the activation by CXCL8 of the CXCR2 receptor in cells of the PathHunter HEK293-CXCR2 line or of the CXCR1 receptor in cells of the U2OS h CXCR1 .beta.-arrestin line results in the recruitment of .beta.-arrestin (Richardson et al. 2003 Role of the cytoplasmic tails of CXCR1 and CXCR2 in mediating leukocyte migration, activation, and regulation. J. Immunol. 170: 2904-2911.)In order to evaluate the direct interaction of the CXCR2 or CXCR1 receptor with .beta.-arrestin 2, a .beta.-arrestin 2 recruitment test for CXCR2 or CXCR1 based on of .beta.-galactosidase enzyme complementation (Olson K R, Eglen R M. Beta galactosidase complementation: a cell-based luminescent assay platform for drug discovery. Assay Drug Dev Technol. 2007 February; 5(1); 137-44).",CXCR1,CHEMBL3706377,CHEMBL3638995
CHEMBL3704559,Cc1ccc(C(Nc2c(Nc3cccc(C(=O)N4CCC(O)C4)c3)c(=O)c2=O)C2(C)COC2)o1,5.45,"In Vitro Assay: The in vitro affinity of the compounds of the present invention for the CXCR1 and CXCR2 receptors was determined on a functional test of the .beta.-arrestin recruitment type after receptor activation.It was demonstrated that the activation by CXCL8 of the CXCR2 receptor in cells of the PathHunter HEK293-CXCR2 line or of the CXCR1 receptor in cells of the U2OS h CXCR1 .beta.-arrestin line results in the recruitment of .beta.-arrestin (Richardson et al. 2003 Role of the cytoplasmic tails of CXCR1 and CXCR2 in mediating leukocyte migration, activation, and regulation. J. Immunol. 170: 2904-2911.)In order to evaluate the direct interaction of the CXCR2 or CXCR1 receptor with .beta.-arrestin 2, a .beta.-arrestin 2 recruitment test for CXCR2 or CXCR1 based on of .beta.-galactosidase enzyme complementation (Olson K R, Eglen R M. Beta galactosidase complementation: a cell-based luminescent assay platform for drug discovery. Assay Drug Dev Technol. 2007 February; 5(1); 137-44).",CXCR1,CHEMBL3706377,CHEMBL3638995
CHEMBL3701195,Cc1ccc(C(Nc2c(Nc3cccc(S(=O)(=O)N(C)C)c3O)c(=O)c2=O)C2(C)COC2)o1,5.84,"In Vitro Assay: The in vitro affinity of the compounds of the present invention for the CXCR1 and CXCR2 receptors was determined on a functional test of the .beta.-arrestin recruitment type after receptor activation.It was demonstrated that the activation by CXCL8 of the CXCR2 receptor in cells of the PathHunter HEK293-CXCR2 line or of the CXCR1 receptor in cells of the U2OS h CXCR1 .beta.-arrestin line results in the recruitment of .beta.-arrestin (Richardson et al. 2003 Role of the cytoplasmic tails of CXCR1 and CXCR2 in mediating leukocyte migration, activation, and regulation. J. Immunol. 170: 2904-2911.)In order to evaluate the direct interaction of the CXCR2 or CXCR1 receptor with .beta.-arrestin 2, a .beta.-arrestin 2 recruitment test for CXCR2 or CXCR1 based on of .beta.-galactosidase enzyme complementation (Olson K R, Eglen R M. Beta galactosidase complementation: a cell-based luminescent assay platform for drug discovery. Assay Drug Dev Technol. 2007 February; 5(1); 137-44).",CXCR1,CHEMBL3706377,CHEMBL3638995
CHEMBL3701192,Cc1ccc(C(Nc2c(Nc3cccc(C(=O)N4CCOCC4)c3O)c(=O)c2=O)C2(C)COC2)o1,5.5,"In Vitro Assay: The in vitro affinity of the compounds of the present invention for the CXCR1 and CXCR2 receptors was determined on a functional test of the .beta.-arrestin recruitment type after receptor activation.It was demonstrated that the activation by CXCL8 of the CXCR2 receptor in cells of the PathHunter HEK293-CXCR2 line or of the CXCR1 receptor in cells of the U2OS h CXCR1 .beta.-arrestin line results in the recruitment of .beta.-arrestin (Richardson et al. 2003 Role of the cytoplasmic tails of CXCR1 and CXCR2 in mediating leukocyte migration, activation, and regulation. J. Immunol. 170: 2904-2911.)In order to evaluate the direct interaction of the CXCR2 or CXCR1 receptor with .beta.-arrestin 2, a .beta.-arrestin 2 recruitment test for CXCR2 or CXCR1 based on of .beta.-galactosidase enzyme complementation (Olson K R, Eglen R M. Beta galactosidase complementation: a cell-based luminescent assay platform for drug discovery. Assay Drug Dev Technol. 2007 February; 5(1); 137-44).",CXCR1,CHEMBL3706377,CHEMBL3638995
CHEMBL3704564,Cc1coc(C(Nc2c(Nc3cccc(C(=O)N(C)C)c3O)c(=O)c2=O)C2(C)COC2)c1,6.08,"In Vitro Assay: The in vitro affinity of the compounds of the present invention for the CXCR1 and CXCR2 receptors was determined on a functional test of the .beta.-arrestin recruitment type after receptor activation.It was demonstrated that the activation by CXCL8 of the CXCR2 receptor in cells of the PathHunter HEK293-CXCR2 line or of the CXCR1 receptor in cells of the U2OS h CXCR1 .beta.-arrestin line results in the recruitment of .beta.-arrestin (Richardson et al. 2003 Role of the cytoplasmic tails of CXCR1 and CXCR2 in mediating leukocyte migration, activation, and regulation. J. Immunol. 170: 2904-2911.)In order to evaluate the direct interaction of the CXCR2 or CXCR1 receptor with .beta.-arrestin 2, a .beta.-arrestin 2 recruitment test for CXCR2 or CXCR1 based on of .beta.-galactosidase enzyme complementation (Olson K R, Eglen R M. Beta galactosidase complementation: a cell-based luminescent assay platform for drug discovery. Assay Drug Dev Technol. 2007 February; 5(1); 137-44).",CXCR1,CHEMBL3706377,CHEMBL3638995
CHEMBL3640034,Cc1ccc([C@H](Nc2c(Nc3csc(C(=O)N(C)C)c3O)c(=O)c2=O)C2(C)COC2)o1,5.41,"In Vitro Assay: The in vitro affinity of the compounds of the present invention for the CXCR1 and CXCR2 receptors was determined on a functional test of the .beta.-arrestin recruitment type after receptor activation.It was demonstrated that the activation by CXCL8 of the CXCR2 receptor in cells of the PathHunter HEK293-CXCR2 line or of the CXCR1 receptor in cells of the U2OS h CXCR1 .beta.-arrestin line results in the recruitment of .beta.-arrestin (Richardson et al. 2003 Role of the cytoplasmic tails of CXCR1 and CXCR2 in mediating leukocyte migration, activation, and regulation. J. Immunol. 170: 2904-2911.)In order to evaluate the direct interaction of the CXCR2 or CXCR1 receptor with .beta.-arrestin 2, a .beta.-arrestin 2 recruitment test for CXCR2 or CXCR1 based on of .beta.-galactosidase enzyme complementation (Olson K R, Eglen R M. Beta galactosidase complementation: a cell-based luminescent assay platform for drug discovery. Assay Drug Dev Technol. 2007 February; 5(1); 137-44).",CXCR1,CHEMBL3706377,CHEMBL3638995
CHEMBL3704561,CN(C)C(=O)c1cccc(Nc2c(NC(c3cccs3)C3(C)COC3)c(=O)c2=O)c1O,5.79,"In Vitro Assay: The in vitro affinity of the compounds of the present invention for the CXCR1 and CXCR2 receptors was determined on a functional test of the .beta.-arrestin recruitment type after receptor activation.It was demonstrated that the activation by CXCL8 of the CXCR2 receptor in cells of the PathHunter HEK293-CXCR2 line or of the CXCR1 receptor in cells of the U2OS h CXCR1 .beta.-arrestin line results in the recruitment of .beta.-arrestin (Richardson et al. 2003 Role of the cytoplasmic tails of CXCR1 and CXCR2 in mediating leukocyte migration, activation, and regulation. J. Immunol. 170: 2904-2911.)In order to evaluate the direct interaction of the CXCR2 or CXCR1 receptor with .beta.-arrestin 2, a .beta.-arrestin 2 recruitment test for CXCR2 or CXCR1 based on of .beta.-galactosidase enzyme complementation (Olson K R, Eglen R M. Beta galactosidase complementation: a cell-based luminescent assay platform for drug discovery. Assay Drug Dev Technol. 2007 February; 5(1); 137-44).",CXCR1,CHEMBL3706377,CHEMBL3638995
CHEMBL3704568,Cc1ccc(C(Nc2c(Nc3cccc(C#N)c3O)c(=O)c2=O)C2(C)COC2)o1,5.0,"In Vitro Assay: The in vitro affinity of the compounds of the present invention for the CXCR1 and CXCR2 receptors was determined on a functional test of the .beta.-arrestin recruitment type after receptor activation.It was demonstrated that the activation by CXCL8 of the CXCR2 receptor in cells of the PathHunter HEK293-CXCR2 line or of the CXCR1 receptor in cells of the U2OS h CXCR1 .beta.-arrestin line results in the recruitment of .beta.-arrestin (Richardson et al. 2003 Role of the cytoplasmic tails of CXCR1 and CXCR2 in mediating leukocyte migration, activation, and regulation. J. Immunol. 170: 2904-2911.)In order to evaluate the direct interaction of the CXCR2 or CXCR1 receptor with .beta.-arrestin 2, a .beta.-arrestin 2 recruitment test for CXCR2 or CXCR1 based on of .beta.-galactosidase enzyme complementation (Olson K R, Eglen R M. Beta galactosidase complementation: a cell-based luminescent assay platform for drug discovery. Assay Drug Dev Technol. 2007 February; 5(1); 137-44).",CXCR1,CHEMBL3706377,CHEMBL3638995
CHEMBL3943808,Cc1ccc(C(Nc2c(Nc3cccc(C(=O)N(C)C)c3O)c(=O)c2=O)C2CCOCC2)o1,5.26,"In Vitro Assay: The in vitro affinity of the compounds of the present invention for the CXCR1 and CXCR2 receptors was determined on a functional test of the beta -arrestin recruitment after receptor activation type.It was demonstrated that the activation by CXCL8 of the CXCR2 receptor in cells of the PathHunter HEK293-CXCR2 line or of the CXCR1 receptor in cells of the U2OS h CXCR1 beta -arrestin line results in the recruitment of beta -arrestin (Richardson et al. 2003 Role of the cytoplasmic tails of CXCR1 and CXCR2 in mediating leukocyte migration, activation, and regulation.>>J. Immunol. 170: 2904-2911).In order to evaluate the direct interaction of the CXCR2 or CXCR1 receptor with beta -arrestin 2, a beta -arrestin 2 recruitment test for CXCR2 or CXCR1 based on beta -galactosidase enzyme complementation (Olson K R, Eglen R M. Beta galactosidase complementation: a cell-based luminescent assay platform for drug discovery. Assay Drug Dev Technol. 2007 February; 5(1); 137-44).",CXCR1,CHEMBL3887209,CHEMBL3886212
CHEMBL3915853,Cc1ccc(C(Nc2c(Nc3cccc(C(=O)N(C)C)c3O)c(=O)c2=O)C2CCSCC2)o1,5.47,"In Vitro Assay: The in vitro affinity of the compounds of the present invention for the CXCR1 and CXCR2 receptors was determined on a functional test of the beta -arrestin recruitment after receptor activation type.It was demonstrated that the activation by CXCL8 of the CXCR2 receptor in cells of the PathHunter HEK293-CXCR2 line or of the CXCR1 receptor in cells of the U2OS h CXCR1 beta -arrestin line results in the recruitment of beta -arrestin (Richardson et al. 2003 Role of the cytoplasmic tails of CXCR1 and CXCR2 in mediating leukocyte migration, activation, and regulation.>>J. Immunol. 170: 2904-2911).In order to evaluate the direct interaction of the CXCR2 or CXCR1 receptor with beta -arrestin 2, a beta -arrestin 2 recruitment test for CXCR2 or CXCR1 based on beta -galactosidase enzyme complementation (Olson K R, Eglen R M. Beta galactosidase complementation: a cell-based luminescent assay platform for drug discovery. Assay Drug Dev Technol. 2007 February; 5(1); 137-44).",CXCR1,CHEMBL3887209,CHEMBL3886212
CHEMBL3938406,Cc1ccc(C(Nc2c(Nc3cccc(C(=O)N(C)C)c3O)c(=O)c2=O)C2(C)CCOCC2)o1,5.47,"In Vitro Assay: The in vitro affinity of the compounds of the present invention for the CXCR1 and CXCR2 receptors was determined on a functional test of the beta -arrestin recruitment after receptor activation type.It was demonstrated that the activation by CXCL8 of the CXCR2 receptor in cells of the PathHunter HEK293-CXCR2 line or of the CXCR1 receptor in cells of the U2OS h CXCR1 beta -arrestin line results in the recruitment of beta -arrestin (Richardson et al. 2003 Role of the cytoplasmic tails of CXCR1 and CXCR2 in mediating leukocyte migration, activation, and regulation.>>J. Immunol. 170: 2904-2911).In order to evaluate the direct interaction of the CXCR2 or CXCR1 receptor with beta -arrestin 2, a beta -arrestin 2 recruitment test for CXCR2 or CXCR1 based on beta -galactosidase enzyme complementation (Olson K R, Eglen R M. Beta galactosidase complementation: a cell-based luminescent assay platform for drug discovery. Assay Drug Dev Technol. 2007 February; 5(1); 137-44).",CXCR1,CHEMBL3887209,CHEMBL3886212
CHEMBL3979652,Cc1ccc(C(Nc2c(Nc3cccc(C(=O)N(C)C)c3O)c(=O)c2=O)C2(C)CCCO2)o1,6.61,"In Vitro Affinity Assay: â¿¿PathHunter HEK293-CXCR2â¿ or â¿¿U2OS hCXCR1 β-arrestinâ¿ cells (DiscoveRx Corporation) were seeded overnight at 10 000 cells/well (384-well format) in 20 μl of Opti MEM I medium. A preincubation with the antagonist or the vehicle for 30 min at 37° C. and 5% CO2 was followed by 60 minutes of stimulation with CXCL8 at 37° C. and 5% CO2. The cells were then placed at ambient temperature for 30 minutes. The PathHunter detection reagent (DiscoveRx Corporation) was added. After incubation for 60 min at ambient temperature, the β-galactosidase induced by the luminescence during the β-arrestin-CXCR2 interaction was measured for 0.3 s in an Envision 2102 Multilabel Reader (PerkinElmer Life and Analytical Sciences).",CXCR1,CHEMBL3888716,CHEMBL3886800
CHEMBL3979652,Cc1ccc(C(Nc2c(Nc3cccc(C(=O)N(C)C)c3O)c(=O)c2=O)C2(C)CCCO2)o1,5.68,"In Vitro Affinity Assay: â¿¿PathHunter HEK293-CXCR2â¿ or â¿¿U2OS hCXCR1 β-arrestinâ¿ cells (DiscoveRx Corporation) were seeded overnight at 10 000 cells/well (384-well format) in 20 μl of Opti MEM I medium. A preincubation with the antagonist or the vehicle for 30 min at 37° C. and 5% CO2 was followed by 60 minutes of stimulation with CXCL8 at 37° C. and 5% CO2. The cells were then placed at ambient temperature for 30 minutes. The PathHunter detection reagent (DiscoveRx Corporation) was added. After incubation for 60 min at ambient temperature, the β-galactosidase induced by the luminescence during the β-arrestin-CXCR2 interaction was measured for 0.3 s in an Envision 2102 Multilabel Reader (PerkinElmer Life and Analytical Sciences).",CXCR1,CHEMBL3888716,CHEMBL3886800
CHEMBL3979652,Cc1ccc(C(Nc2c(Nc3cccc(C(=O)N(C)C)c3O)c(=O)c2=O)C2(C)CCCO2)o1,6.09,"In Vitro Affinity Assay: â¿¿PathHunter HEK293-CXCR2â¿ or â¿¿U2OS hCXCR1 β-arrestinâ¿ cells (DiscoveRx Corporation) were seeded overnight at 10 000 cells/well (384-well format) in 20 μl of Opti MEM I medium. A preincubation with the antagonist or the vehicle for 30 min at 37° C. and 5% CO2 was followed by 60 minutes of stimulation with CXCL8 at 37° C. and 5% CO2. The cells were then placed at ambient temperature for 30 minutes. The PathHunter detection reagent (DiscoveRx Corporation) was added. After incubation for 60 min at ambient temperature, the β-galactosidase induced by the luminescence during the β-arrestin-CXCR2 interaction was measured for 0.3 s in an Envision 2102 Multilabel Reader (PerkinElmer Life and Analytical Sciences).",CXCR1,CHEMBL3888716,CHEMBL3886800
CHEMBL3951994,Cc1ccc(C(Nc2c(Nc3cccc(C(=O)N(C)C)c3O)c(=O)c2=O)C2CCCS2)o1,7.11,"In Vitro Affinity Assay: â¿¿PathHunter HEK293-CXCR2â¿ or â¿¿U2OS hCXCR1 β-arrestinâ¿ cells (DiscoveRx Corporation) were seeded overnight at 10 000 cells/well (384-well format) in 20 μl of Opti MEM I medium. A preincubation with the antagonist or the vehicle for 30 min at 37° C. and 5% CO2 was followed by 60 minutes of stimulation with CXCL8 at 37° C. and 5% CO2. The cells were then placed at ambient temperature for 30 minutes. The PathHunter detection reagent (DiscoveRx Corporation) was added. After incubation for 60 min at ambient temperature, the β-galactosidase induced by the luminescence during the β-arrestin-CXCR2 interaction was measured for 0.3 s in an Envision 2102 Multilabel Reader (PerkinElmer Life and Analytical Sciences).",CXCR1,CHEMBL3888716,CHEMBL3886800
CHEMBL3951994,Cc1ccc(C(Nc2c(Nc3cccc(C(=O)N(C)C)c3O)c(=O)c2=O)C2CCCS2)o1,7.36,"In Vitro Affinity Assay: â¿¿PathHunter HEK293-CXCR2â¿ or â¿¿U2OS hCXCR1 β-arrestinâ¿ cells (DiscoveRx Corporation) were seeded overnight at 10 000 cells/well (384-well format) in 20 μl of Opti MEM I medium. A preincubation with the antagonist or the vehicle for 30 min at 37° C. and 5% CO2 was followed by 60 minutes of stimulation with CXCL8 at 37° C. and 5% CO2. The cells were then placed at ambient temperature for 30 minutes. The PathHunter detection reagent (DiscoveRx Corporation) was added. After incubation for 60 min at ambient temperature, the β-galactosidase induced by the luminescence during the β-arrestin-CXCR2 interaction was measured for 0.3 s in an Envision 2102 Multilabel Reader (PerkinElmer Life and Analytical Sciences).",CXCR1,CHEMBL3888716,CHEMBL3886800
CHEMBL3951994,Cc1ccc(C(Nc2c(Nc3cccc(C(=O)N(C)C)c3O)c(=O)c2=O)C2CCCS2)o1,6.16,"In Vitro Affinity Assay: â¿¿PathHunter HEK293-CXCR2â¿ or â¿¿U2OS hCXCR1 β-arrestinâ¿ cells (DiscoveRx Corporation) were seeded overnight at 10 000 cells/well (384-well format) in 20 μl of Opti MEM I medium. A preincubation with the antagonist or the vehicle for 30 min at 37° C. and 5% CO2 was followed by 60 minutes of stimulation with CXCL8 at 37° C. and 5% CO2. The cells were then placed at ambient temperature for 30 minutes. The PathHunter detection reagent (DiscoveRx Corporation) was added. After incubation for 60 min at ambient temperature, the β-galactosidase induced by the luminescence during the β-arrestin-CXCR2 interaction was measured for 0.3 s in an Envision 2102 Multilabel Reader (PerkinElmer Life and Analytical Sciences).",CXCR1,CHEMBL3888716,CHEMBL3886800
CHEMBL3951994,Cc1ccc(C(Nc2c(Nc3cccc(C(=O)N(C)C)c3O)c(=O)c2=O)C2CCCS2)o1,5.81,"In Vitro Affinity Assay: â¿¿PathHunter HEK293-CXCR2â¿ or â¿¿U2OS hCXCR1 β-arrestinâ¿ cells (DiscoveRx Corporation) were seeded overnight at 10 000 cells/well (384-well format) in 20 μl of Opti MEM I medium. A preincubation with the antagonist or the vehicle for 30 min at 37° C. and 5% CO2 was followed by 60 minutes of stimulation with CXCL8 at 37° C. and 5% CO2. The cells were then placed at ambient temperature for 30 minutes. The PathHunter detection reagent (DiscoveRx Corporation) was added. After incubation for 60 min at ambient temperature, the β-galactosidase induced by the luminescence during the β-arrestin-CXCR2 interaction was measured for 0.3 s in an Envision 2102 Multilabel Reader (PerkinElmer Life and Analytical Sciences).",CXCR1,CHEMBL3888716,CHEMBL3886800
CHEMBL3951994,Cc1ccc(C(Nc2c(Nc3cccc(C(=O)N(C)C)c3O)c(=O)c2=O)C2CCCS2)o1,6.18,"In Vitro Affinity Assay: â¿¿PathHunter HEK293-CXCR2â¿ or â¿¿U2OS hCXCR1 β-arrestinâ¿ cells (DiscoveRx Corporation) were seeded overnight at 10 000 cells/well (384-well format) in 20 μl of Opti MEM I medium. A preincubation with the antagonist or the vehicle for 30 min at 37° C. and 5% CO2 was followed by 60 minutes of stimulation with CXCL8 at 37° C. and 5% CO2. The cells were then placed at ambient temperature for 30 minutes. The PathHunter detection reagent (DiscoveRx Corporation) was added. After incubation for 60 min at ambient temperature, the β-galactosidase induced by the luminescence during the β-arrestin-CXCR2 interaction was measured for 0.3 s in an Envision 2102 Multilabel Reader (PerkinElmer Life and Analytical Sciences).",CXCR1,CHEMBL3888716,CHEMBL3886800
CHEMBL3951994,Cc1ccc(C(Nc2c(Nc3cccc(C(=O)N(C)C)c3O)c(=O)c2=O)C2CCCS2)o1,5.34,"In Vitro Affinity Assay: â¿¿PathHunter HEK293-CXCR2â¿ or â¿¿U2OS hCXCR1 β-arrestinâ¿ cells (DiscoveRx Corporation) were seeded overnight at 10 000 cells/well (384-well format) in 20 μl of Opti MEM I medium. A preincubation with the antagonist or the vehicle for 30 min at 37° C. and 5% CO2 was followed by 60 minutes of stimulation with CXCL8 at 37° C. and 5% CO2. The cells were then placed at ambient temperature for 30 minutes. The PathHunter detection reagent (DiscoveRx Corporation) was added. After incubation for 60 min at ambient temperature, the β-galactosidase induced by the luminescence during the β-arrestin-CXCR2 interaction was measured for 0.3 s in an Envision 2102 Multilabel Reader (PerkinElmer Life and Analytical Sciences).",CXCR1,CHEMBL3888716,CHEMBL3886800
CHEMBL3891755,COC(=O)[C@@H]1CCCN1C(=O)c1cccc(Nc2c(NC(c3ccc(C)o3)[C@H]3CCCS3)c(=O)c2=O)c1F,6.26,"In Vitro Affinity Assay: â¿¿PathHunter HEK293-CXCR2â¿ or â¿¿U2OS hCXCR1 β-arrestinâ¿ cells (DiscoveRx Corporation) were seeded overnight at 10 000 cells/well (384-well format) in 20 μl of Opti MEM I medium. A preincubation with the antagonist or the vehicle for 30 min at 37° C. and 5% CO2 was followed by 60 minutes of stimulation with CXCL8 at 37° C. and 5% CO2. The cells were then placed at ambient temperature for 30 minutes. The PathHunter detection reagent (DiscoveRx Corporation) was added. After incubation for 60 min at ambient temperature, the β-galactosidase induced by the luminescence during the β-arrestin-CXCR2 interaction was measured for 0.3 s in an Envision 2102 Multilabel Reader (PerkinElmer Life and Analytical Sciences).",CXCR1,CHEMBL3888716,CHEMBL3886800
CHEMBL3900726,COC(=O)C1CCCN1C(=O)c1cccc(Nc2c(NC(c3ccc(C)o3)C3CCCS3)c(=O)c2=O)c1F,6.09,"In Vitro Affinity Assay: â¿¿PathHunter HEK293-CXCR2â¿ or â¿¿U2OS hCXCR1 β-arrestinâ¿ cells (DiscoveRx Corporation) were seeded overnight at 10 000 cells/well (384-well format) in 20 μl of Opti MEM I medium. A preincubation with the antagonist or the vehicle for 30 min at 37° C. and 5% CO2 was followed by 60 minutes of stimulation with CXCL8 at 37° C. and 5% CO2. The cells were then placed at ambient temperature for 30 minutes. The PathHunter detection reagent (DiscoveRx Corporation) was added. After incubation for 60 min at ambient temperature, the β-galactosidase induced by the luminescence during the β-arrestin-CXCR2 interaction was measured for 0.3 s in an Envision 2102 Multilabel Reader (PerkinElmer Life and Analytical Sciences).",CXCR1,CHEMBL3888716,CHEMBL3886800
CHEMBL3968340,COC(=O)[C@@H]1CCCN1C(=O)c1cccc(Nc2c(N[C@H](c3ccc(C)o3)[C@@H]3CCCS3)c(=O)c2=O)c1F,5.05,"In Vitro Affinity Assay: â¿¿PathHunter HEK293-CXCR2â¿ or â¿¿U2OS hCXCR1 β-arrestinâ¿ cells (DiscoveRx Corporation) were seeded overnight at 10 000 cells/well (384-well format) in 20 μl of Opti MEM I medium. A preincubation with the antagonist or the vehicle for 30 min at 37° C. and 5% CO2 was followed by 60 minutes of stimulation with CXCL8 at 37° C. and 5% CO2. The cells were then placed at ambient temperature for 30 minutes. The PathHunter detection reagent (DiscoveRx Corporation) was added. After incubation for 60 min at ambient temperature, the β-galactosidase induced by the luminescence during the β-arrestin-CXCR2 interaction was measured for 0.3 s in an Envision 2102 Multilabel Reader (PerkinElmer Life and Analytical Sciences).",CXCR1,CHEMBL3888716,CHEMBL3886800
CHEMBL3976863,Cc1ccc(C(Nc2c(Nc3cccc(C(=O)N4CCC[C@H]4C(=O)OC(C)C)c3F)c(=O)c2=O)C2CCCS2)o1,5.72,"In Vitro Affinity Assay: â¿¿PathHunter HEK293-CXCR2â¿ or â¿¿U2OS hCXCR1 β-arrestinâ¿ cells (DiscoveRx Corporation) were seeded overnight at 10 000 cells/well (384-well format) in 20 μl of Opti MEM I medium. A preincubation with the antagonist or the vehicle for 30 min at 37° C. and 5% CO2 was followed by 60 minutes of stimulation with CXCL8 at 37° C. and 5% CO2. The cells were then placed at ambient temperature for 30 minutes. The PathHunter detection reagent (DiscoveRx Corporation) was added. After incubation for 60 min at ambient temperature, the β-galactosidase induced by the luminescence during the β-arrestin-CXCR2 interaction was measured for 0.3 s in an Envision 2102 Multilabel Reader (PerkinElmer Life and Analytical Sciences).",CXCR1,CHEMBL3888716,CHEMBL3886800
CHEMBL3906175,CCOC(=O)[C@@H]1CCCN1C(=O)c1cccc(Nc2c(NC(c3ccc(C)o3)C3CCCS3)c(=O)c2=O)c1F,6.15,"In Vitro Affinity Assay: â¿¿PathHunter HEK293-CXCR2â¿ or â¿¿U2OS hCXCR1 β-arrestinâ¿ cells (DiscoveRx Corporation) were seeded overnight at 10 000 cells/well (384-well format) in 20 μl of Opti MEM I medium. A preincubation with the antagonist or the vehicle for 30 min at 37° C. and 5% CO2 was followed by 60 minutes of stimulation with CXCL8 at 37° C. and 5% CO2. The cells were then placed at ambient temperature for 30 minutes. The PathHunter detection reagent (DiscoveRx Corporation) was added. After incubation for 60 min at ambient temperature, the β-galactosidase induced by the luminescence during the β-arrestin-CXCR2 interaction was measured for 0.3 s in an Envision 2102 Multilabel Reader (PerkinElmer Life and Analytical Sciences).",CXCR1,CHEMBL3888716,CHEMBL3886800
CHEMBL3901913,COC(=O)[C@H]1CCCN1C(=O)c1cccc(Nc2c(NC(c3ccc(C)o3)C3CCCS3)c(=O)c2=O)c1O,6.97,"In Vitro Affinity Assay: â¿¿PathHunter HEK293-CXCR2â¿ or â¿¿U2OS hCXCR1 β-arrestinâ¿ cells (DiscoveRx Corporation) were seeded overnight at 10 000 cells/well (384-well format) in 20 μl of Opti MEM I medium. A preincubation with the antagonist or the vehicle for 30 min at 37° C. and 5% CO2 was followed by 60 minutes of stimulation with CXCL8 at 37° C. and 5% CO2. The cells were then placed at ambient temperature for 30 minutes. The PathHunter detection reagent (DiscoveRx Corporation) was added. After incubation for 60 min at ambient temperature, the β-galactosidase induced by the luminescence during the β-arrestin-CXCR2 interaction was measured for 0.3 s in an Envision 2102 Multilabel Reader (PerkinElmer Life and Analytical Sciences).",CXCR1,CHEMBL3888716,CHEMBL3886800
CHEMBL3915145,COC(=O)[C@@H]1CCCN1C(=O)c1cccc(Nc2c(NC(c3ccc(C)o3)C3CCCS3)c(=O)c2=O)c1O,6.77,"In Vitro Affinity Assay: â¿¿PathHunter HEK293-CXCR2â¿ or â¿¿U2OS hCXCR1 β-arrestinâ¿ cells (DiscoveRx Corporation) were seeded overnight at 10 000 cells/well (384-well format) in 20 μl of Opti MEM I medium. A preincubation with the antagonist or the vehicle for 30 min at 37° C. and 5% CO2 was followed by 60 minutes of stimulation with CXCL8 at 37° C. and 5% CO2. The cells were then placed at ambient temperature for 30 minutes. The PathHunter detection reagent (DiscoveRx Corporation) was added. After incubation for 60 min at ambient temperature, the β-galactosidase induced by the luminescence during the β-arrestin-CXCR2 interaction was measured for 0.3 s in an Envision 2102 Multilabel Reader (PerkinElmer Life and Analytical Sciences).",CXCR1,CHEMBL3888716,CHEMBL3886800
CHEMBL3901913,COC(=O)[C@H]1CCCN1C(=O)c1cccc(Nc2c(NC(c3ccc(C)o3)C3CCCS3)c(=O)c2=O)c1O,6.07,"In Vitro Affinity Assay: â¿¿PathHunter HEK293-CXCR2â¿ or â¿¿U2OS hCXCR1 β-arrestinâ¿ cells (DiscoveRx Corporation) were seeded overnight at 10 000 cells/well (384-well format) in 20 μl of Opti MEM I medium. A preincubation with the antagonist or the vehicle for 30 min at 37° C. and 5% CO2 was followed by 60 minutes of stimulation with CXCL8 at 37° C. and 5% CO2. The cells were then placed at ambient temperature for 30 minutes. The PathHunter detection reagent (DiscoveRx Corporation) was added. After incubation for 60 min at ambient temperature, the β-galactosidase induced by the luminescence during the β-arrestin-CXCR2 interaction was measured for 0.3 s in an Envision 2102 Multilabel Reader (PerkinElmer Life and Analytical Sciences).",CXCR1,CHEMBL3888716,CHEMBL3886800
CHEMBL3909470,Cc1ccc([C@H](Nc2c(Nc3cccc(C(=O)N(C)CC(F)(F)F)c3O)c(=O)c2=O)C2CCCS2)o1,7.07,"In Vitro Affinity Assay: â¿¿PathHunter HEK293-CXCR2â¿ or â¿¿U2OS hCXCR1 β-arrestinâ¿ cells (DiscoveRx Corporation) were seeded overnight at 10 000 cells/well (384-well format) in 20 μl of Opti MEM I medium. A preincubation with the antagonist or the vehicle for 30 min at 37° C. and 5% CO2 was followed by 60 minutes of stimulation with CXCL8 at 37° C. and 5% CO2. The cells were then placed at ambient temperature for 30 minutes. The PathHunter detection reagent (DiscoveRx Corporation) was added. After incubation for 60 min at ambient temperature, the β-galactosidase induced by the luminescence during the β-arrestin-CXCR2 interaction was measured for 0.3 s in an Envision 2102 Multilabel Reader (PerkinElmer Life and Analytical Sciences).",CXCR1,CHEMBL3888716,CHEMBL3886800
CHEMBL3902863,Cc1ccc([C@@H](Nc2c(Nc3cccc(C(=O)N(C)CC(F)(F)F)c3O)c(=O)c2=O)C2CCCS2)o1,6.29,"In Vitro Affinity Assay: â¿¿PathHunter HEK293-CXCR2â¿ or â¿¿U2OS hCXCR1 β-arrestinâ¿ cells (DiscoveRx Corporation) were seeded overnight at 10 000 cells/well (384-well format) in 20 μl of Opti MEM I medium. A preincubation with the antagonist or the vehicle for 30 min at 37° C. and 5% CO2 was followed by 60 minutes of stimulation with CXCL8 at 37° C. and 5% CO2. The cells were then placed at ambient temperature for 30 minutes. The PathHunter detection reagent (DiscoveRx Corporation) was added. After incubation for 60 min at ambient temperature, the β-galactosidase induced by the luminescence during the β-arrestin-CXCR2 interaction was measured for 0.3 s in an Envision 2102 Multilabel Reader (PerkinElmer Life and Analytical Sciences).",CXCR1,CHEMBL3888716,CHEMBL3886800
CHEMBL3935902,COC(=O)CNCC(=O)c1cccc(Nc2c(NC(c3ccc(C)o3)C3CCCS3)c(=O)c2=O)c1O,7.05,"In Vitro Affinity Assay: â¿¿PathHunter HEK293-CXCR2â¿ or â¿¿U2OS hCXCR1 β-arrestinâ¿ cells (DiscoveRx Corporation) were seeded overnight at 10 000 cells/well (384-well format) in 20 μl of Opti MEM I medium. A preincubation with the antagonist or the vehicle for 30 min at 37° C. and 5% CO2 was followed by 60 minutes of stimulation with CXCL8 at 37° C. and 5% CO2. The cells were then placed at ambient temperature for 30 minutes. The PathHunter detection reagent (DiscoveRx Corporation) was added. After incubation for 60 min at ambient temperature, the β-galactosidase induced by the luminescence during the β-arrestin-CXCR2 interaction was measured for 0.3 s in an Envision 2102 Multilabel Reader (PerkinElmer Life and Analytical Sciences).",CXCR1,CHEMBL3888716,CHEMBL3886800
CHEMBL3935902,COC(=O)CNCC(=O)c1cccc(Nc2c(NC(c3ccc(C)o3)C3CCCS3)c(=O)c2=O)c1O,6.24,"In Vitro Affinity Assay: â¿¿PathHunter HEK293-CXCR2â¿ or â¿¿U2OS hCXCR1 β-arrestinâ¿ cells (DiscoveRx Corporation) were seeded overnight at 10 000 cells/well (384-well format) in 20 μl of Opti MEM I medium. A preincubation with the antagonist or the vehicle for 30 min at 37° C. and 5% CO2 was followed by 60 minutes of stimulation with CXCL8 at 37° C. and 5% CO2. The cells were then placed at ambient temperature for 30 minutes. The PathHunter detection reagent (DiscoveRx Corporation) was added. After incubation for 60 min at ambient temperature, the β-galactosidase induced by the luminescence during the β-arrestin-CXCR2 interaction was measured for 0.3 s in an Envision 2102 Multilabel Reader (PerkinElmer Life and Analytical Sciences).",CXCR1,CHEMBL3888716,CHEMBL3886800
CHEMBL3913959,Cc1ccc(C(Nc2c(Nc3ccc(Cl)c(S(=O)(=O)N(C)C)c3O)c(=O)c2=O)C2CCCS2)o1,7.7,"In Vitro Affinity Assay: â¿¿PathHunter HEK293-CXCR2â¿ or â¿¿U2OS hCXCR1 β-arrestinâ¿ cells (DiscoveRx Corporation) were seeded overnight at 10 000 cells/well (384-well format) in 20 μl of Opti MEM I medium. A preincubation with the antagonist or the vehicle for 30 min at 37° C. and 5% CO2 was followed by 60 minutes of stimulation with CXCL8 at 37° C. and 5% CO2. The cells were then placed at ambient temperature for 30 minutes. The PathHunter detection reagent (DiscoveRx Corporation) was added. After incubation for 60 min at ambient temperature, the β-galactosidase induced by the luminescence during the β-arrestin-CXCR2 interaction was measured for 0.3 s in an Envision 2102 Multilabel Reader (PerkinElmer Life and Analytical Sciences).",CXCR1,CHEMBL3888716,CHEMBL3886800
CHEMBL3913959,Cc1ccc(C(Nc2c(Nc3ccc(Cl)c(S(=O)(=O)N(C)C)c3O)c(=O)c2=O)C2CCCS2)o1,5.96,"In Vitro Affinity Assay: â¿¿PathHunter HEK293-CXCR2â¿ or â¿¿U2OS hCXCR1 β-arrestinâ¿ cells (DiscoveRx Corporation) were seeded overnight at 10 000 cells/well (384-well format) in 20 μl of Opti MEM I medium. A preincubation with the antagonist or the vehicle for 30 min at 37° C. and 5% CO2 was followed by 60 minutes of stimulation with CXCL8 at 37° C. and 5% CO2. The cells were then placed at ambient temperature for 30 minutes. The PathHunter detection reagent (DiscoveRx Corporation) was added. After incubation for 60 min at ambient temperature, the β-galactosidase induced by the luminescence during the β-arrestin-CXCR2 interaction was measured for 0.3 s in an Envision 2102 Multilabel Reader (PerkinElmer Life and Analytical Sciences).",CXCR1,CHEMBL3888716,CHEMBL3886800
CHEMBL4106677,Cc1ccc(C(Nc2c(Nc3cccc(C(=O)N(C)C)c3O)c(=O)c2=O)[C@H]2CCCO2)o1,5.88,"In Vitro Affinity Assay: â¿¿PathHunter HEK293-CXCR2â¿ or â¿¿U2OS hCXCR1 β-arrestinâ¿ cells (DiscoveRx Corporation) were seeded overnight at 10 000 cells/well (384-well format) in 20 μl of Opti MEM I medium. A preincubation with the antagonist or the vehicle for 30 min at 37° C. and 5% CO2 was followed by 60 minutes of stimulation with CXCL8 at 37° C. and 5% CO2. The cells were then placed at ambient temperature for 30 minutes. The PathHunter detection reagent (DiscoveRx Corporation) was added. After incubation for 60 min at ambient temperature, the β-galactosidase induced by the luminescence during the β-arrestin-CXCR2 interaction was measured for 0.3 s in an Envision 2102 Multilabel Reader (PerkinElmer Life and Analytical Sciences).",CXCR1,CHEMBL3888716,CHEMBL3886800
CHEMBL3934321,Cc1ccc(C(Nc2c(Nc3cccc(C(=O)N(C)C)c3O)c(=O)c2=O)[C@@H]2CCCO2)o1,6.32,"In Vitro Affinity Assay: â¿¿PathHunter HEK293-CXCR2â¿ or â¿¿U2OS hCXCR1 β-arrestinâ¿ cells (DiscoveRx Corporation) were seeded overnight at 10 000 cells/well (384-well format) in 20 μl of Opti MEM I medium. A preincubation with the antagonist or the vehicle for 30 min at 37° C. and 5% CO2 was followed by 60 minutes of stimulation with CXCL8 at 37° C. and 5% CO2. The cells were then placed at ambient temperature for 30 minutes. The PathHunter detection reagent (DiscoveRx Corporation) was added. After incubation for 60 min at ambient temperature, the β-galactosidase induced by the luminescence during the β-arrestin-CXCR2 interaction was measured for 0.3 s in an Envision 2102 Multilabel Reader (PerkinElmer Life and Analytical Sciences).",CXCR1,CHEMBL3888716,CHEMBL3886800
CHEMBL3980279,CN(C)C(=O)c1cccc(Nc2c(NC(c3ccccc3)C3CCCO3)c(=O)c2=O)c1O,5.94,"In Vitro Affinity Assay: â¿¿PathHunter HEK293-CXCR2â¿ or â¿¿U2OS hCXCR1 β-arrestinâ¿ cells (DiscoveRx Corporation) were seeded overnight at 10 000 cells/well (384-well format) in 20 μl of Opti MEM I medium. A preincubation with the antagonist or the vehicle for 30 min at 37° C. and 5% CO2 was followed by 60 minutes of stimulation with CXCL8 at 37° C. and 5% CO2. The cells were then placed at ambient temperature for 30 minutes. The PathHunter detection reagent (DiscoveRx Corporation) was added. After incubation for 60 min at ambient temperature, the β-galactosidase induced by the luminescence during the β-arrestin-CXCR2 interaction was measured for 0.3 s in an Envision 2102 Multilabel Reader (PerkinElmer Life and Analytical Sciences).",CXCR1,CHEMBL3888716,CHEMBL3886800
CHEMBL3963336,COC(=O)[C@@H]1CCCN1C(=O)c1cccc(Nc2c(NC(c3ccc(C)o3)C3CCCS3)c(=O)c2=O)c1F,5.42,"In Vitro Affinity Assay: â¿¿PathHunter HEK293-CXCR2â¿ or â¿¿U2OS hCXCR1 β-arrestinâ¿ cells (DiscoveRx Corporation) were seeded overnight at 10 000 cells/well (384-well format) in 20 μl of Opti MEM I medium. A preincubation with the antagonist or the vehicle for 30 min at 37° C. and 5% CO2 was followed by 60 minutes of stimulation with CXCL8 at 37° C. and 5% CO2. The cells were then placed at ambient temperature for 30 minutes. The PathHunter detection reagent (DiscoveRx Corporation) was added. After incubation for 60 min at ambient temperature, the β-galactosidase induced by the luminescence during the β-arrestin-CXCR2 interaction was measured for 0.3 s in an Envision 2102 Multilabel Reader (PerkinElmer Life and Analytical Sciences).",CXCR1,CHEMBL3888716,CHEMBL3886800
CHEMBL3947915,Cc1ccc(C(Nc2c(Nc3cccnc3O)c(=O)c2=O)C2CCCS2)o1,6.19,"In Vitro Affinity Assay: â¿¿PathHunter HEK293-CXCR2â¿ or â¿¿U2OS hCXCR1 β-arrestinâ¿ cells (DiscoveRx Corporation) were seeded overnight at 10 000 cells/well (384-well format) in 20 μl of Opti MEM I medium. A preincubation with the antagonist or the vehicle for 30 min at 37° C. and 5% CO2 was followed by 60 minutes of stimulation with CXCL8 at 37° C. and 5% CO2. The cells were then placed at ambient temperature for 30 minutes. The PathHunter detection reagent (DiscoveRx Corporation) was added. After incubation for 60 min at ambient temperature, the β-galactosidase induced by the luminescence during the β-arrestin-CXCR2 interaction was measured for 0.3 s in an Envision 2102 Multilabel Reader (PerkinElmer Life and Analytical Sciences).",CXCR1,CHEMBL3888716,CHEMBL3886800
CHEMBL3986396,Cc1ccc(C(Nc2c(NC3=CC=CN(C)C3O)c(=O)c2=O)C2CCCS2)o1,6.42,"In Vitro Affinity Assay: â¿¿PathHunter HEK293-CXCR2â¿ or â¿¿U2OS hCXCR1 β-arrestinâ¿ cells (DiscoveRx Corporation) were seeded overnight at 10 000 cells/well (384-well format) in 20 μl of Opti MEM I medium. A preincubation with the antagonist or the vehicle for 30 min at 37° C. and 5% CO2 was followed by 60 minutes of stimulation with CXCL8 at 37° C. and 5% CO2. The cells were then placed at ambient temperature for 30 minutes. The PathHunter detection reagent (DiscoveRx Corporation) was added. After incubation for 60 min at ambient temperature, the β-galactosidase induced by the luminescence during the β-arrestin-CXCR2 interaction was measured for 0.3 s in an Envision 2102 Multilabel Reader (PerkinElmer Life and Analytical Sciences).",CXCR1,CHEMBL3888716,CHEMBL3886800
CHEMBL3909470,Cc1ccc([C@H](Nc2c(Nc3cccc(C(=O)N(C)CC(F)(F)F)c3O)c(=O)c2=O)C2CCCS2)o1,7.44,"In Vitro Affinity Assay: â¿¿PathHunter HEK293-CXCR2â¿ or â¿¿U2OS hCXCR1 β-arrestinâ¿ cells (DiscoveRx Corporation) were seeded overnight at 10 000 cells/well (384-well format) in 20 μl of Opti MEM I medium. A preincubation with the antagonist or the vehicle for 30 min at 37° C. and 5% CO2 was followed by 60 minutes of stimulation with CXCL8 at 37° C. and 5% CO2. The cells were then placed at ambient temperature for 30 minutes. The PathHunter detection reagent (DiscoveRx Corporation) was added. After incubation for 60 min at ambient temperature, the β-galactosidase induced by the luminescence during the β-arrestin-CXCR2 interaction was measured for 0.3 s in an Envision 2102 Multilabel Reader (PerkinElmer Life and Analytical Sciences).",CXCR1,CHEMBL3888716,CHEMBL3886800
CHEMBL3904195,COC(=O)CN(C)C(=O)c1cccc(Nc2c(N[C@@H](c3ccc(C)o3)C3CCCS3)c(=O)c2=O)c1O,7.38,"In Vitro Affinity Assay: â¿¿PathHunter HEK293-CXCR2â¿ or â¿¿U2OS hCXCR1 β-arrestinâ¿ cells (DiscoveRx Corporation) were seeded overnight at 10 000 cells/well (384-well format) in 20 μl of Opti MEM I medium. A preincubation with the antagonist or the vehicle for 30 min at 37° C. and 5% CO2 was followed by 60 minutes of stimulation with CXCL8 at 37° C. and 5% CO2. The cells were then placed at ambient temperature for 30 minutes. The PathHunter detection reagent (DiscoveRx Corporation) was added. After incubation for 60 min at ambient temperature, the β-galactosidase induced by the luminescence during the β-arrestin-CXCR2 interaction was measured for 0.3 s in an Envision 2102 Multilabel Reader (PerkinElmer Life and Analytical Sciences).",CXCR1,CHEMBL3888716,CHEMBL3886800
CHEMBL3901913,COC(=O)[C@H]1CCCN1C(=O)c1cccc(Nc2c(NC(c3ccc(C)o3)C3CCCS3)c(=O)c2=O)c1O,7.37,"In Vitro Affinity Assay: â¿¿PathHunter HEK293-CXCR2â¿ or â¿¿U2OS hCXCR1 β-arrestinâ¿ cells (DiscoveRx Corporation) were seeded overnight at 10 000 cells/well (384-well format) in 20 μl of Opti MEM I medium. A preincubation with the antagonist or the vehicle for 30 min at 37° C. and 5% CO2 was followed by 60 minutes of stimulation with CXCL8 at 37° C. and 5% CO2. The cells were then placed at ambient temperature for 30 minutes. The PathHunter detection reagent (DiscoveRx Corporation) was added. After incubation for 60 min at ambient temperature, the β-galactosidase induced by the luminescence during the β-arrestin-CXCR2 interaction was measured for 0.3 s in an Envision 2102 Multilabel Reader (PerkinElmer Life and Analytical Sciences).",CXCR1,CHEMBL3888716,CHEMBL3886800
CHEMBL3956601,Cc1ccc(C(Nc2c(Nc3ccc(Cl)c(C(=O)N(C)C)c3O)c(=O)c2=O)C2CCCS2)o1,6.95,"In Vitro Affinity Assay: â¿¿PathHunter HEK293-CXCR2â¿ or â¿¿U2OS hCXCR1 β-arrestinâ¿ cells (DiscoveRx Corporation) were seeded overnight at 10 000 cells/well (384-well format) in 20 μl of Opti MEM I medium. A preincubation with the antagonist or the vehicle for 30 min at 37° C. and 5% CO2 was followed by 60 minutes of stimulation with CXCL8 at 37° C. and 5% CO2. The cells were then placed at ambient temperature for 30 minutes. The PathHunter detection reagent (DiscoveRx Corporation) was added. After incubation for 60 min at ambient temperature, the β-galactosidase induced by the luminescence during the β-arrestin-CXCR2 interaction was measured for 0.3 s in an Envision 2102 Multilabel Reader (PerkinElmer Life and Analytical Sciences).",CXCR1,CHEMBL3888716,CHEMBL3886800
CHEMBL3952996,Cc1ccc(C(Nc2c(Nc3ccc(Cl)c(S(=O)(=O)N4CCN(C)CC4)c3O)c(=O)c2=O)C2CCCS2)o1,7.52,"In Vitro Affinity Assay: â¿¿PathHunter HEK293-CXCR2â¿ or â¿¿U2OS hCXCR1 β-arrestinâ¿ cells (DiscoveRx Corporation) were seeded overnight at 10 000 cells/well (384-well format) in 20 μl of Opti MEM I medium. A preincubation with the antagonist or the vehicle for 30 min at 37° C. and 5% CO2 was followed by 60 minutes of stimulation with CXCL8 at 37° C. and 5% CO2. The cells were then placed at ambient temperature for 30 minutes. The PathHunter detection reagent (DiscoveRx Corporation) was added. After incubation for 60 min at ambient temperature, the β-galactosidase induced by the luminescence during the β-arrestin-CXCR2 interaction was measured for 0.3 s in an Envision 2102 Multilabel Reader (PerkinElmer Life and Analytical Sciences).",CXCR1,CHEMBL3888716,CHEMBL3886800
CHEMBL4067429,CC1=CCC[C@H]1NC(=O)Nc1ccc(Cl)c(S(=O)(=O)[C@@]2(C)CCOC2)c1O,5.42,Antagonist activity at CXCR1 (unknown origin),CXCR1,CHEMBL4037588,CHEMBL4033786
CHEMBL4442431,C[C@@H](C(=O)[N-]S(C)(=O)=O)c1ccc(OS(=O)(=O)C(F)(F)F)cc1.[Na+],10.0,Inhibition of CXCR1 (unknown origin),CXCR1,CHEMBL4309942,CHEMBL4308844
CHEMBL280711,O=C(Nc1ccccc1)Nc1ccc([N+](=O)[O-])cc1O,4.74,Displacement of [125I]IL-8 from CXCR1 (unknown origin) stably expressed in CHO cells,CXCR1,CHEMBL4324667,CHEMBL4321855
CHEMBL28009,N#Cc1ccc(NC(=O)Nc2ccccc2Br)c(O)c1Br,5.58,Displacement of [125I]IL-8 from CXCR1 (unknown origin) stably expressed in CHO cells,CXCR1,CHEMBL4324667,CHEMBL4321855
CHEMBL4466314,O=C(c1cccc(Nc2c(NC3C[C@@H]4CC[C@H]3C4)c(=O)c2=O)c1O)N1CCCC1,5.54,Antagonist activity at CXCR1 (unknown origin) stably expressed in HEK293 cells co-expressing Galpha16 assessed as reduction in IL-8-induced intracellular calcium change incubated for 10 mins by Fluo-4AM dye based fluorescence assay,CXCR1,CHEMBL4324675,CHEMBL4321855
CHEMBL4473520,CCN(CC)CCCCNc1nc2cc(Cl)c(Cl)cc2nc1-c1cc2ccccc2o1,6.64,Displacement of [125I]IL-8 from CXCR1 in human neutrophils incubated for 3 hrs by gamma counting method,CXCR1,CHEMBL4324677,CHEMBL4321855
CHEMBL216981,CC[C@@H](Nc1c(Nc2cccc(C(=O)N(C)C)c2O)c(=O)c1=O)c1ccc(C)o1,6.7,Antagonist activity at CXCR1 (unknown origin) stably expressed in HEK293 cells assessed as reduction in IL-8-induced intracellular calcium change incubated for 15 mins followed by IL-8-stimulation and measured after 15 mins by cAMP-d2/Eu-Anti-cAM based fluorescence assay,CXCR1,CHEMBL4707524,CHEMBL4706482
CHEMBL4786074,CC(C)S(=O)(=O)c1c(Cl)ccc(NC2=NC(=O)C(c3ccccc3)N2)c1O,5.33,Antagonist activity in CXCR1 (unknown origin) expressed in human HEK293 cells co-expressing Galpha16 assessed as reduction in calcium immobilization pretreated with Fluo-4AM for 45 mins followed by compound addition and measured after 10 mins by Fluo-4AM dye based fluorescence assay,CXCR1,CHEMBL4715192,CHEMBL4706753
CHEMBL4763312,COCCS(=O)(=O)c1c(Cl)ccc(NC2=NC(=O)C(c3ccccc3)N2)c1O,5.27,Antagonist activity in CXCR1 (unknown origin) expressed in human HEK293 cells co-expressing Galpha16 assessed as reduction in calcium immobilization pretreated with Fluo-4AM for 45 mins followed by compound addition and measured after 10 mins by Fluo-4AM dye based fluorescence assay,CXCR1,CHEMBL4715192,CHEMBL4706753
CHEMBL4757674,CC(C)(C)OC(=O)NCCCS(=O)(=O)c1c(Cl)ccc(NC2=NC(=O)C(c3ccccc3)N2)c1O,4.63,Antagonist activity in CXCR1 (unknown origin) expressed in human HEK293 cells co-expressing Galpha16 assessed as reduction in calcium immobilization pretreated with Fluo-4AM for 45 mins followed by compound addition and measured after 10 mins by Fluo-4AM dye based fluorescence assay,CXCR1,CHEMBL4715192,CHEMBL4706753
CHEMBL216981,CC[C@@H](Nc1c(Nc2cccc(C(=O)N(C)C)c2O)c(=O)c1=O)c1ccc(C)o1,6.8,Antagonist activity in CXCR1 (unknown origin) expressed in human HEK293 cells co-expressing Galpha16 assessed as reduction in calcium immobilization pretreated with Fluo-4AM for 45 mins followed by compound addition and measured after 10 mins by Fluo-4AM dye based fluorescence assay,CXCR1,CHEMBL4715192,CHEMBL4706753
CHEMBL4757462,CC(C)S(=O)(=O)c1c(Cl)ccc(NC2=NC(=O)C(c3ccc(Cl)cc3)N2)c1O,4.42,Antagonist activity in CXCR1 (unknown origin) expressed in human HEK293 cells co-expressing Galpha16 assessed as reduction in calcium immobilization pretreated with Fluo-4AM for 45 mins followed by compound addition and measured after 10 mins by Fluo-4AM dye based fluorescence assay,CXCR1,CHEMBL4715192,CHEMBL4706753
CHEMBL4799848,CC(C)S(=O)(=O)c1c(Cl)ccc(NC2=NC(=O)C(c3cccc(Cl)c3)N2)c1O,4.32,Antagonist activity in CXCR1 (unknown origin) expressed in human HEK293 cells co-expressing Galpha16 assessed as reduction in calcium immobilization pretreated with Fluo-4AM for 45 mins followed by compound addition and measured after 10 mins by Fluo-4AM dye based fluorescence assay,CXCR1,CHEMBL4715192,CHEMBL4706753
CHEMBL4752486,CC(C)S(=O)(=O)c1c(Cl)ccc(NC2=NC(=O)C(c3ccccc3Cl)N2)c1O,4.66,Antagonist activity in CXCR1 (unknown origin) expressed in human HEK293 cells co-expressing Galpha16 assessed as reduction in calcium immobilization pretreated with Fluo-4AM for 45 mins followed by compound addition and measured after 10 mins by Fluo-4AM dye based fluorescence assay,CXCR1,CHEMBL4715192,CHEMBL4706753
CHEMBL4797191,CC(C)S(=O)(=O)c1c(Cl)ccc(NC2=NC(=O)C(c3ccc(F)cc3)N2)c1O,4.0,Antagonist activity in CXCR1 (unknown origin) expressed in human HEK293 cells co-expressing Galpha16 assessed as reduction in calcium immobilization pretreated with Fluo-4AM for 45 mins followed by compound addition and measured after 10 mins by Fluo-4AM dye based fluorescence assay,CXCR1,CHEMBL4715192,CHEMBL4706753
CHEMBL4750465,CCC1NC(Nc2ccc(Cl)c(S(=O)(=O)C(C)C)c2O)=NC1=O,4.0,Antagonist activity in CXCR1 (unknown origin) expressed in human HEK293 cells co-expressing Galpha16 assessed as reduction in calcium immobilization pretreated with Fluo-4AM for 45 mins followed by compound addition and measured after 10 mins by Fluo-4AM dye based fluorescence assay,CXCR1,CHEMBL4715192,CHEMBL4706753
CHEMBL4793352,CCCC1NC(Nc2ccc(Cl)c(S(=O)(=O)C(C)C)c2O)=NC1=O,4.83,Antagonist activity in CXCR1 (unknown origin) expressed in human HEK293 cells co-expressing Galpha16 assessed as reduction in calcium immobilization pretreated with Fluo-4AM for 45 mins followed by compound addition and measured after 10 mins by Fluo-4AM dye based fluorescence assay,CXCR1,CHEMBL4715192,CHEMBL4706753
CHEMBL4747035,CCCCC1NC(Nc2ccc(Cl)c(S(=O)(=O)C(C)C)c2O)=NC1=O,4.26,Antagonist activity in CXCR1 (unknown origin) expressed in human HEK293 cells co-expressing Galpha16 assessed as reduction in calcium immobilization pretreated with Fluo-4AM for 45 mins followed by compound addition and measured after 10 mins by Fluo-4AM dye based fluorescence assay,CXCR1,CHEMBL4715192,CHEMBL4706753
CHEMBL4746803,CC(C)CC1NC(Nc2ccc(Cl)c(S(=O)(=O)C(C)C)c2O)=NC1=O,4.38,Antagonist activity in CXCR1 (unknown origin) expressed in human HEK293 cells co-expressing Galpha16 assessed as reduction in calcium immobilization pretreated with Fluo-4AM for 45 mins followed by compound addition and measured after 10 mins by Fluo-4AM dye based fluorescence assay,CXCR1,CHEMBL4715192,CHEMBL4706753
CHEMBL4746698,CCC[C@H]1NC(Nc2ccc(Cl)c(S(=O)(=O)C(C)C)c2O)=NC1=O,4.69,Antagonist activity in CXCR1 (unknown origin) expressed in human HEK293 cells co-expressing Galpha16 assessed as reduction in calcium immobilization pretreated with Fluo-4AM for 45 mins followed by compound addition and measured after 10 mins by Fluo-4AM dye based fluorescence assay,CXCR1,CHEMBL4715192,CHEMBL4706753
CHEMBL4742368,CC(C)S(=O)(=O)c1c(Cl)ccc(NC2=NC(=O)[C@@H](C3CCCCC3)N2)c1O,5.04,Antagonist activity in CXCR1 (unknown origin) expressed in human HEK293 cells co-expressing Galpha16 assessed as reduction in calcium immobilization pretreated with Fluo-4AM for 45 mins followed by compound addition and measured after 10 mins by Fluo-4AM dye based fluorescence assay,CXCR1,CHEMBL4715192,CHEMBL4706753
CHEMBL4745933,CC(C)S(=O)(=O)c1c(Cl)ccc(NC2=NC(=O)[C@H](C3CCCCC3)N2)c1O,4.0,Antagonist activity in CXCR1 (unknown origin) expressed in human HEK293 cells co-expressing Galpha16 assessed as reduction in calcium immobilization pretreated with Fluo-4AM for 45 mins followed by compound addition and measured after 10 mins by Fluo-4AM dye based fluorescence assay,CXCR1,CHEMBL4715192,CHEMBL4706753
CHEMBL216981,CC[C@@H](Nc1c(Nc2cccc(C(=O)N(C)C)c2O)c(=O)c1=O)c1ccc(C)o1,6.7,Antagonist activity at CXCR1 (unknown origin) expressed in HEK293 cells assessed as suppression of IL-8-induced inhibition of forskolin-induced cAMP formation preincubated for 15 mins followed by forskolin and IL-8 stimulation and measured after 15 mins by cAMP-d2 and Eu-Anti-cAMP based fluorescence assay,CXCR1,CHEMBL4773461,CHEMBL4765416
CHEMBL238510,O=c1c(Nc2ccccc2)c(Nc2ccc([N+](=O)[O-])cc2O)c1=O,7.44,Inhibition of human CXCR1,CXCR1,CHEMBL5215021,CHEMBL5214881
CHEMBL218964,CCC(CC)Nc1c(Nc2cccc(C(=O)N(C)C)c2O)c(=O)c1=O,7.82,Inhibition of human CXCR1,CXCR1,CHEMBL5215021,CHEMBL5214881
CHEMBL254370,CC[C@@H](Nc1c(Nc2cccc(C(=O)N(C)C)c2O)c(=O)c1=O)c1ccccc1,8.17,Inhibition of human CXCR1,CXCR1,CHEMBL5215021,CHEMBL5214881
CHEMBL216981,CC[C@@H](Nc1c(Nc2cccc(C(=O)N(C)C)c2O)c(=O)c1=O)c1ccc(C)o1,7.44,Antagonist activity at CXCR1 (unknown origin),CXCR1,CHEMBL5223232,CHEMBL5223063
CHEMBL3979652,Cc1ccc(C(Nc2c(Nc3cccc(C(=O)N(C)C)c3O)c(=O)c2=O)C2(C)CCCO2)o1,6.6,Antagonist activity at CXCR1 (unknown origin),CXCR1,CHEMBL5257244,CHEMBL5257017
CHEMBL191413,CC(C)Cc1ccc([C@@H](C)C(=O)NS(C)(=O)=O)cc1,9.0,Displacement of 125I-IL-8 from CXCR1 (unknown origin),CXCR1,CHEMBL5387952,CHEMBL5385884
CHEMBL5979255,CNC(=O)c1cccc(NC2C(=O)C(=O)C2NC(c2ccc(C)o2)C2(C)CCCO2)c1O,6.61,"In Vitro Affinity Assay: The in vitro affinity of the compounds of the present invention for the CXCR1 and CXCR2 receptors was determined on a functional test of the β-arrestin recruitment after receptor activation type.It was demonstrated that the activation by CXCL8 of the CXCR2 receptor in cells of the PathHunter HEK293-CXCR2 line or of the CXCR1 receptor in cells of the U2OS h CXCR1 β-arrestin line results in the recruitment of β-arrestin (Richardson, R. M., R. J. Marjoram, L. S. Barak, R. Snyderman. 2003. Role of the cytoplasmic tails of CXCR1 and CXCR2 in mediating leukocyte migration, activation, and regulation. J. Immunol. 170: 2904-2911).In order to evaluate the direct interaction of the CXCR2 or CXCR1 receptor with β-arrestin 2, a β-arrestin 2 recruitment test for CXCR2 or CXCR1 based on β-galactosidase enzyme complementation (Olson K R, Eglen R M. Beta galactosidase complementation: a cell-based luminescent assay platform for drug discovery. Assay Drug Dev Technol. 2007 February; 5(1); 137-44), as established by DiscoveRx Corporation was used. The stimulation of these two cell lines with CXCL8 (10 nM) induces β-arrestin 2 recruitment, as indicated by a significant increase in the induction factor. All the CXCR2 antagonists were tested in a dose-dependent manner and the concentration corresponding to 50% inhibition of the response was determined (IC50=half inhibition concentration).",CXCR1,CHEMBL5731468,CHEMBL5725784
CHEMBL5979255,CNC(=O)c1cccc(NC2C(=O)C(=O)C2NC(c2ccc(C)o2)C2(C)CCCO2)c1O,5.0,"In Vitro Affinity Assay: The in vitro affinity of the compounds of the present invention for the CXCR1 and CXCR2 receptors was determined on a functional test of the β-arrestin recruitment after receptor activation type.It was demonstrated that the activation by CXCL8 of the CXCR2 receptor in cells of the PathHunter HEK293-CXCR2 line or of the CXCR1 receptor in cells of the U2OS h CXCR1 β-arrestin line results in the recruitment of β-arrestin (Richardson, R. M., R. J. Marjoram, L. S. Barak, R. Snyderman. 2003. Role of the cytoplasmic tails of CXCR1 and CXCR2 in mediating leukocyte migration, activation, and regulation. J. Immunol. 170: 2904-2911).In order to evaluate the direct interaction of the CXCR2 or CXCR1 receptor with β-arrestin 2, a β-arrestin 2 recruitment test for CXCR2 or CXCR1 based on β-galactosidase enzyme complementation (Olson K R, Eglen R M. Beta galactosidase complementation: a cell-based luminescent assay platform for drug discovery. Assay Drug Dev Technol. 2007 February; 5(1); 137-44), as established by DiscoveRx Corporation was used. The stimulation of these two cell lines with CXCL8 (10 nM) induces β-arrestin 2 recruitment, as indicated by a significant increase in the induction factor. All the CXCR2 antagonists were tested in a dose-dependent manner and the concentration corresponding to 50% inhibition of the response was determined (IC50=half inhibition concentration).",CXCR1,CHEMBL5731468,CHEMBL5725784
CHEMBL5979255,CNC(=O)c1cccc(NC2C(=O)C(=O)C2NC(c2ccc(C)o2)C2(C)CCCO2)c1O,5.0,"In Vitro Affinity Assay: The in vitro affinity of the compounds of the present invention for the CXCR1 and CXCR2 receptors was determined on a functional test of the β-arrestin recruitment after receptor activation type.It was demonstrated that the activation by CXCL8 of the CXCR2 receptor in cells of the PathHunter HEK293-CXCR2 line or of the CXCR1 receptor in cells of the U2OS h CXCR1 β-arrestin line results in the recruitment of β-arrestin (Richardson, R. M., R. J. Marjoram, L. S. Barak, R. Snyderman. 2003. Role of the cytoplasmic tails of CXCR1 and CXCR2 in mediating leukocyte migration, activation, and regulation. J. Immunol. 170: 2904-2911).In order to evaluate the direct interaction of the CXCR2 or CXCR1 receptor with β-arrestin 2, a β-arrestin 2 recruitment test for CXCR2 or CXCR1 based on β-galactosidase enzyme complementation (Olson K R, Eglen R M. Beta galactosidase complementation: a cell-based luminescent assay platform for drug discovery. Assay Drug Dev Technol. 2007 February; 5(1); 137-44), as established by DiscoveRx Corporation was used. The stimulation of these two cell lines with CXCL8 (10 nM) induces β-arrestin 2 recruitment, as indicated by a significant increase in the induction factor. All the CXCR2 antagonists were tested in a dose-dependent manner and the concentration corresponding to 50% inhibition of the response was determined (IC50=half inhibition concentration).",CXCR1,CHEMBL5731468,CHEMBL5725784
CHEMBL5979255,CNC(=O)c1cccc(NC2C(=O)C(=O)C2NC(c2ccc(C)o2)C2(C)CCCO2)c1O,5.0,"In Vitro Affinity Assay: The in vitro affinity of the compounds of the present invention for the CXCR1 and CXCR2 receptors was determined on a functional test of the β-arrestin recruitment after receptor activation type.It was demonstrated that the activation by CXCL8 of the CXCR2 receptor in cells of the PathHunter HEK293-CXCR2 line or of the CXCR1 receptor in cells of the U2OS h CXCR1 β-arrestin line results in the recruitment of β-arrestin (Richardson, R. M., R. J. Marjoram, L. S. Barak, R. Snyderman. 2003. Role of the cytoplasmic tails of CXCR1 and CXCR2 in mediating leukocyte migration, activation, and regulation. J. Immunol. 170: 2904-2911).In order to evaluate the direct interaction of the CXCR2 or CXCR1 receptor with β-arrestin 2, a β-arrestin 2 recruitment test for CXCR2 or CXCR1 based on β-galactosidase enzyme complementation (Olson K R, Eglen R M. Beta galactosidase complementation: a cell-based luminescent assay platform for drug discovery. Assay Drug Dev Technol. 2007 February; 5(1); 137-44), as established by DiscoveRx Corporation was used. The stimulation of these two cell lines with CXCL8 (10 nM) induces β-arrestin 2 recruitment, as indicated by a significant increase in the induction factor. All the CXCR2 antagonists were tested in a dose-dependent manner and the concentration corresponding to 50% inhibition of the response was determined (IC50=half inhibition concentration).",CXCR1,CHEMBL5731468,CHEMBL5725784
CHEMBL3951994,Cc1ccc(C(Nc2c(Nc3cccc(C(=O)N(C)C)c3O)c(=O)c2=O)C2CCCS2)o1,7.11,"In Vitro Affinity Assay: The in vitro affinity of the compounds of the present invention for the CXCR1 and CXCR2 receptors was determined on a functional test of the β-arrestin recruitment after receptor activation type.It was demonstrated that the activation by CXCL8 of the CXCR2 receptor in cells of the PathHunter HEK293-CXCR2 line or of the CXCR1 receptor in cells of the U2OS h CXCR1 β-arrestin line results in the recruitment of β-arrestin (Richardson, R. M., R. J. Marjoram, L. S. Barak, R. Snyderman. 2003. Role of the cytoplasmic tails of CXCR1 and CXCR2 in mediating leukocyte migration, activation, and regulation. J. Immunol. 170: 2904-2911).In order to evaluate the direct interaction of the CXCR2 or CXCR1 receptor with β-arrestin 2, a β-arrestin 2 recruitment test for CXCR2 or CXCR1 based on β-galactosidase enzyme complementation (Olson K R, Eglen R M. Beta galactosidase complementation: a cell-based luminescent assay platform for drug discovery. Assay Drug Dev Technol. 2007 February; 5(1); 137-44), as established by DiscoveRx Corporation was used. The stimulation of these two cell lines with CXCL8 (10 nM) induces β-arrestin 2 recruitment, as indicated by a significant increase in the induction factor. All the CXCR2 antagonists were tested in a dose-dependent manner and the concentration corresponding to 50% inhibition of the response was determined (IC50=half inhibition concentration).",CXCR1,CHEMBL5731468,CHEMBL5725784
CHEMBL3951994,Cc1ccc(C(Nc2c(Nc3cccc(C(=O)N(C)C)c3O)c(=O)c2=O)C2CCCS2)o1,5.34,"In Vitro Affinity Assay: The in vitro affinity of the compounds of the present invention for the CXCR1 and CXCR2 receptors was determined on a functional test of the β-arrestin recruitment after receptor activation type.It was demonstrated that the activation by CXCL8 of the CXCR2 receptor in cells of the PathHunter HEK293-CXCR2 line or of the CXCR1 receptor in cells of the U2OS h CXCR1 β-arrestin line results in the recruitment of β-arrestin (Richardson, R. M., R. J. Marjoram, L. S. Barak, R. Snyderman. 2003. Role of the cytoplasmic tails of CXCR1 and CXCR2 in mediating leukocyte migration, activation, and regulation. J. Immunol. 170: 2904-2911).In order to evaluate the direct interaction of the CXCR2 or CXCR1 receptor with β-arrestin 2, a β-arrestin 2 recruitment test for CXCR2 or CXCR1 based on β-galactosidase enzyme complementation (Olson K R, Eglen R M. Beta galactosidase complementation: a cell-based luminescent assay platform for drug discovery. Assay Drug Dev Technol. 2007 February; 5(1); 137-44), as established by DiscoveRx Corporation was used. The stimulation of these two cell lines with CXCL8 (10 nM) induces β-arrestin 2 recruitment, as indicated by a significant increase in the induction factor. All the CXCR2 antagonists were tested in a dose-dependent manner and the concentration corresponding to 50% inhibition of the response was determined (IC50=half inhibition concentration).",CXCR1,CHEMBL5731468,CHEMBL5725784
CHEMBL3951994,Cc1ccc(C(Nc2c(Nc3cccc(C(=O)N(C)C)c3O)c(=O)c2=O)C2CCCS2)o1,5.34,"In Vitro Affinity Assay: The in vitro affinity of the compounds of the present invention for the CXCR1 and CXCR2 receptors was determined on a functional test of the β-arrestin recruitment after receptor activation type.It was demonstrated that the activation by CXCL8 of the CXCR2 receptor in cells of the PathHunter HEK293-CXCR2 line or of the CXCR1 receptor in cells of the U2OS h CXCR1 β-arrestin line results in the recruitment of β-arrestin (Richardson, R. M., R. J. Marjoram, L. S. Barak, R. Snyderman. 2003. Role of the cytoplasmic tails of CXCR1 and CXCR2 in mediating leukocyte migration, activation, and regulation. J. Immunol. 170: 2904-2911).In order to evaluate the direct interaction of the CXCR2 or CXCR1 receptor with β-arrestin 2, a β-arrestin 2 recruitment test for CXCR2 or CXCR1 based on β-galactosidase enzyme complementation (Olson K R, Eglen R M. Beta galactosidase complementation: a cell-based luminescent assay platform for drug discovery. Assay Drug Dev Technol. 2007 February; 5(1); 137-44), as established by DiscoveRx Corporation was used. The stimulation of these two cell lines with CXCL8 (10 nM) induces β-arrestin 2 recruitment, as indicated by a significant increase in the induction factor. All the CXCR2 antagonists were tested in a dose-dependent manner and the concentration corresponding to 50% inhibition of the response was determined (IC50=half inhibition concentration).",CXCR1,CHEMBL5731468,CHEMBL5725784
CHEMBL3951994,Cc1ccc(C(Nc2c(Nc3cccc(C(=O)N(C)C)c3O)c(=O)c2=O)C2CCCS2)o1,5.34,"In Vitro Affinity Assay: The in vitro affinity of the compounds of the present invention for the CXCR1 and CXCR2 receptors was determined on a functional test of the β-arrestin recruitment after receptor activation type.It was demonstrated that the activation by CXCL8 of the CXCR2 receptor in cells of the PathHunter HEK293-CXCR2 line or of the CXCR1 receptor in cells of the U2OS h CXCR1 β-arrestin line results in the recruitment of β-arrestin (Richardson, R. M., R. J. Marjoram, L. S. Barak, R. Snyderman. 2003. Role of the cytoplasmic tails of CXCR1 and CXCR2 in mediating leukocyte migration, activation, and regulation. J. Immunol. 170: 2904-2911).In order to evaluate the direct interaction of the CXCR2 or CXCR1 receptor with β-arrestin 2, a β-arrestin 2 recruitment test for CXCR2 or CXCR1 based on β-galactosidase enzyme complementation (Olson K R, Eglen R M. Beta galactosidase complementation: a cell-based luminescent assay platform for drug discovery. Assay Drug Dev Technol. 2007 February; 5(1); 137-44), as established by DiscoveRx Corporation was used. The stimulation of these two cell lines with CXCL8 (10 nM) induces β-arrestin 2 recruitment, as indicated by a significant increase in the induction factor. All the CXCR2 antagonists were tested in a dose-dependent manner and the concentration corresponding to 50% inhibition of the response was determined (IC50=half inhibition concentration).",CXCR1,CHEMBL5731468,CHEMBL5725784
CHEMBL3951994,Cc1ccc(C(Nc2c(Nc3cccc(C(=O)N(C)C)c3O)c(=O)c2=O)C2CCCS2)o1,5.34,"In Vitro Affinity Assay: The in vitro affinity of the compounds of the present invention for the CXCR1 and CXCR2 receptors was determined on a functional test of the β-arrestin recruitment after receptor activation type.It was demonstrated that the activation by CXCL8 of the CXCR2 receptor in cells of the PathHunter HEK293-CXCR2 line or of the CXCR1 receptor in cells of the U2OS h CXCR1 β-arrestin line results in the recruitment of β-arrestin (Richardson, R. M., R. J. Marjoram, L. S. Barak, R. Snyderman. 2003. Role of the cytoplasmic tails of CXCR1 and CXCR2 in mediating leukocyte migration, activation, and regulation. J. Immunol. 170: 2904-2911).In order to evaluate the direct interaction of the CXCR2 or CXCR1 receptor with β-arrestin 2, a β-arrestin 2 recruitment test for CXCR2 or CXCR1 based on β-galactosidase enzyme complementation (Olson K R, Eglen R M. Beta galactosidase complementation: a cell-based luminescent assay platform for drug discovery. Assay Drug Dev Technol. 2007 February; 5(1); 137-44), as established by DiscoveRx Corporation was used. The stimulation of these two cell lines with CXCL8 (10 nM) induces β-arrestin 2 recruitment, as indicated by a significant increase in the induction factor. All the CXCR2 antagonists were tested in a dose-dependent manner and the concentration corresponding to 50% inhibition of the response was determined (IC50=half inhibition concentration).",CXCR1,CHEMBL5731468,CHEMBL5725784
CHEMBL3951994,Cc1ccc(C(Nc2c(Nc3cccc(C(=O)N(C)C)c3O)c(=O)c2=O)C2CCCS2)o1,5.34,"In Vitro Affinity Assay: The in vitro affinity of the compounds of the present invention for the CXCR1 and CXCR2 receptors was determined on a functional test of the β-arrestin recruitment after receptor activation type.It was demonstrated that the activation by CXCL8 of the CXCR2 receptor in cells of the PathHunter HEK293-CXCR2 line or of the CXCR1 receptor in cells of the U2OS h CXCR1 β-arrestin line results in the recruitment of β-arrestin (Richardson, R. M., R. J. Marjoram, L. S. Barak, R. Snyderman. 2003. Role of the cytoplasmic tails of CXCR1 and CXCR2 in mediating leukocyte migration, activation, and regulation. J. Immunol. 170: 2904-2911).In order to evaluate the direct interaction of the CXCR2 or CXCR1 receptor with β-arrestin 2, a β-arrestin 2 recruitment test for CXCR2 or CXCR1 based on β-galactosidase enzyme complementation (Olson K R, Eglen R M. Beta galactosidase complementation: a cell-based luminescent assay platform for drug discovery. Assay Drug Dev Technol. 2007 February; 5(1); 137-44), as established by DiscoveRx Corporation was used. The stimulation of these two cell lines with CXCL8 (10 nM) induces β-arrestin 2 recruitment, as indicated by a significant increase in the induction factor. All the CXCR2 antagonists were tested in a dose-dependent manner and the concentration corresponding to 50% inhibition of the response was determined (IC50=half inhibition concentration).",CXCR1,CHEMBL5731468,CHEMBL5725784
CHEMBL5855681,COC(=O)[C@@H]1CCCN1C(=O)c1cccc(Nc2c(NC(c3ccc(C)o3)[C@@H]3CCCS3)c(=O)c2=O)c1F,6.26,"In Vitro Affinity Assay: The in vitro affinity of the compounds of the present invention for the CXCR1 and CXCR2 receptors was determined on a functional test of the β-arrestin recruitment after receptor activation type.It was demonstrated that the activation by CXCL8 of the CXCR2 receptor in cells of the PathHunter HEK293-CXCR2 line or of the CXCR1 receptor in cells of the U2OS h CXCR1 β-arrestin line results in the recruitment of β-arrestin (Richardson, R. M., R. J. Marjoram, L. S. Barak, R. Snyderman. 2003. Role of the cytoplasmic tails of CXCR1 and CXCR2 in mediating leukocyte migration, activation, and regulation. J. Immunol. 170: 2904-2911).In order to evaluate the direct interaction of the CXCR2 or CXCR1 receptor with β-arrestin 2, a β-arrestin 2 recruitment test for CXCR2 or CXCR1 based on β-galactosidase enzyme complementation (Olson K R, Eglen R M. Beta galactosidase complementation: a cell-based luminescent assay platform for drug discovery. Assay Drug Dev Technol. 2007 February; 5(1); 137-44), as established by DiscoveRx Corporation was used. The stimulation of these two cell lines with CXCL8 (10 nM) induces β-arrestin 2 recruitment, as indicated by a significant increase in the induction factor. All the CXCR2 antagonists were tested in a dose-dependent manner and the concentration corresponding to 50% inhibition of the response was determined (IC50=half inhibition concentration).",CXCR1,CHEMBL5731468,CHEMBL5725784
CHEMBL5855681,COC(=O)[C@@H]1CCCN1C(=O)c1cccc(Nc2c(NC(c3ccc(C)o3)[C@@H]3CCCS3)c(=O)c2=O)c1F,5.05,"In Vitro Affinity Assay: The in vitro affinity of the compounds of the present invention for the CXCR1 and CXCR2 receptors was determined on a functional test of the β-arrestin recruitment after receptor activation type.It was demonstrated that the activation by CXCL8 of the CXCR2 receptor in cells of the PathHunter HEK293-CXCR2 line or of the CXCR1 receptor in cells of the U2OS h CXCR1 β-arrestin line results in the recruitment of β-arrestin (Richardson, R. M., R. J. Marjoram, L. S. Barak, R. Snyderman. 2003. Role of the cytoplasmic tails of CXCR1 and CXCR2 in mediating leukocyte migration, activation, and regulation. J. Immunol. 170: 2904-2911).In order to evaluate the direct interaction of the CXCR2 or CXCR1 receptor with β-arrestin 2, a β-arrestin 2 recruitment test for CXCR2 or CXCR1 based on β-galactosidase enzyme complementation (Olson K R, Eglen R M. Beta galactosidase complementation: a cell-based luminescent assay platform for drug discovery. Assay Drug Dev Technol. 2007 February; 5(1); 137-44), as established by DiscoveRx Corporation was used. The stimulation of these two cell lines with CXCL8 (10 nM) induces β-arrestin 2 recruitment, as indicated by a significant increase in the induction factor. All the CXCR2 antagonists were tested in a dose-dependent manner and the concentration corresponding to 50% inhibition of the response was determined (IC50=half inhibition concentration).",CXCR1,CHEMBL5731468,CHEMBL5725784
CHEMBL5855681,COC(=O)[C@@H]1CCCN1C(=O)c1cccc(Nc2c(NC(c3ccc(C)o3)[C@@H]3CCCS3)c(=O)c2=O)c1F,5.05,"In Vitro Affinity Assay: The in vitro affinity of the compounds of the present invention for the CXCR1 and CXCR2 receptors was determined on a functional test of the β-arrestin recruitment after receptor activation type.It was demonstrated that the activation by CXCL8 of the CXCR2 receptor in cells of the PathHunter HEK293-CXCR2 line or of the CXCR1 receptor in cells of the U2OS h CXCR1 β-arrestin line results in the recruitment of β-arrestin (Richardson, R. M., R. J. Marjoram, L. S. Barak, R. Snyderman. 2003. Role of the cytoplasmic tails of CXCR1 and CXCR2 in mediating leukocyte migration, activation, and regulation. J. Immunol. 170: 2904-2911).In order to evaluate the direct interaction of the CXCR2 or CXCR1 receptor with β-arrestin 2, a β-arrestin 2 recruitment test for CXCR2 or CXCR1 based on β-galactosidase enzyme complementation (Olson K R, Eglen R M. Beta galactosidase complementation: a cell-based luminescent assay platform for drug discovery. Assay Drug Dev Technol. 2007 February; 5(1); 137-44), as established by DiscoveRx Corporation was used. The stimulation of these two cell lines with CXCL8 (10 nM) induces β-arrestin 2 recruitment, as indicated by a significant increase in the induction factor. All the CXCR2 antagonists were tested in a dose-dependent manner and the concentration corresponding to 50% inhibition of the response was determined (IC50=half inhibition concentration).",CXCR1,CHEMBL5731468,CHEMBL5725784
CHEMBL3976863,Cc1ccc(C(Nc2c(Nc3cccc(C(=O)N4CCC[C@H]4C(=O)OC(C)C)c3F)c(=O)c2=O)C2CCCS2)o1,5.72,"In Vitro Affinity Assay: The in vitro affinity of the compounds of the present invention for the CXCR1 and CXCR2 receptors was determined on a functional test of the β-arrestin recruitment after receptor activation type.It was demonstrated that the activation by CXCL8 of the CXCR2 receptor in cells of the PathHunter HEK293-CXCR2 line or of the CXCR1 receptor in cells of the U2OS h CXCR1 β-arrestin line results in the recruitment of β-arrestin (Richardson, R. M., R. J. Marjoram, L. S. Barak, R. Snyderman. 2003. Role of the cytoplasmic tails of CXCR1 and CXCR2 in mediating leukocyte migration, activation, and regulation. J. Immunol. 170: 2904-2911).In order to evaluate the direct interaction of the CXCR2 or CXCR1 receptor with β-arrestin 2, a β-arrestin 2 recruitment test for CXCR2 or CXCR1 based on β-galactosidase enzyme complementation (Olson K R, Eglen R M. Beta galactosidase complementation: a cell-based luminescent assay platform for drug discovery. Assay Drug Dev Technol. 2007 February; 5(1); 137-44), as established by DiscoveRx Corporation was used. The stimulation of these two cell lines with CXCL8 (10 nM) induces β-arrestin 2 recruitment, as indicated by a significant increase in the induction factor. All the CXCR2 antagonists were tested in a dose-dependent manner and the concentration corresponding to 50% inhibition of the response was determined (IC50=half inhibition concentration).",CXCR1,CHEMBL5731468,CHEMBL5725784
CHEMBL3906175,CCOC(=O)[C@@H]1CCCN1C(=O)c1cccc(Nc2c(NC(c3ccc(C)o3)C3CCCS3)c(=O)c2=O)c1F,6.15,"In Vitro Affinity Assay: The in vitro affinity of the compounds of the present invention for the CXCR1 and CXCR2 receptors was determined on a functional test of the β-arrestin recruitment after receptor activation type.It was demonstrated that the activation by CXCL8 of the CXCR2 receptor in cells of the PathHunter HEK293-CXCR2 line or of the CXCR1 receptor in cells of the U2OS h CXCR1 β-arrestin line results in the recruitment of β-arrestin (Richardson, R. M., R. J. Marjoram, L. S. Barak, R. Snyderman. 2003. Role of the cytoplasmic tails of CXCR1 and CXCR2 in mediating leukocyte migration, activation, and regulation. J. Immunol. 170: 2904-2911).In order to evaluate the direct interaction of the CXCR2 or CXCR1 receptor with β-arrestin 2, a β-arrestin 2 recruitment test for CXCR2 or CXCR1 based on β-galactosidase enzyme complementation (Olson K R, Eglen R M. Beta galactosidase complementation: a cell-based luminescent assay platform for drug discovery. Assay Drug Dev Technol. 2007 February; 5(1); 137-44), as established by DiscoveRx Corporation was used. The stimulation of these two cell lines with CXCL8 (10 nM) induces β-arrestin 2 recruitment, as indicated by a significant increase in the induction factor. All the CXCR2 antagonists were tested in a dose-dependent manner and the concentration corresponding to 50% inhibition of the response was determined (IC50=half inhibition concentration).",CXCR1,CHEMBL5731468,CHEMBL5725784
CHEMBL3901913,COC(=O)[C@H]1CCCN1C(=O)c1cccc(Nc2c(NC(c3ccc(C)o3)C3CCCS3)c(=O)c2=O)c1O,6.97,"In Vitro Affinity Assay: The in vitro affinity of the compounds of the present invention for the CXCR1 and CXCR2 receptors was determined on a functional test of the β-arrestin recruitment after receptor activation type.It was demonstrated that the activation by CXCL8 of the CXCR2 receptor in cells of the PathHunter HEK293-CXCR2 line or of the CXCR1 receptor in cells of the U2OS h CXCR1 β-arrestin line results in the recruitment of β-arrestin (Richardson, R. M., R. J. Marjoram, L. S. Barak, R. Snyderman. 2003. Role of the cytoplasmic tails of CXCR1 and CXCR2 in mediating leukocyte migration, activation, and regulation. J. Immunol. 170: 2904-2911).In order to evaluate the direct interaction of the CXCR2 or CXCR1 receptor with β-arrestin 2, a β-arrestin 2 recruitment test for CXCR2 or CXCR1 based on β-galactosidase enzyme complementation (Olson K R, Eglen R M. Beta galactosidase complementation: a cell-based luminescent assay platform for drug discovery. Assay Drug Dev Technol. 2007 February; 5(1); 137-44), as established by DiscoveRx Corporation was used. The stimulation of these two cell lines with CXCL8 (10 nM) induces β-arrestin 2 recruitment, as indicated by a significant increase in the induction factor. All the CXCR2 antagonists were tested in a dose-dependent manner and the concentration corresponding to 50% inhibition of the response was determined (IC50=half inhibition concentration).",CXCR1,CHEMBL5731468,CHEMBL5725784
CHEMBL3901913,COC(=O)[C@H]1CCCN1C(=O)c1cccc(Nc2c(NC(c3ccc(C)o3)C3CCCS3)c(=O)c2=O)c1O,6.77,"In Vitro Affinity Assay: The in vitro affinity of the compounds of the present invention for the CXCR1 and CXCR2 receptors was determined on a functional test of the β-arrestin recruitment after receptor activation type.It was demonstrated that the activation by CXCL8 of the CXCR2 receptor in cells of the PathHunter HEK293-CXCR2 line or of the CXCR1 receptor in cells of the U2OS h CXCR1 β-arrestin line results in the recruitment of β-arrestin (Richardson, R. M., R. J. Marjoram, L. S. Barak, R. Snyderman. 2003. Role of the cytoplasmic tails of CXCR1 and CXCR2 in mediating leukocyte migration, activation, and regulation. J. Immunol. 170: 2904-2911).In order to evaluate the direct interaction of the CXCR2 or CXCR1 receptor with β-arrestin 2, a β-arrestin 2 recruitment test for CXCR2 or CXCR1 based on β-galactosidase enzyme complementation (Olson K R, Eglen R M. Beta galactosidase complementation: a cell-based luminescent assay platform for drug discovery. Assay Drug Dev Technol. 2007 February; 5(1); 137-44), as established by DiscoveRx Corporation was used. The stimulation of these two cell lines with CXCL8 (10 nM) induces β-arrestin 2 recruitment, as indicated by a significant increase in the induction factor. All the CXCR2 antagonists were tested in a dose-dependent manner and the concentration corresponding to 50% inhibition of the response was determined (IC50=half inhibition concentration).",CXCR1,CHEMBL5731468,CHEMBL5725784
CHEMBL3901913,COC(=O)[C@H]1CCCN1C(=O)c1cccc(Nc2c(NC(c3ccc(C)o3)C3CCCS3)c(=O)c2=O)c1O,6.07,"In Vitro Affinity Assay: The in vitro affinity of the compounds of the present invention for the CXCR1 and CXCR2 receptors was determined on a functional test of the β-arrestin recruitment after receptor activation type.It was demonstrated that the activation by CXCL8 of the CXCR2 receptor in cells of the PathHunter HEK293-CXCR2 line or of the CXCR1 receptor in cells of the U2OS h CXCR1 β-arrestin line results in the recruitment of β-arrestin (Richardson, R. M., R. J. Marjoram, L. S. Barak, R. Snyderman. 2003. Role of the cytoplasmic tails of CXCR1 and CXCR2 in mediating leukocyte migration, activation, and regulation. J. Immunol. 170: 2904-2911).In order to evaluate the direct interaction of the CXCR2 or CXCR1 receptor with β-arrestin 2, a β-arrestin 2 recruitment test for CXCR2 or CXCR1 based on β-galactosidase enzyme complementation (Olson K R, Eglen R M. Beta galactosidase complementation: a cell-based luminescent assay platform for drug discovery. Assay Drug Dev Technol. 2007 February; 5(1); 137-44), as established by DiscoveRx Corporation was used. The stimulation of these two cell lines with CXCL8 (10 nM) induces β-arrestin 2 recruitment, as indicated by a significant increase in the induction factor. All the CXCR2 antagonists were tested in a dose-dependent manner and the concentration corresponding to 50% inhibition of the response was determined (IC50=half inhibition concentration).",CXCR1,CHEMBL5731468,CHEMBL5725784
CHEMBL5868116,Cc1ccc(C(Nc2c(Nc3cccc(C(=O)N(C)CC(F)(F)F)c3O)c(=O)c2=O)C2CCCS2)o1,7.07,"In Vitro Affinity Assay: The in vitro affinity of the compounds of the present invention for the CXCR1 and CXCR2 receptors was determined on a functional test of the β-arrestin recruitment after receptor activation type.It was demonstrated that the activation by CXCL8 of the CXCR2 receptor in cells of the PathHunter HEK293-CXCR2 line or of the CXCR1 receptor in cells of the U2OS h CXCR1 β-arrestin line results in the recruitment of β-arrestin (Richardson, R. M., R. J. Marjoram, L. S. Barak, R. Snyderman. 2003. Role of the cytoplasmic tails of CXCR1 and CXCR2 in mediating leukocyte migration, activation, and regulation. J. Immunol. 170: 2904-2911).In order to evaluate the direct interaction of the CXCR2 or CXCR1 receptor with β-arrestin 2, a β-arrestin 2 recruitment test for CXCR2 or CXCR1 based on β-galactosidase enzyme complementation (Olson K R, Eglen R M. Beta galactosidase complementation: a cell-based luminescent assay platform for drug discovery. Assay Drug Dev Technol. 2007 February; 5(1); 137-44), as established by DiscoveRx Corporation was used. The stimulation of these two cell lines with CXCL8 (10 nM) induces β-arrestin 2 recruitment, as indicated by a significant increase in the induction factor. All the CXCR2 antagonists were tested in a dose-dependent manner and the concentration corresponding to 50% inhibition of the response was determined (IC50=half inhibition concentration).",CXCR1,CHEMBL5731468,CHEMBL5725784
CHEMBL5868116,Cc1ccc(C(Nc2c(Nc3cccc(C(=O)N(C)CC(F)(F)F)c3O)c(=O)c2=O)C2CCCS2)o1,6.29,"In Vitro Affinity Assay: The in vitro affinity of the compounds of the present invention for the CXCR1 and CXCR2 receptors was determined on a functional test of the β-arrestin recruitment after receptor activation type.It was demonstrated that the activation by CXCL8 of the CXCR2 receptor in cells of the PathHunter HEK293-CXCR2 line or of the CXCR1 receptor in cells of the U2OS h CXCR1 β-arrestin line results in the recruitment of β-arrestin (Richardson, R. M., R. J. Marjoram, L. S. Barak, R. Snyderman. 2003. Role of the cytoplasmic tails of CXCR1 and CXCR2 in mediating leukocyte migration, activation, and regulation. J. Immunol. 170: 2904-2911).In order to evaluate the direct interaction of the CXCR2 or CXCR1 receptor with β-arrestin 2, a β-arrestin 2 recruitment test for CXCR2 or CXCR1 based on β-galactosidase enzyme complementation (Olson K R, Eglen R M. Beta galactosidase complementation: a cell-based luminescent assay platform for drug discovery. Assay Drug Dev Technol. 2007 February; 5(1); 137-44), as established by DiscoveRx Corporation was used. The stimulation of these two cell lines with CXCL8 (10 nM) induces β-arrestin 2 recruitment, as indicated by a significant increase in the induction factor. All the CXCR2 antagonists were tested in a dose-dependent manner and the concentration corresponding to 50% inhibition of the response was determined (IC50=half inhibition concentration).",CXCR1,CHEMBL5731468,CHEMBL5725784
CHEMBL5941559,COC(=O)CN(C)C(=O)c1cccc(Nc2c(NC(c3ccc(C)o3)C3CCCS3)c(=O)c2=O)c1O,7.05,"In Vitro Affinity Assay: The in vitro affinity of the compounds of the present invention for the CXCR1 and CXCR2 receptors was determined on a functional test of the β-arrestin recruitment after receptor activation type.It was demonstrated that the activation by CXCL8 of the CXCR2 receptor in cells of the PathHunter HEK293-CXCR2 line or of the CXCR1 receptor in cells of the U2OS h CXCR1 β-arrestin line results in the recruitment of β-arrestin (Richardson, R. M., R. J. Marjoram, L. S. Barak, R. Snyderman. 2003. Role of the cytoplasmic tails of CXCR1 and CXCR2 in mediating leukocyte migration, activation, and regulation. J. Immunol. 170: 2904-2911).In order to evaluate the direct interaction of the CXCR2 or CXCR1 receptor with β-arrestin 2, a β-arrestin 2 recruitment test for CXCR2 or CXCR1 based on β-galactosidase enzyme complementation (Olson K R, Eglen R M. Beta galactosidase complementation: a cell-based luminescent assay platform for drug discovery. Assay Drug Dev Technol. 2007 February; 5(1); 137-44), as established by DiscoveRx Corporation was used. The stimulation of these two cell lines with CXCL8 (10 nM) induces β-arrestin 2 recruitment, as indicated by a significant increase in the induction factor. All the CXCR2 antagonists were tested in a dose-dependent manner and the concentration corresponding to 50% inhibition of the response was determined (IC50=half inhibition concentration).",CXCR1,CHEMBL5731468,CHEMBL5725784
CHEMBL5941559,COC(=O)CN(C)C(=O)c1cccc(Nc2c(NC(c3ccc(C)o3)C3CCCS3)c(=O)c2=O)c1O,6.24,"In Vitro Affinity Assay: The in vitro affinity of the compounds of the present invention for the CXCR1 and CXCR2 receptors was determined on a functional test of the β-arrestin recruitment after receptor activation type.It was demonstrated that the activation by CXCL8 of the CXCR2 receptor in cells of the PathHunter HEK293-CXCR2 line or of the CXCR1 receptor in cells of the U2OS h CXCR1 β-arrestin line results in the recruitment of β-arrestin (Richardson, R. M., R. J. Marjoram, L. S. Barak, R. Snyderman. 2003. Role of the cytoplasmic tails of CXCR1 and CXCR2 in mediating leukocyte migration, activation, and regulation. J. Immunol. 170: 2904-2911).In order to evaluate the direct interaction of the CXCR2 or CXCR1 receptor with β-arrestin 2, a β-arrestin 2 recruitment test for CXCR2 or CXCR1 based on β-galactosidase enzyme complementation (Olson K R, Eglen R M. Beta galactosidase complementation: a cell-based luminescent assay platform for drug discovery. Assay Drug Dev Technol. 2007 February; 5(1); 137-44), as established by DiscoveRx Corporation was used. The stimulation of these two cell lines with CXCL8 (10 nM) induces β-arrestin 2 recruitment, as indicated by a significant increase in the induction factor. All the CXCR2 antagonists were tested in a dose-dependent manner and the concentration corresponding to 50% inhibition of the response was determined (IC50=half inhibition concentration).",CXCR1,CHEMBL5731468,CHEMBL5725784
CHEMBL6049426,Cc1ccc(C(Nc2c(Nc3cccc(S(=O)(=O)N(C)C)c3C)c(=O)c2=O)C2CCCS2)o1,7.7,"In Vitro Affinity Assay: The in vitro affinity of the compounds of the present invention for the CXCR1 and CXCR2 receptors was determined on a functional test of the β-arrestin recruitment after receptor activation type.It was demonstrated that the activation by CXCL8 of the CXCR2 receptor in cells of the PathHunter HEK293-CXCR2 line or of the CXCR1 receptor in cells of the U2OS h CXCR1 β-arrestin line results in the recruitment of β-arrestin (Richardson, R. M., R. J. Marjoram, L. S. Barak, R. Snyderman. 2003. Role of the cytoplasmic tails of CXCR1 and CXCR2 in mediating leukocyte migration, activation, and regulation. J. Immunol. 170: 2904-2911).In order to evaluate the direct interaction of the CXCR2 or CXCR1 receptor with β-arrestin 2, a β-arrestin 2 recruitment test for CXCR2 or CXCR1 based on β-galactosidase enzyme complementation (Olson K R, Eglen R M. Beta galactosidase complementation: a cell-based luminescent assay platform for drug discovery. Assay Drug Dev Technol. 2007 February; 5(1); 137-44), as established by DiscoveRx Corporation was used. The stimulation of these two cell lines with CXCL8 (10 nM) induces β-arrestin 2 recruitment, as indicated by a significant increase in the induction factor. All the CXCR2 antagonists were tested in a dose-dependent manner and the concentration corresponding to 50% inhibition of the response was determined (IC50=half inhibition concentration).",CXCR1,CHEMBL5731468,CHEMBL5725784
CHEMBL6049426,Cc1ccc(C(Nc2c(Nc3cccc(S(=O)(=O)N(C)C)c3C)c(=O)c2=O)C2CCCS2)o1,5.96,"In Vitro Affinity Assay: The in vitro affinity of the compounds of the present invention for the CXCR1 and CXCR2 receptors was determined on a functional test of the β-arrestin recruitment after receptor activation type.It was demonstrated that the activation by CXCL8 of the CXCR2 receptor in cells of the PathHunter HEK293-CXCR2 line or of the CXCR1 receptor in cells of the U2OS h CXCR1 β-arrestin line results in the recruitment of β-arrestin (Richardson, R. M., R. J. Marjoram, L. S. Barak, R. Snyderman. 2003. Role of the cytoplasmic tails of CXCR1 and CXCR2 in mediating leukocyte migration, activation, and regulation. J. Immunol. 170: 2904-2911).In order to evaluate the direct interaction of the CXCR2 or CXCR1 receptor with β-arrestin 2, a β-arrestin 2 recruitment test for CXCR2 or CXCR1 based on β-galactosidase enzyme complementation (Olson K R, Eglen R M. Beta galactosidase complementation: a cell-based luminescent assay platform for drug discovery. Assay Drug Dev Technol. 2007 February; 5(1); 137-44), as established by DiscoveRx Corporation was used. The stimulation of these two cell lines with CXCL8 (10 nM) induces β-arrestin 2 recruitment, as indicated by a significant increase in the induction factor. All the CXCR2 antagonists were tested in a dose-dependent manner and the concentration corresponding to 50% inhibition of the response was determined (IC50=half inhibition concentration).",CXCR1,CHEMBL5731468,CHEMBL5725784
CHEMBL4106677,Cc1ccc(C(Nc2c(Nc3cccc(C(=O)N(C)C)c3O)c(=O)c2=O)[C@H]2CCCO2)o1,5.88,"In Vitro Affinity Assay: The in vitro affinity of the compounds of the present invention for the CXCR1 and CXCR2 receptors was determined on a functional test of the β-arrestin recruitment after receptor activation type.It was demonstrated that the activation by CXCL8 of the CXCR2 receptor in cells of the PathHunter HEK293-CXCR2 line or of the CXCR1 receptor in cells of the U2OS h CXCR1 β-arrestin line results in the recruitment of β-arrestin (Richardson, R. M., R. J. Marjoram, L. S. Barak, R. Snyderman. 2003. Role of the cytoplasmic tails of CXCR1 and CXCR2 in mediating leukocyte migration, activation, and regulation. J. Immunol. 170: 2904-2911).In order to evaluate the direct interaction of the CXCR2 or CXCR1 receptor with β-arrestin 2, a β-arrestin 2 recruitment test for CXCR2 or CXCR1 based on β-galactosidase enzyme complementation (Olson K R, Eglen R M. Beta galactosidase complementation: a cell-based luminescent assay platform for drug discovery. Assay Drug Dev Technol. 2007 February; 5(1); 137-44), as established by DiscoveRx Corporation was used. The stimulation of these two cell lines with CXCL8 (10 nM) induces β-arrestin 2 recruitment, as indicated by a significant increase in the induction factor. All the CXCR2 antagonists were tested in a dose-dependent manner and the concentration corresponding to 50% inhibition of the response was determined (IC50=half inhibition concentration).",CXCR1,CHEMBL5731468,CHEMBL5725784
CHEMBL3934321,Cc1ccc(C(Nc2c(Nc3cccc(C(=O)N(C)C)c3O)c(=O)c2=O)[C@@H]2CCCO2)o1,6.32,"In Vitro Affinity Assay: The in vitro affinity of the compounds of the present invention for the CXCR1 and CXCR2 receptors was determined on a functional test of the β-arrestin recruitment after receptor activation type.It was demonstrated that the activation by CXCL8 of the CXCR2 receptor in cells of the PathHunter HEK293-CXCR2 line or of the CXCR1 receptor in cells of the U2OS h CXCR1 β-arrestin line results in the recruitment of β-arrestin (Richardson, R. M., R. J. Marjoram, L. S. Barak, R. Snyderman. 2003. Role of the cytoplasmic tails of CXCR1 and CXCR2 in mediating leukocyte migration, activation, and regulation. J. Immunol. 170: 2904-2911).In order to evaluate the direct interaction of the CXCR2 or CXCR1 receptor with β-arrestin 2, a β-arrestin 2 recruitment test for CXCR2 or CXCR1 based on β-galactosidase enzyme complementation (Olson K R, Eglen R M. Beta galactosidase complementation: a cell-based luminescent assay platform for drug discovery. Assay Drug Dev Technol. 2007 February; 5(1); 137-44), as established by DiscoveRx Corporation was used. The stimulation of these two cell lines with CXCL8 (10 nM) induces β-arrestin 2 recruitment, as indicated by a significant increase in the induction factor. All the CXCR2 antagonists were tested in a dose-dependent manner and the concentration corresponding to 50% inhibition of the response was determined (IC50=half inhibition concentration).",CXCR1,CHEMBL5731468,CHEMBL5725784
CHEMBL3980279,CN(C)C(=O)c1cccc(Nc2c(NC(c3ccccc3)C3CCCO3)c(=O)c2=O)c1O,5.94,"In Vitro Affinity Assay: The in vitro affinity of the compounds of the present invention for the CXCR1 and CXCR2 receptors was determined on a functional test of the β-arrestin recruitment after receptor activation type.It was demonstrated that the activation by CXCL8 of the CXCR2 receptor in cells of the PathHunter HEK293-CXCR2 line or of the CXCR1 receptor in cells of the U2OS h CXCR1 β-arrestin line results in the recruitment of β-arrestin (Richardson, R. M., R. J. Marjoram, L. S. Barak, R. Snyderman. 2003. Role of the cytoplasmic tails of CXCR1 and CXCR2 in mediating leukocyte migration, activation, and regulation. J. Immunol. 170: 2904-2911).In order to evaluate the direct interaction of the CXCR2 or CXCR1 receptor with β-arrestin 2, a β-arrestin 2 recruitment test for CXCR2 or CXCR1 based on β-galactosidase enzyme complementation (Olson K R, Eglen R M. Beta galactosidase complementation: a cell-based luminescent assay platform for drug discovery. Assay Drug Dev Technol. 2007 February; 5(1); 137-44), as established by DiscoveRx Corporation was used. The stimulation of these two cell lines with CXCL8 (10 nM) induces β-arrestin 2 recruitment, as indicated by a significant increase in the induction factor. All the CXCR2 antagonists were tested in a dose-dependent manner and the concentration corresponding to 50% inhibition of the response was determined (IC50=half inhibition concentration).",CXCR1,CHEMBL5731468,CHEMBL5725784
CHEMBL3956663,Cc1ccc(C(Nc2c(Nc3cccc(C(=O)N(C)C)c3O)c(=O)c2=O)[C@@H]2COC(C)(C)O2)o1,5.0,"In Vitro Affinity Assay: The in vitro affinity of the compounds of the present invention for the CXCR1 and CXCR2 receptors was determined on a functional test of the β-arrestin recruitment after receptor activation type.It was demonstrated that the activation by CXCL8 of the CXCR2 receptor in cells of the PathHunter HEK293-CXCR2 line or of the CXCR1 receptor in cells of the U2OS h CXCR1 β-arrestin line results in the recruitment of β-arrestin (Richardson, R. M., R. J. Marjoram, L. S. Barak, R. Snyderman. 2003. Role of the cytoplasmic tails of CXCR1 and CXCR2 in mediating leukocyte migration, activation, and regulation. J. Immunol. 170: 2904-2911).In order to evaluate the direct interaction of the CXCR2 or CXCR1 receptor with β-arrestin 2, a β-arrestin 2 recruitment test for CXCR2 or CXCR1 based on β-galactosidase enzyme complementation (Olson K R, Eglen R M. Beta galactosidase complementation: a cell-based luminescent assay platform for drug discovery. Assay Drug Dev Technol. 2007 February; 5(1); 137-44), as established by DiscoveRx Corporation was used. The stimulation of these two cell lines with CXCL8 (10 nM) induces β-arrestin 2 recruitment, as indicated by a significant increase in the induction factor. All the CXCR2 antagonists were tested in a dose-dependent manner and the concentration corresponding to 50% inhibition of the response was determined (IC50=half inhibition concentration).",CXCR1,CHEMBL5731468,CHEMBL5725784
CHEMBL3956663,Cc1ccc(C(Nc2c(Nc3cccc(C(=O)N(C)C)c3O)c(=O)c2=O)[C@@H]2COC(C)(C)O2)o1,5.0,"In Vitro Affinity Assay: The in vitro affinity of the compounds of the present invention for the CXCR1 and CXCR2 receptors was determined on a functional test of the β-arrestin recruitment after receptor activation type.It was demonstrated that the activation by CXCL8 of the CXCR2 receptor in cells of the PathHunter HEK293-CXCR2 line or of the CXCR1 receptor in cells of the U2OS h CXCR1 β-arrestin line results in the recruitment of β-arrestin (Richardson, R. M., R. J. Marjoram, L. S. Barak, R. Snyderman. 2003. Role of the cytoplasmic tails of CXCR1 and CXCR2 in mediating leukocyte migration, activation, and regulation. J. Immunol. 170: 2904-2911).In order to evaluate the direct interaction of the CXCR2 or CXCR1 receptor with β-arrestin 2, a β-arrestin 2 recruitment test for CXCR2 or CXCR1 based on β-galactosidase enzyme complementation (Olson K R, Eglen R M. Beta galactosidase complementation: a cell-based luminescent assay platform for drug discovery. Assay Drug Dev Technol. 2007 February; 5(1); 137-44), as established by DiscoveRx Corporation was used. The stimulation of these two cell lines with CXCL8 (10 nM) induces β-arrestin 2 recruitment, as indicated by a significant increase in the induction factor. All the CXCR2 antagonists were tested in a dose-dependent manner and the concentration corresponding to 50% inhibition of the response was determined (IC50=half inhibition concentration).",CXCR1,CHEMBL5731468,CHEMBL5725784
CHEMBL3963336,COC(=O)[C@@H]1CCCN1C(=O)c1cccc(Nc2c(NC(c3ccc(C)o3)C3CCCS3)c(=O)c2=O)c1F,5.42,"In Vitro Affinity Assay: The in vitro affinity of the compounds of the present invention for the CXCR1 and CXCR2 receptors was determined on a functional test of the β-arrestin recruitment after receptor activation type.It was demonstrated that the activation by CXCL8 of the CXCR2 receptor in cells of the PathHunter HEK293-CXCR2 line or of the CXCR1 receptor in cells of the U2OS h CXCR1 β-arrestin line results in the recruitment of β-arrestin (Richardson, R. M., R. J. Marjoram, L. S. Barak, R. Snyderman. 2003. Role of the cytoplasmic tails of CXCR1 and CXCR2 in mediating leukocyte migration, activation, and regulation. J. Immunol. 170: 2904-2911).In order to evaluate the direct interaction of the CXCR2 or CXCR1 receptor with β-arrestin 2, a β-arrestin 2 recruitment test for CXCR2 or CXCR1 based on β-galactosidase enzyme complementation (Olson K R, Eglen R M. Beta galactosidase complementation: a cell-based luminescent assay platform for drug discovery. Assay Drug Dev Technol. 2007 February; 5(1); 137-44), as established by DiscoveRx Corporation was used. The stimulation of these two cell lines with CXCL8 (10 nM) induces β-arrestin 2 recruitment, as indicated by a significant increase in the induction factor. All the CXCR2 antagonists were tested in a dose-dependent manner and the concentration corresponding to 50% inhibition of the response was determined (IC50=half inhibition concentration).",CXCR1,CHEMBL5731468,CHEMBL5725784
CHEMBL3947915,Cc1ccc(C(Nc2c(Nc3cccnc3O)c(=O)c2=O)C2CCCS2)o1,6.19,"In Vitro Affinity Assay: The in vitro affinity of the compounds of the present invention for the CXCR1 and CXCR2 receptors was determined on a functional test of the β-arrestin recruitment after receptor activation type.It was demonstrated that the activation by CXCL8 of the CXCR2 receptor in cells of the PathHunter HEK293-CXCR2 line or of the CXCR1 receptor in cells of the U2OS h CXCR1 β-arrestin line results in the recruitment of β-arrestin (Richardson, R. M., R. J. Marjoram, L. S. Barak, R. Snyderman. 2003. Role of the cytoplasmic tails of CXCR1 and CXCR2 in mediating leukocyte migration, activation, and regulation. J. Immunol. 170: 2904-2911).In order to evaluate the direct interaction of the CXCR2 or CXCR1 receptor with β-arrestin 2, a β-arrestin 2 recruitment test for CXCR2 or CXCR1 based on β-galactosidase enzyme complementation (Olson K R, Eglen R M. Beta galactosidase complementation: a cell-based luminescent assay platform for drug discovery. Assay Drug Dev Technol. 2007 February; 5(1); 137-44), as established by DiscoveRx Corporation was used. The stimulation of these two cell lines with CXCL8 (10 nM) induces β-arrestin 2 recruitment, as indicated by a significant increase in the induction factor. All the CXCR2 antagonists were tested in a dose-dependent manner and the concentration corresponding to 50% inhibition of the response was determined (IC50=half inhibition concentration).",CXCR1,CHEMBL5731468,CHEMBL5725784
CHEMBL5920779,Cc1ccc(C(Nc2c(Nc3cccn(C)c3=O)c(=O)c2=O)C2CCCS2)o1,6.42,"In Vitro Affinity Assay: The in vitro affinity of the compounds of the present invention for the CXCR1 and CXCR2 receptors was determined on a functional test of the β-arrestin recruitment after receptor activation type.It was demonstrated that the activation by CXCL8 of the CXCR2 receptor in cells of the PathHunter HEK293-CXCR2 line or of the CXCR1 receptor in cells of the U2OS h CXCR1 β-arrestin line results in the recruitment of β-arrestin (Richardson, R. M., R. J. Marjoram, L. S. Barak, R. Snyderman. 2003. Role of the cytoplasmic tails of CXCR1 and CXCR2 in mediating leukocyte migration, activation, and regulation. J. Immunol. 170: 2904-2911).In order to evaluate the direct interaction of the CXCR2 or CXCR1 receptor with β-arrestin 2, a β-arrestin 2 recruitment test for CXCR2 or CXCR1 based on β-galactosidase enzyme complementation (Olson K R, Eglen R M. Beta galactosidase complementation: a cell-based luminescent assay platform for drug discovery. Assay Drug Dev Technol. 2007 February; 5(1); 137-44), as established by DiscoveRx Corporation was used. The stimulation of these two cell lines with CXCL8 (10 nM) induces β-arrestin 2 recruitment, as indicated by a significant increase in the induction factor. All the CXCR2 antagonists were tested in a dose-dependent manner and the concentration corresponding to 50% inhibition of the response was determined (IC50=half inhibition concentration).",CXCR1,CHEMBL5731468,CHEMBL5725784
CHEMBL3909470,Cc1ccc([C@H](Nc2c(Nc3cccc(C(=O)N(C)CC(F)(F)F)c3O)c(=O)c2=O)C2CCCS2)o1,7.44,"In Vitro Affinity Assay: The in vitro affinity of the compounds of the present invention for the CXCR1 and CXCR2 receptors was determined on a functional test of the β-arrestin recruitment after receptor activation type.It was demonstrated that the activation by CXCL8 of the CXCR2 receptor in cells of the PathHunter HEK293-CXCR2 line or of the CXCR1 receptor in cells of the U2OS h CXCR1 β-arrestin line results in the recruitment of β-arrestin (Richardson, R. M., R. J. Marjoram, L. S. Barak, R. Snyderman. 2003. Role of the cytoplasmic tails of CXCR1 and CXCR2 in mediating leukocyte migration, activation, and regulation. J. Immunol. 170: 2904-2911).In order to evaluate the direct interaction of the CXCR2 or CXCR1 receptor with β-arrestin 2, a β-arrestin 2 recruitment test for CXCR2 or CXCR1 based on β-galactosidase enzyme complementation (Olson K R, Eglen R M. Beta galactosidase complementation: a cell-based luminescent assay platform for drug discovery. Assay Drug Dev Technol. 2007 February; 5(1); 137-44), as established by DiscoveRx Corporation was used. The stimulation of these two cell lines with CXCL8 (10 nM) induces β-arrestin 2 recruitment, as indicated by a significant increase in the induction factor. All the CXCR2 antagonists were tested in a dose-dependent manner and the concentration corresponding to 50% inhibition of the response was determined (IC50=half inhibition concentration).",CXCR1,CHEMBL5731468,CHEMBL5725784
CHEMBL3904195,COC(=O)CN(C)C(=O)c1cccc(Nc2c(N[C@@H](c3ccc(C)o3)C3CCCS3)c(=O)c2=O)c1O,7.38,"In Vitro Affinity Assay: The in vitro affinity of the compounds of the present invention for the CXCR1 and CXCR2 receptors was determined on a functional test of the β-arrestin recruitment after receptor activation type.It was demonstrated that the activation by CXCL8 of the CXCR2 receptor in cells of the PathHunter HEK293-CXCR2 line or of the CXCR1 receptor in cells of the U2OS h CXCR1 β-arrestin line results in the recruitment of β-arrestin (Richardson, R. M., R. J. Marjoram, L. S. Barak, R. Snyderman. 2003. Role of the cytoplasmic tails of CXCR1 and CXCR2 in mediating leukocyte migration, activation, and regulation. J. Immunol. 170: 2904-2911).In order to evaluate the direct interaction of the CXCR2 or CXCR1 receptor with β-arrestin 2, a β-arrestin 2 recruitment test for CXCR2 or CXCR1 based on β-galactosidase enzyme complementation (Olson K R, Eglen R M. Beta galactosidase complementation: a cell-based luminescent assay platform for drug discovery. Assay Drug Dev Technol. 2007 February; 5(1); 137-44), as established by DiscoveRx Corporation was used. The stimulation of these two cell lines with CXCL8 (10 nM) induces β-arrestin 2 recruitment, as indicated by a significant increase in the induction factor. All the CXCR2 antagonists were tested in a dose-dependent manner and the concentration corresponding to 50% inhibition of the response was determined (IC50=half inhibition concentration).",CXCR1,CHEMBL5731468,CHEMBL5725784
CHEMBL3901913,COC(=O)[C@H]1CCCN1C(=O)c1cccc(Nc2c(NC(c3ccc(C)o3)C3CCCS3)c(=O)c2=O)c1O,7.37,"In Vitro Affinity Assay: The in vitro affinity of the compounds of the present invention for the CXCR1 and CXCR2 receptors was determined on a functional test of the β-arrestin recruitment after receptor activation type.It was demonstrated that the activation by CXCL8 of the CXCR2 receptor in cells of the PathHunter HEK293-CXCR2 line or of the CXCR1 receptor in cells of the U2OS h CXCR1 β-arrestin line results in the recruitment of β-arrestin (Richardson, R. M., R. J. Marjoram, L. S. Barak, R. Snyderman. 2003. Role of the cytoplasmic tails of CXCR1 and CXCR2 in mediating leukocyte migration, activation, and regulation. J. Immunol. 170: 2904-2911).In order to evaluate the direct interaction of the CXCR2 or CXCR1 receptor with β-arrestin 2, a β-arrestin 2 recruitment test for CXCR2 or CXCR1 based on β-galactosidase enzyme complementation (Olson K R, Eglen R M. Beta galactosidase complementation: a cell-based luminescent assay platform for drug discovery. Assay Drug Dev Technol. 2007 February; 5(1); 137-44), as established by DiscoveRx Corporation was used. The stimulation of these two cell lines with CXCL8 (10 nM) induces β-arrestin 2 recruitment, as indicated by a significant increase in the induction factor. All the CXCR2 antagonists were tested in a dose-dependent manner and the concentration corresponding to 50% inhibition of the response was determined (IC50=half inhibition concentration).",CXCR1,CHEMBL5731468,CHEMBL5725784
CHEMBL3956601,Cc1ccc(C(Nc2c(Nc3ccc(Cl)c(C(=O)N(C)C)c3O)c(=O)c2=O)C2CCCS2)o1,6.95,"In Vitro Affinity Assay: The in vitro affinity of the compounds of the present invention for the CXCR1 and CXCR2 receptors was determined on a functional test of the β-arrestin recruitment after receptor activation type.It was demonstrated that the activation by CXCL8 of the CXCR2 receptor in cells of the PathHunter HEK293-CXCR2 line or of the CXCR1 receptor in cells of the U2OS h CXCR1 β-arrestin line results in the recruitment of β-arrestin (Richardson, R. M., R. J. Marjoram, L. S. Barak, R. Snyderman. 2003. Role of the cytoplasmic tails of CXCR1 and CXCR2 in mediating leukocyte migration, activation, and regulation. J. Immunol. 170: 2904-2911).In order to evaluate the direct interaction of the CXCR2 or CXCR1 receptor with β-arrestin 2, a β-arrestin 2 recruitment test for CXCR2 or CXCR1 based on β-galactosidase enzyme complementation (Olson K R, Eglen R M. Beta galactosidase complementation: a cell-based luminescent assay platform for drug discovery. Assay Drug Dev Technol. 2007 February; 5(1); 137-44), as established by DiscoveRx Corporation was used. The stimulation of these two cell lines with CXCL8 (10 nM) induces β-arrestin 2 recruitment, as indicated by a significant increase in the induction factor. All the CXCR2 antagonists were tested in a dose-dependent manner and the concentration corresponding to 50% inhibition of the response was determined (IC50=half inhibition concentration).",CXCR1,CHEMBL5731468,CHEMBL5725784
CHEMBL3952996,Cc1ccc(C(Nc2c(Nc3ccc(Cl)c(S(=O)(=O)N4CCN(C)CC4)c3O)c(=O)c2=O)C2CCCS2)o1,7.52,"In Vitro Affinity Assay: The in vitro affinity of the compounds of the present invention for the CXCR1 and CXCR2 receptors was determined on a functional test of the β-arrestin recruitment after receptor activation type.It was demonstrated that the activation by CXCL8 of the CXCR2 receptor in cells of the PathHunter HEK293-CXCR2 line or of the CXCR1 receptor in cells of the U2OS h CXCR1 β-arrestin line results in the recruitment of β-arrestin (Richardson, R. M., R. J. Marjoram, L. S. Barak, R. Snyderman. 2003. Role of the cytoplasmic tails of CXCR1 and CXCR2 in mediating leukocyte migration, activation, and regulation. J. Immunol. 170: 2904-2911).In order to evaluate the direct interaction of the CXCR2 or CXCR1 receptor with β-arrestin 2, a β-arrestin 2 recruitment test for CXCR2 or CXCR1 based on β-galactosidase enzyme complementation (Olson K R, Eglen R M. Beta galactosidase complementation: a cell-based luminescent assay platform for drug discovery. Assay Drug Dev Technol. 2007 February; 5(1); 137-44), as established by DiscoveRx Corporation was used. The stimulation of these two cell lines with CXCL8 (10 nM) induces β-arrestin 2 recruitment, as indicated by a significant increase in the induction factor. All the CXCR2 antagonists were tested in a dose-dependent manner and the concentration corresponding to 50% inhibition of the response was determined (IC50=half inhibition concentration).",CXCR1,CHEMBL5731468,CHEMBL5725784
CHEMBL25573,N#Cc1ccc(NC(=O)Nc2ccccc2)c(O)c1,6.7,Inhibition of binding of IL-8 to membranes of cloned CXC chemokine receptor 2 expressed in CHO Cells using [125I]IL-8 radioligand,CXCR2,CHEMBL656551,CHEMBL1149089
CHEMBL27863,N#Cc1ccc(NC(=O)Nc2ccccc2Br)c(O)c1,7.6,Inhibition of binding of IL-8 to membranes of cloned CXC chemokine receptor 2 expressed in CHO Cells using [125I]IL-8 radioligand,CXCR2,CHEMBL656551,CHEMBL1149089
CHEMBL283736,O=C(Nc1ccccc1)Nc1cccc([N+](=O)[O-])c1O,6.07,Inhibition of binding of IL-8 to membranes of cloned CXC chemokine receptor 2 expressed in CHO Cells using [125I]IL-8 radioligand,CXCR2,CHEMBL656551,CHEMBL1149089
CHEMBL280711,O=C(Nc1ccccc1)Nc1ccc([N+](=O)[O-])cc1O,6.5,Inhibition of binding of IL-8 to membranes of cloned CXC chemokine receptor 2 expressed in CHO Cells using [125I]IL-8 radioligand,CXCR2,CHEMBL656551,CHEMBL1149089
CHEMBL27446,N#Cc1ccc(NC(=O)Nc2ccccc2Br)c(O)c1Cl,7.66,Inhibition of binding of IL-8 to membranes of cloned CXC chemokine receptor 2 expressed in CHO Cells using [125I]IL-8 radioligand,CXCR2,CHEMBL656551,CHEMBL1149089
CHEMBL28009,N#Cc1ccc(NC(=O)Nc2ccccc2Br)c(O)c1Br,8.22,Inhibition of binding of IL-8 to membranes of cloned CXC chemokine receptor 2 expressed in CHO Cells using [125I]IL-8 radioligand,CXCR2,CHEMBL656551,CHEMBL1149089
CHEMBL24912,O=C(Nc1ccccc1)Nc1cc([N+](=O)[O-])ccc1O,4.96,Inhibition of binding of IL-8 to membranes of cloned CXC chemokine receptor 2 expressed in CHO Cells using [125I]IL-8 radioligand,CXCR2,CHEMBL656551,CHEMBL1149089
CHEMBL26830,N#Cc1c(Cl)ccc(NC(=O)Nc2ccccc2Br)c1O,7.24,Inhibition of binding of IL-8 to membranes of cloned CXC chemokine receptor 2 expressed in CHO Cells using [125I]IL-8 radioligand,CXCR2,CHEMBL656551,CHEMBL1149089
CHEMBL312883,N#Cc1ccc(-c2nc(S)n(Cc3ccccc3)n2)cc1,5.46,Inhibition of binding of [125I]IL8 to human recombinant CXC chemokine receptor 2 (CXCR2) expressed in HEK 293 membranes,CXCR2,CHEMBL656547,CHEMBL1136144
CHEMBL85872,FC(F)(F)c1ccc(-c2nc(S)n(Cc3ccccc3)n2)cc1,5.55,Inhibition of binding of [125I]IL8 to human recombinant CXC chemokine receptor 2 (CXCR2) expressed in HEK 293 membranes,CXCR2,CHEMBL656547,CHEMBL1136144
CHEMBL86002,Sc1nc(-c2cc(Cl)cc(Cl)c2)nn1Cc1ccccc1,5.7,Inhibition of binding of [125I]IL8 to human recombinant CXC chemokine receptor 2 (CXCR2) expressed in HEK 293 membranes,CXCR2,CHEMBL656547,CHEMBL1136144
CHEMBL85267,Sc1nc(-c2ccccc2)nn1Cc1ccccc1,5.62,Inhibition of binding of [125I]IL8 to human recombinant CXC chemokine receptor 2 (CXCR2) expressed in HEK 293 membranes,CXCR2,CHEMBL656547,CHEMBL1136144
CHEMBL83292,Sc1nc(-c2cc(Cl)ccc2Cl)nn1Cc1ccccc1,6.17,Inhibition of binding of [125I]IL8 to human recombinant CXC chemokine receptor 2 (CXCR2) expressed in HEK 293 membranes,CXCR2,CHEMBL656547,CHEMBL1136144
CHEMBL310634,Oc1cccc(Cn2nc(-c3ccccc3)nc2S)c1,5.36,Inhibition of binding of [125I]IL8 to human recombinant CXC chemokine receptor 2 (CXCR2) expressed in HEK 293 membranes,CXCR2,CHEMBL656547,CHEMBL1136144
CHEMBL84957,COc1ccccc1-c1nc(S)n(Cc2ccccc2)n1,5.85,Inhibition of binding of [125I]IL8 to human recombinant CXC chemokine receptor 2 (CXCR2) expressed in HEK 293 membranes,CXCR2,CHEMBL656547,CHEMBL1136144
CHEMBL313465,Cc1cccc(Cn2nc(-c3ccc(Cl)cc3Cl)nc2S)c1,6.14,Inhibition of binding of [125I]IL8 to human recombinant CXC chemokine receptor 2 (CXCR2) expressed in HEK 293 membranes,CXCR2,CHEMBL656547,CHEMBL1136144
CHEMBL82566,Sc1nc(-c2ccc(Cl)cc2Cl)nn1Cc1cccc(Cl)c1,7.04,Inhibition of binding of [125I]IL8 to human recombinant CXC chemokine receptor 2 (CXCR2) expressed in HEK 293 membranes,CXCR2,CHEMBL656547,CHEMBL1136144
CHEMBL85045,Sc1nc(-c2ccccc2Cl)nn1Cc1ccccc1,6.35,Inhibition of binding of [125I]IL8 to human recombinant CXC chemokine receptor 2 (CXCR2) expressed in HEK 293 membranes,CXCR2,CHEMBL656547,CHEMBL1136144
CHEMBL87282,Cc1ccccc1-c1nc(S)n(Cc2ccccc2)n1,5.85,Inhibition of binding of [125I]IL8 to human recombinant CXC chemokine receptor 2 (CXCR2) expressed in HEK 293 membranes,CXCR2,CHEMBL656547,CHEMBL1136144
CHEMBL86284,Sc1nc(-c2ccc(Cl)cc2)nn1Cc1ccccc1,6.08,Inhibition of binding of [125I]IL8 to human recombinant CXC chemokine receptor 2 (CXCR2) expressed in HEK 293 membranes,CXCR2,CHEMBL656547,CHEMBL1136144
CHEMBL84719,FC(F)(F)c1cccc(-c2nc(S)n(Cc3ccccc3)n2)c1,5.46,Inhibition of binding of [125I]IL8 to human recombinant CXC chemokine receptor 2 (CXCR2) expressed in HEK 293 membranes,CXCR2,CHEMBL656547,CHEMBL1136144
CHEMBL315206,COc1cccc(Cn2nc(-c3ccc(Cl)cc3Cl)nc2S)c1,5.38,Inhibition of binding of [125I]IL8 to human recombinant CXC chemokine receptor 2 (CXCR2) expressed in HEK 293 membranes,CXCR2,CHEMBL656547,CHEMBL1136144
CHEMBL313556,Sc1nc(-c2ccccc2Br)nn1Cc1ccccc1,6.46,Inhibition of binding of [125I]IL8 to human recombinant CXC chemokine receptor 2 (CXCR2) expressed in HEK 293 membranes,CXCR2,CHEMBL656547,CHEMBL1136144
CHEMBL84755,Sc1nc(-c2cccc(Cl)c2)nn1Cc1ccccc1,6.0,Inhibition of binding of [125I]IL8 to human recombinant CXC chemokine receptor 2 (CXCR2) expressed in HEK 293 membranes,CXCR2,CHEMBL656547,CHEMBL1136144
CHEMBL82328,Sc1nc(-c2ccc(Cl)c(Cl)c2)nn1Cc1ccccc1,6.1,Inhibition of binding of [125I]IL8 to human recombinant CXC chemokine receptor 2 (CXCR2) expressed in HEK 293 membranes,CXCR2,CHEMBL656547,CHEMBL1136144
CHEMBL315811,Sc1nc(-c2ccc(Cl)cc2Cl)nn1Cc1ccc(Cl)cc1,6.52,Inhibition of binding of [125I]IL8 to human recombinant CXC chemokine receptor 2 (CXCR2) expressed in HEK 293 membranes,CXCR2,CHEMBL656547,CHEMBL1136144
CHEMBL85820,Sc1nc(-c2ccc(Cl)cc2Cl)nn1Cc1ccccc1,6.39,Inhibition of binding of [125I]IL8 to human recombinant CXC chemokine receptor 2 (CXCR2) expressed in HEK 293 membranes,CXCR2,CHEMBL656547,CHEMBL1136144
CHEMBL312060,COc1ccc(-c2nc(S)n(Cc3ccccc3)n2)cc1,5.64,Inhibition of binding of [125I]IL8 to human recombinant CXC chemokine receptor 2 (CXCR2) expressed in HEK 293 membranes,CXCR2,CHEMBL656547,CHEMBL1136144
CHEMBL85497,Fc1ccccc1-c1nc(S)n(Cc2ccccc2)n1,6.05,Inhibition of binding of [125I]IL8 to human recombinant CXC chemokine receptor 2 (CXCR2) expressed in HEK 293 membranes,CXCR2,CHEMBL656547,CHEMBL1136144
CHEMBL84988,Sc1nc(-c2ccncc2)nn1Cc1ccccc1,5.11,Inhibition of binding of [125I]IL8 to human recombinant CXC chemokine receptor 2 (CXCR2) expressed in HEK 293 membranes,CXCR2,CHEMBL656547,CHEMBL1136144
CHEMBL315588,Sc1nc(-c2ccc(Cl)cc2Cl)nn1Cc1cccc(Oc2ccccc2)c1,6.77,Inhibition of binding of [125I]IL8 to human recombinant CXC chemokine receptor 2 (CXCR2) expressed in HEK 293 membranes,CXCR2,CHEMBL656547,CHEMBL1136144
CHEMBL85390,Sc1nc(-c2ccco2)nn1Cc1ccccc1,5.38,Inhibition of binding of [125I]IL8 to human recombinant CXC chemokine receptor 2 (CXCR2) expressed in HEK 293 membranes,CXCR2,CHEMBL656547,CHEMBL1136144
CHEMBL86001,Sc1nc(-c2cccs2)nn1Cc1ccccc1,5.7,Inhibition of binding of [125I]IL8 to human recombinant CXC chemokine receptor 2 (CXCR2) expressed in HEK 293 membranes,CXCR2,CHEMBL656547,CHEMBL1136144
CHEMBL84753,Sc1nc(-c2cccc(Cl)c2Cl)nn1Cc1ccccc1,6.46,Inhibition of binding of [125I]IL8 to human recombinant CXC chemokine receptor 2 (CXCR2) expressed in HEK 293 membranes,CXCR2,CHEMBL656547,CHEMBL1136144
CHEMBL84752,COc1ccc(Cn2nc(-c3ccc(Cl)cc3Cl)nc2S)cc1,5.0,Inhibition of binding of [125I]IL8 to human recombinant CXC chemokine receptor 2 (CXCR2) expressed in HEK 293 membranes,CXCR2,CHEMBL656547,CHEMBL1136144
CHEMBL85117,Sc1nc(-c2ccc(Cl)cc2Cl)nn1CCc1ccccc1,6.35,Inhibition of binding of [125I]IL8 to human recombinant CXC chemokine receptor 2 (CXCR2) expressed in HEK 293 membranes,CXCR2,CHEMBL656547,CHEMBL1136144
CHEMBL294095,CCS(=O)(=O)c1ccc(C(=O)Nc2ccc(F)cc2)c[n+]1[O-],6.89,Evaluated using an SPA assay with recombinant human [125I]IL-8 and membranes prepared from Sf9 cells expressing human CXCR2,CXCR2,CHEMBL662153,CHEMBL1133879
CHEMBL39740,CCN(CC)CCCCNc1nc2cc(Cl)c(Cl)cc2nc1-c1ccc(-c2cccs2)s1,6.96,Compound binding was evaluated using an SPA assay with recombinant human [125I]IL-8 and membranes prepared from Sf9 cells expressing human C-X-C chemokine receptor type 2,CXCR2,CHEMBL650907,CHEMBL1133879
CHEMBL60066,O=C(Nc1ccc(F)cc1)c1ccc(Cl)[n+]([O-])c1,6.0,Evaluated using an SPA assay with recombinant human [125I]IL-8 and membranes prepared from Sf9 cells expressing human CXCR2,CXCR2,CHEMBL662153,CHEMBL1133879
CHEMBL301424,O=C(Nc1ccc(F)cc1)c1ccc(S(=O)(=O)c2ccccc2)[n+]([O-])c1,7.05,Evaluated using an SPA assay with recombinant human [125I]IL-8 and membranes prepared from Sf9 cells expressing human CXCR2,CXCR2,CHEMBL662153,CHEMBL1133879
CHEMBL61835,CS(=O)(=O)c1ccc(C(=O)Nc2ccc(F)cc2)c[n+]1[O-],6.89,Evaluated using an SPA assay with recombinant human [125I]IL-8 and membranes prepared from Sf9 cells expressing human CXCR2,CXCR2,CHEMBL662153,CHEMBL1133879
CHEMBL58619,O=C(Nc1ccc(F)cc1)c1ccc(S(=O)(=O)Cc2ccccc2)[n+]([O-])c1,6.55,Evaluated using an SPA assay with recombinant human [125I]IL-8 and membranes prepared from Sf9 cells expressing human CXCR2,CXCR2,CHEMBL662153,CHEMBL1133879
CHEMBL57680,O=C(O)c1cccc(S(=O)(=O)c2ccc(C(=O)Nc3ccc(F)cc3)c[n+]2[O-])c1,7.5,Evaluated using an SPA assay with recombinant human [125I]IL-8 and membranes prepared from Sf9 cells expressing human CXCR2,CXCR2,CHEMBL662153,CHEMBL1133879
CHEMBL62108,O=C(Nc1ccc(F)cc1)c1ccc(S(=O)(=O)C2CCCC2)[n+]([O-])c1,6.34,Evaluated using an SPA assay with recombinant human [125I]IL-8 and membranes prepared from Sf9 cells expressing human CXCR2,CXCR2,CHEMBL662153,CHEMBL1133879
CHEMBL61655,CC(C)S(=O)(=O)c1ccc(C(=O)Nc2ccc(F)cc2)c[n+]1[O-],6.4,Evaluated using an SPA assay with recombinant human [125I]IL-8 and membranes prepared from Sf9 cells expressing human CXCR2,CXCR2,CHEMBL662153,CHEMBL1133879
CHEMBL431511,COC(=O)CSc1ccc(C(=O)Nc2ccc(F)cc2)cn1,7.5,Displacement of [125I]IL-8 from CHO cell membranes expressing human CX3C chemokine receptor 2,CXCR2,CHEMBL656548,CHEMBL1135131
CHEMBL38182,N#Cc1ccc(NC(=O)Nc2ccccc2Br)c2nn[nH]c12,8.0,Displacement of [125I]IL-8 from CHO cell membranes expressing human CX3C chemokine receptor 2,CXCR2,CHEMBL656548,CHEMBL1135131
CHEMBL39740,CCN(CC)CCCCNc1nc2cc(Cl)c(Cl)cc2nc1-c1ccc(-c2cccs2)s1,6.96,Displacement of [125I]IL-8 from CHO cell membranes expressing human CX3C chemokine receptor 2,CXCR2,CHEMBL656548,CHEMBL1135131
CHEMBL39835,O=C(O)CSc1ccc(C(=O)Nc2ccc(F)cc2)cn1,5.92,Displacement of [125I]IL-8 from CHO cell membranes expressing human CX3C chemokine receptor 2 (CXCR2 filter mat binding assay),CXCR2,CHEMBL656549,CHEMBL1135131
CHEMBL184147,O=C(Nc1ccc(Cl)cc1O)Nc1ccccc1Br,6.04,Concentration required to inhibit [125I]IL-8 binding towards C-X-C chemokine receptor type 2 of human expressed in CHO cells,CXCR2,CHEMBL828744,CHEMBL1137097
CHEMBL185259,O=C(Nc1ccccc1Br)Nc1ccc(Cl)c(Cl)c1O,7.2,Concentration required to inhibit [125I]IL-8 binding towards C-X-C chemokine receptor type 2 of human expressed in CHO cells,CXCR2,CHEMBL828744,CHEMBL1137097
CHEMBL184185,NC(=O)c1c(Cl)ccc(NC(=O)Nc2ccccc2Br)c1O,8.0,Concentration required to inhibit [125I]IL-8 binding towards C-X-C chemokine receptor type 2 of human expressed in CHO cells,CXCR2,CHEMBL828744,CHEMBL1137097
CHEMBL535818,Cl.NCc1c(Cl)ccc(NC(=O)Nc2ccccc2Br)c1O,6.94,Concentration required to inhibit [125I]IL-8 binding towards C-X-C chemokine receptor type 2 of human expressed in CHO cells,CXCR2,CHEMBL828744,CHEMBL1137097
CHEMBL359670,NS(=O)(=O)c1c(Cl)ccc(NC(=O)Nc2ccccc2Br)c1O,8.15,Concentration required to inhibit [125I]IL-8 binding towards C-X-C chemokine receptor type 2 of human expressed in CHO cells,CXCR2,CHEMBL828744,CHEMBL1137097
CHEMBL183222,CN(C)S(=O)(=O)c1c(Cl)ccc(NC(=O)Nc2ccccc2Br)c1O,7.92,Concentration required to inhibit [125I]IL-8 binding towards C-X-C chemokine receptor type 2 of human expressed in CHO cells,CXCR2,CHEMBL828744,CHEMBL1137097
CHEMBL195433,CC(=O)c1sc(NC(=O)N[C@@H]2CCCC[C@H]2CN2CCC[C@@H](Cc3ccc(F)cc3)C2)nc1C,5.0,Inhibition of C-X-C chemokine receptor type 2,CXCR2,CHEMBL828098,CHEMBL1143552
CHEMBL363840,Cn1nnnc1-c1cccc(NC(=O)N[C@@H]2CCCC[C@H]2CN2CCC[C@@H](Cc3ccc(F)cc3)C2)c1,5.0,Inhibition of C-X-C chemokine receptor type 2,CXCR2,CHEMBL828098,CHEMBL1143552
CHEMBL380947,CC(C)(CO)Nc1nc(SCc2cccc(F)c2F)nc2nc(N)sc12,7.85,Displacement of [125I]IL8 from human recombinant CXCR2 expressed in HEK293 membranes by SPA,CXCR2,CHEMBL862382,CHEMBL1149469
CHEMBL380732,CC[C@H](CO)Nc1nc(SCc2cccc(F)c2F)nc2nc(N)sc12,8.02,Displacement of [125I]IL8 from human recombinant CXCR2 expressed in HEK293 membranes by SPA,CXCR2,CHEMBL862382,CHEMBL1149469
CHEMBL204552,CC(C)(CO)Nc1nc(SCc2cccc(Oc3ccccc3)c2)nc2nc(N)sc12,7.3,Displacement of [125I]IL8 from human recombinant CXCR2 expressed in HEK293 membranes by SPA,CXCR2,CHEMBL862382,CHEMBL1149469
CHEMBL203715,CC[C@H](CO)Nc1nc(SCc2cccc(Oc3ccccc3)c2)nc2nc(N)sc12,6.46,Displacement of [125I]IL8 from human recombinant CXCR2 expressed in HEK293 membranes by SPA,CXCR2,CHEMBL862382,CHEMBL1149469
CHEMBL201204,CC[C@@H](CO)Nc1nc(SCc2cccc(Oc3ccccc3)c2)nc2nc(N)sc12,5.85,Displacement of [125I]IL8 from human recombinant CXCR2 expressed in HEK293 membranes by SPA,CXCR2,CHEMBL862382,CHEMBL1149469
CHEMBL274737,CC[C@H](CO)Nc1nc(SCc2ccccc2)nc2nc(N)sc12,6.92,Displacement of [125I]IL8 from human recombinant CXCR2 expressed in HEK293 membranes by SPA,CXCR2,CHEMBL862382,CHEMBL1149469
CHEMBL383235,CC[C@@H](CO)Nc1nc(SCc2ccccc2)nc2nc(N)sc12,5.41,Displacement of [125I]IL8 from human recombinant CXCR2 expressed in HEK293 membranes by SPA,CXCR2,CHEMBL862382,CHEMBL1149469
CHEMBL370387,Nc1nc2nc(SCc3cccc(F)c3F)nc(O)c2s1,6.57,Displacement of [125I]IL8 from human recombinant CXCR2 expressed in HEK293 membranes by SPA,CXCR2,CHEMBL862382,CHEMBL1149469
CHEMBL201842,Nc1nc2nc(SCc3cccc(Oc4ccccc4)c3)nc(O)c2s1,6.32,Displacement of [125I]IL8 from human recombinant CXCR2 expressed in HEK293 membranes by SPA,CXCR2,CHEMBL862382,CHEMBL1149469
CHEMBL201800,Nc1nc2nc(SCc3ccccc3)nc(N)c2s1,5.0,Displacement of [125I]IL8 from human recombinant CXCR2 expressed in HEK293 membranes by SPA,CXCR2,CHEMBL862382,CHEMBL1149469
CHEMBL201921,CCCCCSc1nc(NCCO)c2sc(N)nc2n1,5.16,Displacement of [125I]IL8 from human recombinant CXCR2 expressed in HEK293 membranes by SPA,CXCR2,CHEMBL862382,CHEMBL1149469
CHEMBL201672,CCCCCSc1nc(O)c2scnc2n1,5.0,Displacement of [125I]IL8 from human recombinant CXCR2 expressed in HEK293 membranes by SPA,CXCR2,CHEMBL862382,CHEMBL1149469
CHEMBL373067,Nc1nc2nc(SCc3ccccc3)nc(O)c2s1,5.89,Displacement of [125I]IL8 from human recombinant CXCR2 expressed in HEK293 membranes by SPA,CXCR2,CHEMBL862382,CHEMBL1149469
CHEMBL201799,CCCCCSc1nc(O)c2sc(N)nc2n1,5.0,Displacement of [125I]IL8 from human recombinant CXCR2 expressed in HEK293 membranes by SPA,CXCR2,CHEMBL862382,CHEMBL1149469
CHEMBL214162,CN(C)C(=O)c1cccc(/N=c2\c(O)c(O)\c2=N/C2CCCC2)c1O,6.84,Inhibition of chemotaxis of CHO cells expressing human CXCR2,CXCR2,CHEMBL866149,CHEMBL1146016
CHEMBL214047,CCC(CC)/N=c1\c(O)c(O)\c1=N/c1cccc(C(=O)N(C)C)c1O,7.72,Inhibition of chemotaxis of CHO cells expressing human CXCR2,CXCR2,CHEMBL866149,CHEMBL1146016
CHEMBL211468,CN(C)C(=O)c1cccc(/N=c2\c(O)c(O)\c2=N/c2ccccc2)c1O,7.58,Inhibition of chemotaxis of CHO cells expressing human CXCR2,CXCR2,CHEMBL866149,CHEMBL1146016
CHEMBL209121,CN(c1ccccc1O)c1c(Nc2ccccc2)c(=O)c1=O,4.54,Displacement of [125I]IL8 from human CXCR2 expressed in CHO cells,CXCR2,CHEMBL867334,CHEMBL1146016
CHEMBL209782,O=c1c(O)c(Nc2ccc([N+](=O)[O-])cc2)/c1=N/c1ccccc1,5.07,Displacement of [125I]IL8 from human CXCR2 expressed in CHO cells,CXCR2,CHEMBL867334,CHEMBL1146016
CHEMBL424694,O=c1c(O)c(Nc2ccccc2)/c1=N/c1ccccc1O,6.32,Displacement of [125I]IL8 from human CXCR2 expressed in CHO cells,CXCR2,CHEMBL867334,CHEMBL1146016
CHEMBL209858,O=c1c(O)c(Nc2cc([N+](=O)[O-])ccc2O)/c1=N/c1ccccc1,7.25,Displacement of [125I]IL8 from human CXCR2 expressed in CHO cells,CXCR2,CHEMBL867334,CHEMBL1146016
CHEMBL378503,N#Cc1ccc(O)c(Nc2c(O)c(=O)/c2=N\c2ccccc2)c1,7.13,Displacement of [125I]IL8 from human CXCR2 expressed in CHO cells,CXCR2,CHEMBL867334,CHEMBL1146016
CHEMBL209859,N#Cc1ccc(Nc2c(O)c(=O)/c2=N\c2ccccc2)c(O)c1,8.52,Displacement of [125I]IL8 from human CXCR2 expressed in CHO cells,CXCR2,CHEMBL867334,CHEMBL1146016
CHEMBL379046,O=C(O)c1ccc(/N=c2\c(O)c(O)\c2=N/c2ccccc2)c(O)c1,5.51,Displacement of [125I]IL8 from human CXCR2 expressed in CHO cells,CXCR2,CHEMBL867334,CHEMBL1146016
CHEMBL210448,O=C(O)c1cccc(/N=c2\c(O)c(O)\c2=N/c2ccccc2)c1O,6.0,Displacement of [125I]IL8 from human CXCR2 expressed in CHO cells,CXCR2,CHEMBL867334,CHEMBL1146016
CHEMBL380052,COC(=O)c1cccc(/N=c2\c(O)c(O)\c2=N/c2ccccc2)c1O,7.28,Displacement of [125I]IL8 from human CXCR2 expressed in CHO cells,CXCR2,CHEMBL867334,CHEMBL1146016
CHEMBL214286,NC(=O)c1cccc(/N=c2\c(O)c(O)\c2=N/c2ccccc2)c1O,7.47,Displacement of [125I]IL8 from human CXCR2 expressed in CHO cells,CXCR2,CHEMBL867334,CHEMBL1146016
CHEMBL377397,CNC(=O)c1cccc(/N=c2\c(O)c(O)\c2=N/c2ccccc2)c1O,7.66,Displacement of [125I]IL8 from human CXCR2 expressed in CHO cells,CXCR2,CHEMBL867334,CHEMBL1146016
CHEMBL213943,CCNC(=O)c1cccc(/N=c2\c(O)c(O)\c2=N/c2ccccc2)c1O,7.19,Displacement of [125I]IL8 from human CXCR2 expressed in CHO cells,CXCR2,CHEMBL867334,CHEMBL1146016
CHEMBL436940,O=C(NCc1ccccc1)c1cccc(Nc2c(O)c(=O)/c2=N\c2ccccc2)c1O,6.86,Displacement of [125I]IL8 from human CXCR2 expressed in CHO cells,CXCR2,CHEMBL867334,CHEMBL1146016
CHEMBL211468,CN(C)C(=O)c1cccc(/N=c2\c(O)c(O)\c2=N/c2ccccc2)c1O,8.7,Displacement of [125I]IL8 from human CXCR2 expressed in CHO cells,CXCR2,CHEMBL867334,CHEMBL1146016
CHEMBL387431,CN(C)C(=O)c1cc(Cl)cc(/N=c2\c(O)c(O)\c2=N/c2ccccc2)c1O,8.7,Displacement of [125I]IL8 from human CXCR2 expressed in CHO cells,CXCR2,CHEMBL867334,CHEMBL1146016
CHEMBL215464,CN(C)C(=O)c1cccc(/N=c2/c(N(C)c3ccccc3)c(O)c2=O)c1O,5.14,Displacement of [125I]IL8 from human CXCR2 expressed in CHO cells,CXCR2,CHEMBL867334,CHEMBL1146016
CHEMBL213130,CN(C)C(=O)c1cccc(/N=c2\c(O)c(O)\c2=N/C2CCCCC2)c1O,8.0,Displacement of [125I]IL8 from human CXCR2 expressed in CHO cells,CXCR2,CHEMBL867334,CHEMBL1146016
CHEMBL214162,CN(C)C(=O)c1cccc(/N=c2\c(O)c(O)\c2=N/C2CCCC2)c1O,8.1,Displacement of [125I]IL8 from human CXCR2 expressed in CHO cells,CXCR2,CHEMBL867334,CHEMBL1146016
CHEMBL424887,CN(C)C(=O)c1cccc(/N=c2\c(O)c(O)\c2=N/C2CCOCC2)c1O,6.77,Displacement of [125I]IL8 from human CXCR2 expressed in CHO cells,CXCR2,CHEMBL867334,CHEMBL1146016
CHEMBL213147,CN(C)C(=O)c1cccc(/N=c2\c(O)c(O)\c2=N/[C@@H]2CCc3ccccc32)c1O,6.26,Displacement of [125I]IL8 from human CXCR2 expressed in CHO cells,CXCR2,CHEMBL867334,CHEMBL1146016
CHEMBL214047,CCC(CC)/N=c1\c(O)c(O)\c1=N/c1cccc(C(=O)N(C)C)c1O,8.3,Displacement of [125I]IL8 from human CXCR2 expressed in CHO cells,CXCR2,CHEMBL867334,CHEMBL1146016
CHEMBL375175,CC(C)/N=c1\c(O)c(O)\c1=N/c1cccc(C(=O)N(C)C)c1O,8.0,Displacement of [125I]IL8 from human CXCR2 expressed in CHO cells,CXCR2,CHEMBL867334,CHEMBL1146016
CHEMBL211247,CN(C)C(=O)c1cccc(/N=c2\c(O)c(O)\c2=N/C(C)(C)C)c1O,7.85,Displacement of [125I]IL8 from human CXCR2 expressed in CHO cells,CXCR2,CHEMBL867334,CHEMBL1146016
CHEMBL211609,CN(C)C(=O)c1cccc(/N=c2\c(O)c(O)\c2=N/Cc2ccco2)c1O,7.39,Displacement of [125I]IL8 from human CXCR2 expressed in CHO cells,CXCR2,CHEMBL867334,CHEMBL1146016
CHEMBL379438,O=c1c(O)c(Nc2ccc([N+](=O)[O-])cc2O)/c1=N/c1ccccc1,7.44,Displacement of [125I]IL8 from human CXCR2 expressed in CHO cells,CXCR2,CHEMBL867334,CHEMBL1146016
CHEMBL211353,CN(C)C(=O)c1cccc(/N=c2\c(O)c(O)\c2=N/CCc2ccccc2)c1O,6.03,Displacement of [125I]IL8 from human CXCR2 expressed in CHO cells,CXCR2,CHEMBL867334,CHEMBL1146016
CHEMBL218964,CCC(CC)Nc1c(Nc2cccc(C(=O)N(C)C)c2O)c(=O)c1=O,7.82,Displacement of [125I]hCXCL8 from human CXCR2 receptor expressed in BaF3 cells,CXCR2,CHEMBL909848,CHEMBL1138214
CHEMBL376414,Cc1ccc([C@H](Nc2c(Nc3cccc(C(=O)N(C)C)c3O)c(=O)c2=O)C(C)(C)C)o1,8.42,Displacement of [125I]hCXCL8 from human CXCR2 receptor expressed in BaF3 cells,CXCR2,CHEMBL909848,CHEMBL1138214
CHEMBL384889,Cc1ccc([C@H](Nc2c(Nc3cccc(C(=O)N(C)C)c3O)c(=O)c2=O)C(C)C)o1,8.21,Displacement of [125I]hCXCL8 from human CXCR2 receptor expressed in BaF3 cells,CXCR2,CHEMBL909848,CHEMBL1138214
CHEMBL216603,Cc1ccc([C@H](Nc2c(Nc3cccc(C(=O)N(C)C)c3O)c(=O)c2=O)C2CC2)o1,8.44,Displacement of [125I]hCXCL8 from human CXCR2 receptor expressed in BaF3 cells,CXCR2,CHEMBL909848,CHEMBL1138214
CHEMBL216602,Cc1ccc([C@@H](C)Nc2c(Nc3cccc(C(=O)N(C)C)c3O)c(=O)c2=O)o1,8.27,Displacement of [125I]hCXCL8 from human CXCR2 receptor expressed in BaF3 cells,CXCR2,CHEMBL909848,CHEMBL1138214
CHEMBL216981,CC[C@@H](Nc1c(Nc2cccc(C(=O)N(C)C)c2O)c(=O)c1=O)c1ccc(C)o1,8.59,Displacement of [125I]hCXCL8 from human CXCR2 receptor expressed in BaF3 cells,CXCR2,CHEMBL909848,CHEMBL1138214
CHEMBL415446,CC[C@@H](Nc1c(Nc2cccc(C(=O)N(C)C)c2O)c(=O)c1=O)c1ccc(C)s1,8.28,Displacement of [125I]hCXCL8 from human CXCR2 receptor expressed in BaF3 cells,CXCR2,CHEMBL909848,CHEMBL1138214
CHEMBL218115,CC[C@@H](Nc1c(Nc2cccc(C(=O)N(C)C)c2O)c(=O)c1=O)c1ccco1,8.42,Displacement of [125I]hCXCL8 from human CXCR2 receptor expressed in BaF3 cells,CXCR2,CHEMBL909848,CHEMBL1138214
CHEMBL385715,CC[C@@H](Nc1c(Nc2cccc(C(=O)N(C)C)c2O)c(=O)c1=O)c1cccs1,8.22,Displacement of [125I]hCXCL8 from human CXCR2 receptor expressed in BaF3 cells,CXCR2,CHEMBL909848,CHEMBL1138214
CHEMBL220182,CC[C@@H](Nc1c(Nc2cccc(C(=O)N(C)C)c2O)c(=O)c1=O)c1ccc2c(c1)OCO2,8.3,Displacement of [125I]hCXCL8 from human CXCR2 receptor expressed in BaF3 cells,CXCR2,CHEMBL909848,CHEMBL1138214
CHEMBL401512,CC[C@@H](Nc1c(Nc2cccc(C(=O)N(C)C)c2O)c(=O)c1=O)c1cccc(F)c1,8.31,Displacement of [125I]hCXCL8 from human CXCR2 receptor expressed in BaF3 cells,CXCR2,CHEMBL909848,CHEMBL1138214
CHEMBL254370,CC[C@@H](Nc1c(Nc2cccc(C(=O)N(C)C)c2O)c(=O)c1=O)c1ccccc1,8.17,Displacement of [125I]hCXCL8 from human CXCR2 receptor expressed in BaF3 cells,CXCR2,CHEMBL909848,CHEMBL1138214
CHEMBL219347,CC[C@H](Nc1c(Nc2cccc(C(=O)N(C)C)c2O)c(=O)c1=O)c1ccccc1,6.63,Displacement of [125I]hCXCL8 from human CXCR2 receptor expressed in BaF3 cells,CXCR2,CHEMBL909848,CHEMBL1138214
CHEMBL1162935,C[C@@H](Nc1c(Nc2cccc(C(=O)N(C)C)c2O)c(=O)c1=O)c1ccccc1,7.77,Displacement of [125I]hCXCL8 from human CXCR2 receptor expressed in BaF3 cells,CXCR2,CHEMBL909848,CHEMBL1138214
CHEMBL219472,C[C@H](Nc1c(Nc2cccc(C(=O)N(C)C)c2O)c(=O)c1=O)c1ccccc1,6.61,Displacement of [125I]hCXCL8 from human CXCR2 receptor expressed in BaF3 cells,CXCR2,CHEMBL909848,CHEMBL1138214
CHEMBL385784,CN(C)C(=O)c1cccc(Nc2c(NCc3ccccc3)c(=O)c2=O)c1O,6.63,Displacement of [125I]hCXCL8 from human CXCR2 receptor expressed in BaF3 cells,CXCR2,CHEMBL909848,CHEMBL1138214
CHEMBL216602,Cc1ccc([C@@H](C)Nc2c(Nc3cccc(C(=O)N(C)C)c3O)c(=O)c2=O)o1,8.62,Inhibition of CXCL1-induced human neutrophil chemotaxis,CXCR2,CHEMBL912820,CHEMBL1138214
CHEMBL254370,CC[C@@H](Nc1c(Nc2cccc(C(=O)N(C)C)c2O)c(=O)c1=O)c1ccccc1,7.32,Inhibition of CXCL1-induced human neutrophil chemotaxis,CXCR2,CHEMBL912820,CHEMBL1138214
CHEMBL220860,Cc1ccccc1N/C(=N\C#N)Nc1ccc(Cl)c(S(=O)(=O)N(C)C)c1O,7.77,Displacement of [125I]IL8 from CXCR2 expressed in CHO cells,CXCR2,CHEMBL908413,CHEMBL1139694
CHEMBL218744,CCC(CC)(NS(=O)(=O)c1cccc(N/C(=N/C#N)Nc2ccccc2Br)c1O)N1CCOCC1,7.92,Displacement of [125I]IL8 from CXCR2 expressed in CHO cells,CXCR2,CHEMBL908413,CHEMBL1139694
CHEMBL218665,CN(C)S(=O)(=O)c1c(C(F)(F)F)ccc(N/C(=N/C#N)Nc2ccccc2Br)c1O,8.15,Displacement of [125I]IL8 from CXCR2 expressed in CHO cells,CXCR2,CHEMBL908413,CHEMBL1139694
CHEMBL375393,CN(C)S(=O)(=O)c1c(F)ccc(N/C(=N/C#N)Nc2ccccc2Br)c1O,8.4,Displacement of [125I]IL8 from CXCR2 expressed in CHO cells,CXCR2,CHEMBL908413,CHEMBL1139694
CHEMBL221481,CCC(CC)(NS(=O)(=O)c1c(C)ccc(N/C(=N/C#N)Nc2ccccc2Br)c1O)N1CCOCC1,8.22,Displacement of [125I]IL8 from CXCR2 expressed in CHO cells,CXCR2,CHEMBL908413,CHEMBL1139694
CHEMBL376540,Cc1ccc(N/C(=N/C#N)Nc2ccccc2Br)c(O)c1S(=O)(=O)N(C)C,8.15,Displacement of [125I]IL8 from CXCR2 expressed in CHO cells,CXCR2,CHEMBL908413,CHEMBL1139694
CHEMBL373522,CCC(CC)(NS(=O)(=O)c1c(Cl)ccc(N/C(=N/C#N)Nc2ccccc2C)c1O)N1C[C@@H](C)O[C@@H](C)C1,7.77,Displacement of [125I]IL8 from CXCR2 expressed in CHO cells,CXCR2,CHEMBL908413,CHEMBL1139694
CHEMBL218486,CCC(CC)(NS(=O)(=O)c1c(Cl)ccc(N/C(=N/C#N)Nc2ccccc2Br)c1O)N1C[C@@H](C)O[C@@H](C)C1,8.05,Displacement of [125I]IL8 from CXCR2 expressed in CHO cells,CXCR2,CHEMBL908413,CHEMBL1139694
CHEMBL386072,CCC(CC)(NS(=O)(=O)c1c(Cl)ccc(N/C(=N/C#N)Nc2ccccc2Br)c1O)N1CCC(N)CC1,7.66,Displacement of [125I]IL8 from CXCR2 expressed in CHO cells,CXCR2,CHEMBL908413,CHEMBL1139694
CHEMBL387136,CCC(CC)(NS(=O)(=O)c1c(Cl)ccc(N/C(=N/C#N)Nc2ccccc2Br)c1O)N1CCC[C@@H]1C(=O)O,7.8,Displacement of [125I]IL8 from CXCR2 expressed in CHO cells,CXCR2,CHEMBL908413,CHEMBL1139694
CHEMBL221039,CN(C)S(=O)(=O)c1c(Cl)ccc(N/C(=N/C#N)Nc2cccc(Cl)c2F)c1O,7.54,Displacement of [125I]IL8 from CXCR2 expressed in CHO cells,CXCR2,CHEMBL908413,CHEMBL1139694
CHEMBL222075,CN(C)S(=O)(=O)c1c(Cl)ccc(N/C(=N/C#N)Nc2ccccc2C(F)(F)F)c1O,7.92,Displacement of [125I]IL8 from CXCR2 expressed in CHO cells,CXCR2,CHEMBL908413,CHEMBL1139694
CHEMBL218334,CC(C)c1ccccc1N/C(=N\C#N)Nc1ccc(Cl)c(S(=O)(=O)N(C)C)c1O,6.95,Displacement of [125I]IL8 from CXCR2 expressed in CHO cells,CXCR2,CHEMBL908413,CHEMBL1139694
CHEMBL386505,CCc1ccccc1N/C(=N\C#N)Nc1ccc(Cl)c(S(=O)(=O)N(C)C)c1O,7.82,Displacement of [125I]IL8 from CXCR2 expressed in CHO cells,CXCR2,CHEMBL908413,CHEMBL1139694
CHEMBL425985,CN(C)S(=O)(=O)c1c(Cl)ccc(N/C(=N/C#N)Nc2ccccc2-c2ccccc2)c1O,7.89,Displacement of [125I]IL8 from CXCR2 expressed in CHO cells,CXCR2,CHEMBL908413,CHEMBL1139694
CHEMBL376621,CN(C)S(=O)(=O)c1c(Cl)ccc(N/C(=N/C#N)Nc2ccccc2OCc2ccccc2)c1O,8.05,Displacement of [125I]IL8 from CXCR2 expressed in CHO cells,CXCR2,CHEMBL908413,CHEMBL1139694
CHEMBL218387,CN(C)S(=O)(=O)c1c(Cl)ccc(N/C(=N/C#N)Nc2ccccc2Br)c1O,8.3,Displacement of [125I]IL8 from CXCR2 expressed in CHO cells,CXCR2,CHEMBL908413,CHEMBL1139694
CHEMBL220797,CN(C)S(=O)(=O)c1c(Cl)ccc(N/C(=N/C#N)Nc2ccccc2F)c1O,8.05,Displacement of [125I]IL8 from CXCR2 expressed in CHO cells,CXCR2,CHEMBL908413,CHEMBL1139694
CHEMBL380947,CC(C)(CO)Nc1nc(SCc2cccc(F)c2F)nc2nc(N)sc12,7.6,Displacement of [125I]IL8 from human CXCR2 expressed in HEK 293 by SPA,CXCR2,CHEMBL893601,CHEMBL1147921
CHEMBL390191,Cc1nc(CSc2nc(N[C@H](C)CO)c3sc(N)nc3n2)cs1,6.9,Displacement of [125I]IL8 from human CXCR2 expressed in HEK 293 by SPA,CXCR2,CHEMBL893601,CHEMBL1147921
CHEMBL233264,Cc1nc(CSc2nc(NC(C)(C)CO)c3sc(N)nc3n2)cs1,6.0,Displacement of [125I]IL8 from human CXCR2 expressed in HEK 293 by SPA,CXCR2,CHEMBL893601,CHEMBL1147921
CHEMBL233263,C[C@H](CO)Nc1nc(SCc2ccco2)nc2nc(N)sc12,7.5,Displacement of [125I]IL8 from human CXCR2 expressed in HEK 293 by SPA,CXCR2,CHEMBL893601,CHEMBL1147921
CHEMBL233262,CC(C)(CO)Nc1nc(SCc2ccco2)nc2nc(N)sc12,7.0,Displacement of [125I]IL8 from human CXCR2 expressed in HEK 293 by SPA,CXCR2,CHEMBL893601,CHEMBL1147921
CHEMBL233260,C[C@H](CO)Nc1nc(SCc2cccc(Cl)c2Cl)nc2nc(N)sc12,7.8,Displacement of [125I]IL8 from human CXCR2 expressed in HEK 293 by SPA,CXCR2,CHEMBL893601,CHEMBL1147921
CHEMBL429791,C[C@H](CO)Nc1nc(SCc2cccc(Cl)c2F)nc2nc(N)sc12,8.4,Displacement of [125I]IL8 from human CXCR2 expressed in HEK 293 by SPA,CXCR2,CHEMBL893601,CHEMBL1147921
CHEMBL394799,C[C@H](CO)Nc1nc(SCc2cccc(Cl)c2)nc2nc(N)sc12,7.9,Displacement of [125I]IL8 from human CXCR2 expressed in HEK 293 by SPA,CXCR2,CHEMBL893601,CHEMBL1147921
CHEMBL233259,C[C@H](CO)Nc1nc(SCc2ccccc2Cl)nc2nc(N)sc12,7.5,Displacement of [125I]IL8 from human CXCR2 expressed in HEK 293 by SPA,CXCR2,CHEMBL893601,CHEMBL1147921
CHEMBL233059,C[C@H](CO)Nc1nc(SCc2cccc(F)c2)nc2nc(N)sc12,7.8,Displacement of [125I]IL8 from human CXCR2 expressed in HEK 293 by SPA,CXCR2,CHEMBL893601,CHEMBL1147921
CHEMBL232846,C[C@H](CO)Nc1nc(SCc2ccccc2F)nc2nc(N)sc12,7.9,Displacement of [125I]IL8 from human CXCR2 expressed in HEK 293 by SPA,CXCR2,CHEMBL893601,CHEMBL1147921
CHEMBL245182,CCN(CC)c1nc2nc(SCc3cccc(F)c3F)nc(NC(CO)CO)c2s1,5.8,Displacement of [125I]IL8 from human CXCR2 expressed in HEK 293 by SPA,CXCR2,CHEMBL893601,CHEMBL1147921
CHEMBL395342,CCN(CC)c1nc2nc(SCc3cccc(F)c3F)nc(N[C@H](C)CO)c2s1,6.4,Displacement of [125I]IL8 from human CXCR2 expressed in HEK 293 by SPA,CXCR2,CHEMBL893601,CHEMBL1147921
CHEMBL245180,CNc1nc2nc(SCc3cccc(F)c3F)nc(N[C@H](C)CO)c2s1,8.1,Displacement of [125I]IL8 from human CXCR2 expressed in HEK 293 by SPA,CXCR2,CHEMBL893601,CHEMBL1147921
CHEMBL395340,CC[C@H](CO)Nc1nc(SCc2cccc(F)c2F)nc2nc(NC(C)C)sc12,7.0,Displacement of [125I]IL8 from human CXCR2 expressed in HEK 293 by SPA,CXCR2,CHEMBL893601,CHEMBL1147921
CHEMBL437013,CC(C)Nc1nc2nc(SCc3cccc(F)c3F)nc(N[C@H](C)CO)c2s1,7.5,Displacement of [125I]IL8 from human CXCR2 expressed in HEK 293 by SPA,CXCR2,CHEMBL893601,CHEMBL1147921
CHEMBL430381,OCC(CO)Nc1nc(SCc2cccc(F)c2F)nc2nc(NC3CC3)sc12,7.0,Displacement of [125I]IL8 from human CXCR2 expressed in HEK 293 by SPA,CXCR2,CHEMBL893601,CHEMBL1147921
CHEMBL396043,C[C@H](CO)Nc1nc(SCc2cccc(F)c2F)nc2nc(NC3CC3)sc12,7.7,Displacement of [125I]IL8 from human CXCR2 expressed in HEK 293 by SPA,CXCR2,CHEMBL893601,CHEMBL1147921
CHEMBL380732,CC[C@H](CO)Nc1nc(SCc2cccc(F)c2F)nc2nc(N)sc12,7.6,Displacement of [125I]IL8 from human CXCR2 expressed in HEK 293 by SPA,CXCR2,CHEMBL893601,CHEMBL1147921
CHEMBL414894,C[C@@H](CO)Nc1nc(SCc2cccc(F)c2F)nc2nc(N)sc12,7.2,Displacement of [125I]IL8 from human CXCR2 expressed in HEK 293 by SPA,CXCR2,CHEMBL893601,CHEMBL1147921
CHEMBL397237,C[C@H](CO)Nc1nc(SCc2cccc(F)c2F)nc2nc(N)sc12,8.4,Displacement of [125I]IL8 from human CXCR2 expressed in HEK 293 by SPA,CXCR2,CHEMBL893601,CHEMBL1147921
CHEMBL245190,Nc1nc2nc(SCc3cccc(F)c3F)nc(NC(CO)CO)c2s1,7.5,Displacement of [125I]IL8 from human CXCR2 expressed in HEK 293 by SPA,CXCR2,CHEMBL893601,CHEMBL1147921
CHEMBL389792,CC(CO)(CO)Nc1nc(SCc2cccc(F)c2F)nc2nc(N)sc12,7.1,Displacement of [125I]IL8 from human CXCR2 expressed in HEK 293 by SPA,CXCR2,CHEMBL893601,CHEMBL1147921
CHEMBL389791,C[C@@H](O)[C@@H](CO)Nc1nc(SCc2cccc(F)c2F)nc2nc(N)sc12,7.8,Displacement of [125I]IL8 from human CXCR2 expressed in HEK 293 by SPA,CXCR2,CHEMBL893601,CHEMBL1147921
CHEMBL380947,CC(C)(CO)Nc1nc(SCc2cccc(F)c2F)nc2nc(N)sc12,7.8,Antagonistic activity against human CXCR2 in neutrophils assessed as blockade of GROalpha stimulated calcium mobilisation by FLIPR,CXCR2,CHEMBL893602,CHEMBL1147921
CHEMBL234184,O=S1(=O)N=C(Nc2ccccc2)Nc2c(O)cc(Cl)cc21,5.62,Displacement of human recombinant [125I]IL8 from CXCR2 receptor expressed in CHO cells,CXCR2,CHEMBL896516,CHEMBL1149534
CHEMBL396411,O=S1(=O)N=C(Nc2ccccc2Br)Nc2c(O)cc(Br)cc21,7.16,Displacement of human recombinant [125I]IL8 from CXCR2 receptor expressed in CHO cells,CXCR2,CHEMBL896516,CHEMBL1149534
CHEMBL234178,O=S1(=O)N=C(Nc2ccccc2Br)Nc2c(O)cc(F)cc21,6.44,Displacement of human recombinant [125I]IL8 from CXCR2 receptor expressed in CHO cells,CXCR2,CHEMBL896516,CHEMBL1149534
CHEMBL234177,O=S1(=O)N=C(Nc2ccccc2Cl)Nc2c(O)cccc21,5.28,Displacement of human recombinant [125I]IL8 from CXCR2 receptor expressed in CHO cells,CXCR2,CHEMBL896516,CHEMBL1149534
CHEMBL233973,CC(=O)c1ccccc1NC1=NS(=O)(=O)c2cc(Cl)cc(O)c2N1,5.35,Displacement of human recombinant [125I]IL8 from CXCR2 receptor expressed in CHO cells,CXCR2,CHEMBL896516,CHEMBL1149534
CHEMBL397808,O=S1(=O)N=C(Nc2ccccc2OC(F)(F)F)Nc2c(O)cc(Cl)cc21,6.03,Displacement of human recombinant [125I]IL8 from CXCR2 receptor expressed in CHO cells,CXCR2,CHEMBL896516,CHEMBL1149534
CHEMBL397068,O=S1(=O)N=C(Nc2ccccc2C(F)(F)F)Nc2c(O)cc(Cl)cc21,6.08,Displacement of human recombinant [125I]IL8 from CXCR2 receptor expressed in CHO cells,CXCR2,CHEMBL896516,CHEMBL1149534
CHEMBL233346,O=S1(=O)N=C(Nc2ccccc2Oc2ccccc2)Nc2c(O)cc(Cl)cc21,7.27,Displacement of human recombinant [125I]IL8 from CXCR2 receptor expressed in CHO cells,CXCR2,CHEMBL896516,CHEMBL1149534
CHEMBL233345,COc1ccccc1NC1=NS(=O)(=O)c2cc(Cl)cc(O)c2N1,6.6,Displacement of human recombinant [125I]IL8 from CXCR2 receptor expressed in CHO cells,CXCR2,CHEMBL896516,CHEMBL1149534
CHEMBL233961,O=S1(=O)N=C(Nc2ccccc2-c2ccccc2)Nc2c(O)cc(Cl)cc21,6.64,Displacement of human recombinant [125I]IL8 from CXCR2 receptor expressed in CHO cells,CXCR2,CHEMBL896516,CHEMBL1149534
CHEMBL233960,Cc1ccccc1NC1=NS(=O)(=O)c2cc(Cl)cc(O)c2N1,6.41,Displacement of human recombinant [125I]IL8 from CXCR2 receptor expressed in CHO cells,CXCR2,CHEMBL896516,CHEMBL1149534
CHEMBL397869,O=S1(=O)N=C(Nc2c(F)cccc2Br)Nc2c(O)cc(Cl)cc21,5.8,Displacement of human recombinant [125I]IL8 from CXCR2 receptor expressed in CHO cells,CXCR2,CHEMBL896516,CHEMBL1149534
CHEMBL234596,O=S1(=O)N=C(Nc2cc(F)ccc2Br)Nc2c(O)cc(Cl)cc21,5.41,Displacement of human recombinant [125I]IL8 from CXCR2 receptor expressed in CHO cells,CXCR2,CHEMBL896516,CHEMBL1149534
CHEMBL234396,O=S1(=O)N=C(Nc2ccc(F)cc2Br)Nc2c(O)cc(Cl)cc21,6.92,Displacement of human recombinant [125I]IL8 from CXCR2 receptor expressed in CHO cells,CXCR2,CHEMBL896516,CHEMBL1149534
CHEMBL393253,O=S1(=O)N=C(Nc2cccc(F)c2Cl)Nc2c(O)cc(Cl)cc21,7.19,Displacement of human recombinant [125I]IL8 from CXCR2 receptor expressed in CHO cells,CXCR2,CHEMBL896516,CHEMBL1149534
CHEMBL234395,O=S1(=O)N=C(Nc2ccc(Br)cc2)Nc2c(O)cc(Cl)cc21,5.29,Displacement of human recombinant [125I]IL8 from CXCR2 receptor expressed in CHO cells,CXCR2,CHEMBL896516,CHEMBL1149534
CHEMBL234393,O=S1(=O)N=C(Nc2cccc(Br)c2)Nc2c(O)cc(Cl)cc21,5.21,Displacement of human recombinant [125I]IL8 from CXCR2 receptor expressed in CHO cells,CXCR2,CHEMBL896516,CHEMBL1149534
CHEMBL393047,O=S1(=O)N=C(Nc2ccccc2Br)Nc2c(O)cc(Cl)cc21,7.19,Displacement of human recombinant [125I]IL8 from CXCR2 receptor expressed in CHO cells,CXCR2,CHEMBL896516,CHEMBL1149534
CHEMBL234186,O=S1(=O)N=C(Nc2ccccc2Cl)Nc2c(O)cc(Cl)cc21,7.04,Displacement of human recombinant [125I]IL8 from CXCR2 receptor expressed in CHO cells,CXCR2,CHEMBL896516,CHEMBL1149534
CHEMBL393046,O=S1(=O)N=C(Nc2ccccc2F)Nc2c(O)cc(Cl)cc21,6.13,Displacement of human recombinant [125I]IL8 from CXCR2 receptor expressed in CHO cells,CXCR2,CHEMBL896516,CHEMBL1149534
CHEMBL231924,O=[N+]([O-])c1cc(O)c2c(c1)S(=O)(=O)N=C(Nc1ccccc1Cl)N2,7.09,Displacement of human recombinant [125I]IL8 from CXCR2 receptor expressed in CHO cells,CXCR2,CHEMBL896516,CHEMBL1149534
CHEMBL399203,O=[N+]([O-])c1cc(O)c2c(c1)S(=O)(=O)N=C(Nc1ccccc1Oc1ccccc1)N2,7.27,Displacement of human recombinant [125I]IL8 from CXCR2 receptor expressed in CHO cells,CXCR2,CHEMBL896516,CHEMBL1149534
CHEMBL231922,O=S1(=O)N=C(Nc2ccccc2Br)Nc2c(O)ccc(Cl)c21,6.32,Displacement of human recombinant [125I]IL8 from CXCR2 receptor expressed in CHO cells,CXCR2,CHEMBL896516,CHEMBL1149534
CHEMBL231711,O=S1(=O)N=C(Nc2ccccc2Br)Nc2c(O)ccc(F)c21,5.52,Displacement of human recombinant [125I]IL8 from CXCR2 receptor expressed in CHO cells,CXCR2,CHEMBL896516,CHEMBL1149534
CHEMBL231710,Cc1cc(O)c2c(c1)S(=O)(=O)N=C(Nc1ccccc1Br)N2,6.55,Displacement of human recombinant [125I]IL8 from CXCR2 receptor expressed in CHO cells,CXCR2,CHEMBL896516,CHEMBL1149534
CHEMBL443583,O=[N+]([O-])c1cc(O)c2c(c1)S(=O)(=O)N=C(Nc1ccccc1Br)N2,7.58,Displacement of human recombinant [125I]IL8 from CXCR2 receptor expressed in CHO cells,CXCR2,CHEMBL896516,CHEMBL1149534
CHEMBL399203,O=[N+]([O-])c1cc(O)c2c(c1)S(=O)(=O)N=C(Nc1ccccc1Oc1ccccc1)N2,6.31,Antagonist activity at CXCR2 receptor expressed in CHOK1 cells assessed as human IL8-induced calcium mobilization by FLIPR,CXCR2,CHEMBL896517,CHEMBL1149534
CHEMBL231924,O=[N+]([O-])c1cc(O)c2c(c1)S(=O)(=O)N=C(Nc1ccccc1Cl)N2,5.96,Antagonist activity at CXCR2 receptor expressed in CHOK1 cells assessed as human IL8-induced calcium mobilization by FLIPR,CXCR2,CHEMBL896517,CHEMBL1149534
CHEMBL443583,O=[N+]([O-])c1cc(O)c2c(c1)S(=O)(=O)N=C(Nc1ccccc1Br)N2,6.22,Antagonist activity at CXCR2 receptor expressed in CHOK1 cells assessed as human IL8-induced calcium mobilization by FLIPR,CXCR2,CHEMBL896517,CHEMBL1149534
CHEMBL233346,O=S1(=O)N=C(Nc2ccccc2Oc2ccccc2)Nc2c(O)cc(Cl)cc21,6.5,Antagonist activity at CXCR2 receptor expressed in CHOK1 cells assessed as human IL8-induced calcium mobilization by FLIPR,CXCR2,CHEMBL896517,CHEMBL1149534
CHEMBL393253,O=S1(=O)N=C(Nc2cccc(F)c2Cl)Nc2c(O)cc(Cl)cc21,6.34,Antagonist activity at CXCR2 receptor expressed in CHOK1 cells assessed as human IL8-induced calcium mobilization by FLIPR,CXCR2,CHEMBL896517,CHEMBL1149534
CHEMBL393047,O=S1(=O)N=C(Nc2ccccc2Br)Nc2c(O)cc(Cl)cc21,6.4,Antagonist activity at CXCR2 receptor expressed in CHOK1 cells assessed as human IL8-induced calcium mobilization by FLIPR,CXCR2,CHEMBL896517,CHEMBL1149534
CHEMBL234186,O=S1(=O)N=C(Nc2ccccc2Cl)Nc2c(O)cc(Cl)cc21,6.28,Antagonist activity at CXCR2 receptor expressed in CHOK1 cells assessed as human IL8-induced calcium mobilization by FLIPR,CXCR2,CHEMBL896517,CHEMBL1149534
CHEMBL233552,O=S1(=O)N=C(NC2CCCC2)Nc2c(O)cc(Cl)cc21,4.7,Displacement of human recombinant [125I]IL8 from CXCR2 receptor expressed in CHO cells,CXCR2,CHEMBL896516,CHEMBL1149534
CHEMBL233551,CC[C@@H](C)NC1=NS(=O)(=O)c2cc(Cl)cc(O)c2N1,4.82,Displacement of human recombinant [125I]IL8 from CXCR2 receptor expressed in CHO cells,CXCR2,CHEMBL896516,CHEMBL1149534
CHEMBL392445,O=S1(=O)N=C(NCc2ccccc2)Nc2c(O)cc(Cl)cc21,5.1,Displacement of human recombinant [125I]IL8 from CXCR2 receptor expressed in CHO cells,CXCR2,CHEMBL896516,CHEMBL1149534
CHEMBL209859,N#Cc1ccc(Nc2c(O)c(=O)/c2=N\c2ccccc2)c(O)c1,7.82,Displacement of [125I]IL8 from human recombinant CXCR2 expressed in CHO cells,CXCR2,CHEMBL903301,CHEMBL1139102
CHEMBL240817,N#Cc1cccc(Nc2c(Nc3ccccc3)c(=O)c2=O)c1O,7.5,Displacement of [125I]IL8 from human recombinant CXCR2 expressed in CHO cells,CXCR2,CHEMBL903301,CHEMBL1139102
CHEMBL239767,O=C(Nc1ccc([N+](=O)[O-])cc1O)Nc1ccccc1Br,7.66,Displacement of [125I]IL8 from human recombinant CXCR2 expressed in CHO cells,CXCR2,CHEMBL903301,CHEMBL1139102
CHEMBL27863,N#Cc1ccc(NC(=O)Nc2ccccc2Br)c(O)c1,7.6,Displacement of [125I]IL8 from human recombinant CXCR2 expressed in CHO cells,CXCR2,CHEMBL903301,CHEMBL1139102
CHEMBL430376,O=C(Nc1ccccc1)Nc1cc(Cl)c([N+](=O)[O-])cc1O,6.02,Displacement of [125I]IL8 from human recombinant CXCR2 expressed in CHO cells,CXCR2,CHEMBL903301,CHEMBL1139102
CHEMBL280711,O=C(Nc1ccccc1)Nc1ccc([N+](=O)[O-])cc1O,6.5,Displacement of [125I]IL8 from human recombinant CXCR2 expressed in CHO cells,CXCR2,CHEMBL903301,CHEMBL1139102
CHEMBL241514,Cc1ccc(NC(=O)Nc2ccccc2)c(O)c1,4.6,Displacement of [125I]IL8 from human recombinant CXCR2 expressed in CHO cells,CXCR2,CHEMBL903301,CHEMBL1139102
CHEMBL25573,N#Cc1ccc(NC(=O)Nc2ccccc2)c(O)c1,6.7,Displacement of [125I]IL8 from human recombinant CXCR2 expressed in CHO cells,CXCR2,CHEMBL903301,CHEMBL1139102
CHEMBL239558,N#Cc1cccc(NC(=O)Nc2ccccc2)c1O,6.56,Displacement of [125I]IL8 from human recombinant CXCR2 expressed in CHO cells,CXCR2,CHEMBL903301,CHEMBL1139102
CHEMBL240458,CN1CCCN(C(=O)c2cccc(Nc3c(Nc4ccccc4)c(=O)c3=O)c2O)CC1.O=C(O)C(F)(F)F,7.36,Displacement of [125I]IL8 from human recombinant CXCR2 expressed in CHO cells,CXCR2,CHEMBL903301,CHEMBL1139102
CHEMBL392473,CN1CCN(C(=O)c2cccc(Nc3c(Nc4ccccc4)c(=O)c3=O)c2O)CC1.O=C(O)C(F)(F)F,7.57,Displacement of [125I]IL8 from human recombinant CXCR2 expressed in CHO cells,CXCR2,CHEMBL903301,CHEMBL1139102
CHEMBL399223,O=C(c1c(Cl)ccc(Nc2c(Nc3ccccc3Br)c(=O)c2=O)c1O)N1CCCC1,7.55,Displacement of [125I]IL8 from human recombinant CXCR2 expressed in CHO cells,CXCR2,CHEMBL903301,CHEMBL1139102
CHEMBL238743,NC(=O)c1c(Cl)ccc(Nc2c(Nc3ccccc3)c(=O)c2=O)c1O,7.85,Displacement of [125I]IL8 from human recombinant CXCR2 expressed in CHO cells,CXCR2,CHEMBL903301,CHEMBL1139102
CHEMBL537883,Cl.O=c1c(Nc2ccccc2)c(Nc2ccc(Cl)c(S(=O)(=O)N3CCC(N4CCCCC4)CC3)c2O)c1=O,7.75,Displacement of [125I]IL8 from human recombinant CXCR2 expressed in CHO cells,CXCR2,CHEMBL903301,CHEMBL1139102
CHEMBL537441,CN1CCCN(S(=O)(=O)c2c(Cl)ccc(Nc3c(Nc4ccccc4Cl)c(=O)c3=O)c2O)CC1.Cl,7.7,Displacement of [125I]IL8 from human recombinant CXCR2 expressed in CHO cells,CXCR2,CHEMBL903301,CHEMBL1139102
CHEMBL556367,CN1CCCN(S(=O)(=O)c2c(Cl)ccc(Nc3c(Nc4ccccc4Br)c(=O)c3=O)c2O)CC1.Cl,8.0,Displacement of [125I]IL8 from human recombinant CXCR2 expressed in CHO cells,CXCR2,CHEMBL903301,CHEMBL1139102
CHEMBL238971,CCCc1ccccc1Nc1c(Nc2ccc(Cl)c(S(=O)(=O)N3CCN(CC)CC3)c2O)c(=O)c1=O.O=C(O)C(F)(F)F,8.1,Displacement of [125I]IL8 from human recombinant CXCR2 expressed in CHO cells,CXCR2,CHEMBL903301,CHEMBL1139102
CHEMBL239982,CN1CCN(S(=O)(=O)c2c(F)ccc(Nc3c(Nc4ccccc4Br)c(=O)c3=O)c2O)CC1.O=C(O)C(F)(F)F,7.89,Displacement of [125I]IL8 from human recombinant CXCR2 expressed in CHO cells,CXCR2,CHEMBL903301,CHEMBL1139102
CHEMBL391465,COCCNS(=O)(=O)c1c(Cl)ccc(Nc2c(Nc3ccccc3)c(=O)c2=O)c1O,8.1,Displacement of [125I]IL8 from human recombinant CXCR2 expressed in CHO cells,CXCR2,CHEMBL903301,CHEMBL1139102
CHEMBL239768,Cc1ccccc1Nc1c(Nc2ccc(C)c(S(=O)(=O)N(C)C)c2O)c(=O)c1=O,7.82,Displacement of [125I]IL8 from human recombinant CXCR2 expressed in CHO cells,CXCR2,CHEMBL903301,CHEMBL1139102
CHEMBL239136,N#Cc1ccc(Nc2c(Nc3ccccc3Br)c(=O)c2=O)c(O)c1,7.82,Displacement of [125I]IL8 from human recombinant CXCR2 expressed in CHO cells,CXCR2,CHEMBL903301,CHEMBL1139102
CHEMBL441144,O=c1c(Nc2ccc(Cl)cc2O)c(Nc2ccccc2Br)c1=O,7.5,Displacement of [125I]IL8 from human recombinant CXCR2 expressed in CHO cells,CXCR2,CHEMBL903301,CHEMBL1139102
CHEMBL379438,O=c1c(O)c(Nc2ccc([N+](=O)[O-])cc2O)/c1=N/c1ccccc1,7.66,Displacement of [125I]IL8 from human recombinant CXCR2 expressed in CHO cells,CXCR2,CHEMBL903301,CHEMBL1139102
CHEMBL238511,O=c1c(Nc2ccccc2)c(Nc2cc(Cl)c([N+](=O)[O-])cc2O)c1=O,7.28,Displacement of [125I]IL8 from human recombinant CXCR2 expressed in CHO cells,CXCR2,CHEMBL903301,CHEMBL1139102
CHEMBL238724,O=c1c(Nc2ccccc2)c(Nc2cc(Cl)ccc2O)c1=O,7.27,Displacement of [125I]IL8 from human recombinant CXCR2 expressed in CHO cells,CXCR2,CHEMBL903301,CHEMBL1139102
CHEMBL391372,O=c1c(Nc2ccccc2O)c(Nc2ccccc2Br)c1=O,7.29,Displacement of [125I]IL8 from human recombinant CXCR2 expressed in CHO cells,CXCR2,CHEMBL903301,CHEMBL1139102
CHEMBL239348,O=c1c(Nc2ccc([N+](=O)[O-])cc2O)c(Nc2ccccc2Br)c1=O,7.43,Displacement of [125I]IL8 from human recombinant CXCR2 expressed in CHO cells,CXCR2,CHEMBL903301,CHEMBL1139102
CHEMBL392181,Cc1ccc(Nc2c(Nc3ccccc3)c(=O)c2=O)c(O)c1,6.69,Displacement of [125I]IL8 from human recombinant CXCR2 expressed in CHO cells,CXCR2,CHEMBL903301,CHEMBL1139102
CHEMBL393248,Cc1ccc(O)c(Nc2c(Nc3ccccc3)c(=O)c2=O)c1,6.51,Displacement of [125I]IL8 from human recombinant CXCR2 expressed in CHO cells,CXCR2,CHEMBL903301,CHEMBL1139102
CHEMBL393452,Cc1cccc(O)c1Nc1c(Nc2ccccc2)c(=O)c1=O,5.76,Displacement of [125I]IL8 from human recombinant CXCR2 expressed in CHO cells,CXCR2,CHEMBL903301,CHEMBL1139102
CHEMBL239135,O=c1c(Nc2ccccc2)c(Nc2c(O)cccc2[N+](=O)[O-])c1=O,6.45,Displacement of [125I]IL8 from human recombinant CXCR2 expressed in CHO cells,CXCR2,CHEMBL903301,CHEMBL1139102
CHEMBL239136,N#Cc1ccc(Nc2c(Nc3ccccc3Br)c(=O)c2=O)c(O)c1,7.44,Displacement of [125I]IL8 from human recombinant CXCR2 expressed in CHO cells,CXCR2,CHEMBL903301,CHEMBL1139102
CHEMBL424694,O=c1c(O)c(Nc2ccccc2)/c1=N/c1ccccc1O,6.63,Displacement of [125I]IL8 from human recombinant CXCR2 expressed in CHO cells,CXCR2,CHEMBL903301,CHEMBL1139102
CHEMBL246108,CC[C@@H](Nc1c(Nc2cccc(C(=O)N(C)C)c2O)c(=O)c1=O)c1cc(C(C)C)co1,8.89,Displacement of [125I]IL8 from human CXCR2 expressed in CHO cells by SPA,CXCR2,CHEMBL886375,CHEMBL1139955
CHEMBL251811,CCC(Nc1c(Nc2cccc(C(=O)N(C)C)c2O)c(=O)c1=O)c1cc2ccccc2o1,8.46,Inhibition of CXCR2,CXCR2,CHEMBL927214,CHEMBL1141493
CHEMBL252851,CCC(Nc1c(Nc2cccc(C(=O)N(C)C)c2O)c(=O)c1=O)c1ccco1,8.3,Inhibition of CXCR2,CXCR2,CHEMBL927214,CHEMBL1141493
CHEMBL253707,CCC(Nc1c(Nc2cccc(C(=O)N(C)C)c2O)c(=O)c1=O)c1occc1Br,7.78,Inhibition of CXCR2,CXCR2,CHEMBL927214,CHEMBL1141493
CHEMBL253706,CCC(Nc1c(Nc2cccc(C(=O)N(C)C)c2O)c(=O)c1=O)c1cc(-c2c(C)noc2C)co1,8.12,Inhibition of CXCR2,CXCR2,CHEMBL927214,CHEMBL1141493
CHEMBL253705,CCC(Nc1c(Nc2cccc(C(=O)N(C)C)c2O)c(=O)c1=O)c1cc(-c2ccsc2)co1,8.09,Inhibition of CXCR2,CXCR2,CHEMBL927214,CHEMBL1141493
CHEMBL401938,CCC(Nc1c(Nc2cccc(C(=O)N(C)C)c2O)c(=O)c1=O)c1cc(-c2ccncc2)co1,8.02,Inhibition of CXCR2,CXCR2,CHEMBL927214,CHEMBL1141493
CHEMBL253499,CCC(Nc1c(Nc2cccc(C(=O)N(C)C)c2O)c(=O)c1=O)c1cc(-c2ccccc2)co1,8.21,Inhibition of CXCR2,CXCR2,CHEMBL927214,CHEMBL1141493
CHEMBL253498,CCC(Nc1c(Nc2cccc(C(=O)N(C)C)c2O)c(=O)c1=O)c1cc(Br)co1,8.3,Inhibition of CXCR2,CXCR2,CHEMBL927214,CHEMBL1141493
CHEMBL253497,CCC(Nc1c(Nc2cccc(C(=O)N(C)C)c2O)c(=O)c1=O)c1cc(Cl)co1,8.35,Inhibition of CXCR2,CXCR2,CHEMBL927214,CHEMBL1141493
CHEMBL251890,CCC(Nc1c(Nc2cccc(C(=O)N(C)C)c2O)c(=O)c1=O)c1ccc(-c2cccc(C(F)(F)F)c2)o1,7.06,Inhibition of CXCR2,CXCR2,CHEMBL927214,CHEMBL1141493
CHEMBL254516,CCC(Nc1c(Nc2cccc(C(=O)N(C)C)c2O)c(=O)c1=O)c1ccc(-c2cccc(Cl)c2)o1,7.24,Inhibition of CXCR2,CXCR2,CHEMBL927214,CHEMBL1141493
CHEMBL254308,CCC(Nc1c(Nc2cccc(C(=O)N(C)C)c2O)c(=O)c1=O)c1ccc(-c2ccccc2C(F)(F)F)o1,6.82,Inhibition of CXCR2,CXCR2,CHEMBL927214,CHEMBL1141493
CHEMBL402952,CCC(Nc1c(Nc2cccc(C(=O)N(C)C)c2O)c(=O)c1=O)c1ccc(-c2ccccc2Cl)o1,7.31,Inhibition of CXCR2,CXCR2,CHEMBL927214,CHEMBL1141493
CHEMBL253255,CCC(Nc1c(Nc2cccc(C(=O)N(C)C)c2O)c(=O)c1=O)c1ccc(C(=O)N(C)C)o1,6.77,Inhibition of CXCR2,CXCR2,CHEMBL927214,CHEMBL1141493
CHEMBL404251,CCC(Nc1c(Nc2cccc(C(=O)N(C)C)c2O)c(=O)c1=O)c1ccc(CN(C)C)o1,7.03,Inhibition of CXCR2,CXCR2,CHEMBL927214,CHEMBL1141493
CHEMBL427888,CCC(Nc1c(Nc2cccc(C(=O)N(C)C)c2O)c(=O)c1=O)c1ccc(CO)o1,8.55,Inhibition of CXCR2,CXCR2,CHEMBL927214,CHEMBL1141493
CHEMBL253052,CCC(Nc1c(Nc2cccc(C(=O)N(C)C)c2O)c(=O)c1=O)c1ccc(C(F)F)o1,8.17,Inhibition of CXCR2,CXCR2,CHEMBL927214,CHEMBL1141493
CHEMBL404250,CCC(Nc1c(Nc2cccc(C(=O)N(C)C)c2O)c(=O)c1=O)c1ccc(C(F)(F)F)o1,7.76,Inhibition of CXCR2,CXCR2,CHEMBL927214,CHEMBL1141493
CHEMBL253051,CCC(Nc1c(Nc2cccc(C(=O)N(C)C)c2O)c(=O)c1=O)c1ccc(Cl)o1,8.32,Inhibition of CXCR2,CXCR2,CHEMBL927214,CHEMBL1141493
CHEMBL253050,CCC(Nc1c(Nc2cccc(C(=O)N(C)C)c2O)c(=O)c1=O)c1ccc(Br)o1,8.33,Inhibition of CXCR2,CXCR2,CHEMBL927214,CHEMBL1141493
CHEMBL252852,CCc1ccc(C(CC)Nc2c(Nc3cccc(C(=O)N(C)C)c3O)c(=O)c2=O)o1,8.39,Inhibition of CXCR2,CXCR2,CHEMBL927214,CHEMBL1141493
CHEMBL404249,CCC(Nc1c(Nc2cccc(C(=O)N(C)C)c2O)c(=O)c1=O)c1ccc(C)o1,8.24,Inhibition of CXCR2,CXCR2,CHEMBL927214,CHEMBL1141493
CHEMBL253506,CCC(Nc1c(Nc2cccc(C(=O)N(C)C)c2O)c(=O)c1=O)c1ccncc1,7.3,Inhibition of CXCR2,CXCR2,CHEMBL927214,CHEMBL1141493
CHEMBL253505,CCC(Nc1c(Nc2cccc(C(=O)N(C)C)c2O)c(=O)c1=O)c1cccn1C,6.09,Inhibition of CXCR2,CXCR2,CHEMBL927214,CHEMBL1141493
CHEMBL253504,CCC(Nc1c(Nc2cccc(C(=O)N(C)C)c2O)c(=O)c1=O)c1sccc1Cl,7.68,Inhibition of CXCR2,CXCR2,CHEMBL927214,CHEMBL1141493
CHEMBL404060,CCC(Nc1c(Nc2cccc(C(=O)N(C)C)c2O)c(=O)c1=O)c1ccc(Cl)s1,8.21,Inhibition of CXCR2,CXCR2,CHEMBL927214,CHEMBL1141493
CHEMBL404059,CCC(Nc1c(Nc2cccc(C(=O)N(C)C)c2O)c(=O)c1=O)c1cccs1,8.21,Inhibition of CXCR2,CXCR2,CHEMBL927214,CHEMBL1141493
CHEMBL252898,CCC(Nc1c(Nc2cccc(C(=O)N(C)C)c2O)c(=O)c1=O)c1ccsc1,8.24,Inhibition of CXCR2,CXCR2,CHEMBL927214,CHEMBL1141493
CHEMBL252897,CCC(Nc1c(Nc2cccc(C(=O)N(C)C)c2O)c(=O)c1=O)c1ccoc1,8.1,Inhibition of CXCR2,CXCR2,CHEMBL927214,CHEMBL1141493
CHEMBL252896,CCC(Nc1c(Nc2cccc(C(=O)N(C)C)c2O)c(=O)c1=O)c1nc(C)no1,8.09,Inhibition of CXCR2,CXCR2,CHEMBL927214,CHEMBL1141493
CHEMBL401894,CCC(Nc1c(Nc2cccc(C(=O)N(C)C)c2O)c(=O)c1=O)c1cc(C)on1,8.12,Inhibition of CXCR2,CXCR2,CHEMBL927214,CHEMBL1141493
CHEMBL252698,CCC(Nc1c(Nc2cccc(C(=O)N(C)C)c2O)c(=O)c1=O)c1ccno1,8.01,Inhibition of CXCR2,CXCR2,CHEMBL927214,CHEMBL1141493
CHEMBL401893,CCC(Nc1c(Nc2cccc(C(=O)N(C)C)c2O)c(=O)c1=O)c1nccs1,8.01,Inhibition of CXCR2,CXCR2,CHEMBL927214,CHEMBL1141493
CHEMBL252697,CCC(Nc1c(Nc2cccc(C(=O)N(C)C)c2O)c(=O)c1=O)c1cocn1,7.96,Inhibition of CXCR2,CXCR2,CHEMBL927214,CHEMBL1141493
CHEMBL430116,CCC(Nc1c(Nc2cccc(C(=O)N(C)C)c2O)c(=O)c1=O)c1ncco1,8.07,Inhibition of CXCR2,CXCR2,CHEMBL927214,CHEMBL1141493
CHEMBL269707,CC[C@@H](Nc1c(Nc2cccc(C(=O)N(C)C)c2O)c(=O)c1=O)c1ccccn1,8.48,Inhibition of CXCR2,CXCR2,CHEMBL927214,CHEMBL1141493
CHEMBL401940,CC[C@@H](Nc1c(Nc2cccc(C(=O)N(C)C)c2O)c(=O)c1=O)c1ccsc1,8.47,Inhibition of CXCR2,CXCR2,CHEMBL927214,CHEMBL1141493
CHEMBL253927,CC[C@@H](Nc1c(Nc2cccc(C(=O)N(C)C)c2O)c(=O)c1=O)c1cc(C)on1,8.2,Inhibition of CXCR2,CXCR2,CHEMBL927214,CHEMBL1141493
CHEMBL401939,CC[C@@H](Nc1c(Nc2cccc(C(=O)N(C)C)c2O)c(=O)c1=O)c1cc(Br)co1,8.46,Inhibition of CXCR2,CXCR2,CHEMBL927214,CHEMBL1141493
CHEMBL253714,CC[C@@H](Nc1c(Nc2cccc(C(=O)N(C)C)c2O)c(=O)c1=O)c1cc(Cl)co1,8.42,Inhibition of CXCR2,CXCR2,CHEMBL927214,CHEMBL1141493
CHEMBL404490,CC[C@@H](Nc1c(Nc2cccc(C(=O)N(C)C)c2O)c(=O)c1=O)c1ccc(Cl)o1,8.34,Inhibition of CXCR2,CXCR2,CHEMBL927214,CHEMBL1141493
CHEMBL401939,CC[C@@H](Nc1c(Nc2cccc(C(=O)N(C)C)c2O)c(=O)c1=O)c1cc(Br)co1,8.7,Inhibition of CXCR2-mediated chemotaxis in Ba/F3 cells expressing human CXCR2,CXCR2,CHEMBL927217,CHEMBL1141493
CHEMBL269707,CC[C@@H](Nc1c(Nc2cccc(C(=O)N(C)C)c2O)c(=O)c1=O)c1ccccn1,8.35,Inhibition of CXCR2-mediated chemotaxis in Ba/F3 cells expressing human CXCR2,CXCR2,CHEMBL927217,CHEMBL1141493
CHEMBL253927,CC[C@@H](Nc1c(Nc2cccc(C(=O)N(C)C)c2O)c(=O)c1=O)c1cc(C)on1,7.91,Inhibition of CXCR2-mediated chemotaxis in Ba/F3 cells expressing human CXCR2,CXCR2,CHEMBL927217,CHEMBL1141493
CHEMBL254370,CC[C@@H](Nc1c(Nc2cccc(C(=O)N(C)C)c2O)c(=O)c1=O)c1ccccc1,8.17,Displacement of [125I]IL8 from human CXCR2 by SPA assay,CXCR2,CHEMBL929862,CHEMBL1141536
CHEMBL401512,CC[C@@H](Nc1c(Nc2cccc(C(=O)N(C)C)c2O)c(=O)c1=O)c1cccc(F)c1,8.31,Displacement of [125I]IL8 from human CXCR2 by SPA assay,CXCR2,CHEMBL929862,CHEMBL1141536
CHEMBL440405,CS(=O)(=O)NC(=O)CCCc1c(-c2ccc(F)cc2)[nH]c2ccc(C#N)cc12,7.14,Displacement of europium labeled-human IL8 from human cloned CXCR2 expressed in Sf9 membrane with Galphai3-beta-1-gamma-2 by DELFIA binding assay,CXCR2,CHEMBL928888,CHEMBL1141538
CHEMBL403084,Cc1cc2[nH]c(-c3ccc(F)cc3)c(CCCC(=O)NS(C)(=O)=O)c2cc1C#N,7.72,Displacement of europium labeled-human IL8 from human cloned CXCR2 expressed in Sf9 membrane with Galphai3-beta-1-gamma-2 by DELFIA binding assay,CXCR2,CHEMBL928888,CHEMBL1141538
CHEMBL404088,COc1cc2[nH]c(-c3ccc(F)cc3)c(CCCC(=O)NS(C)(=O)=O)c2cc1C#N,6.8,Displacement of europium labeled-human IL8 from human cloned CXCR2 expressed in Sf9 membrane with Galphai3-beta-1-gamma-2 by DELFIA binding assay,CXCR2,CHEMBL928888,CHEMBL1141538
CHEMBL257178,N#Cc1ccc2[nH]c(-c3ccc(F)cc3)c(CCCC(=O)NS(=O)(=O)C(F)(F)F)c2c1,7.06,Displacement of europium labeled-human IL8 from human cloned CXCR2 expressed in Sf9 membrane with Galphai3-beta-1-gamma-2 by DELFIA binding assay,CXCR2,CHEMBL928888,CHEMBL1141538
CHEMBL257177,N#Cc1ccc2[nH]c(-c3ccc(F)cc3)c(CCCC(=O)NS(=O)(=O)c3ccccc3)c2c1,6.58,Displacement of europium labeled-human IL8 from human cloned CXCR2 expressed in Sf9 membrane with Galphai3-beta-1-gamma-2 by DELFIA binding assay,CXCR2,CHEMBL928888,CHEMBL1141538
CHEMBL255289,CC(C)S(=O)(=O)NC(=O)CCCc1c(-c2ccc(F)cc2)[nH]c2ccc(C#N)cc12,6.66,Displacement of europium labeled-human IL8 from human cloned CXCR2 expressed in Sf9 membrane with Galphai3-beta-1-gamma-2 by DELFIA binding assay,CXCR2,CHEMBL928888,CHEMBL1141538
CHEMBL404062,N#Cc1ccc2[nH]c(-c3ccc(F)cc3)c(CCCC(=O)NS(=O)(=O)Cc3ccccc3)c2c1,5.85,Displacement of europium labeled-human IL8 from human cloned CXCR2 expressed in Sf9 membrane with Galphai3-beta-1-gamma-2 by DELFIA binding assay,CXCR2,CHEMBL928888,CHEMBL1141538
CHEMBL258438,CCCS(=O)(=O)NC(=O)CCCc1c(-c2ccc(F)cc2)[nH]c2ccc(C#N)cc12,5.89,Displacement of europium labeled-human IL8 from human cloned CXCR2 expressed in Sf9 membrane with Galphai3-beta-1-gamma-2 by DELFIA binding assay,CXCR2,CHEMBL928888,CHEMBL1141538
CHEMBL255483,CCS(=O)(=O)NC(=O)CCCc1c(-c2ccc(F)cc2)[nH]c2ccc(C#N)cc12,7.19,Displacement of europium labeled-human IL8 from human cloned CXCR2 expressed in Sf9 membrane with Galphai3-beta-1-gamma-2 by DELFIA binding assay,CXCR2,CHEMBL928888,CHEMBL1141538
CHEMBL255481,CS(=O)(=O)NC(=O)CCCc1c(-c2ccc(F)cc2)[nH]c2ccc(Br)cc12,6.77,Displacement of europium labeled-human IL8 from human cloned CXCR2 expressed in Sf9 membrane with Galphai3-beta-1-gamma-2 by DELFIA binding assay,CXCR2,CHEMBL928888,CHEMBL1141538
CHEMBL254568,Cc1cc2[nH]c(-c3ccc(F)cc3)c(CCCC(=O)NS(=O)(=O)N(C)C)c2cc1C#N,7.62,Displacement of europium labeled-human IL8 from human cloned CXCR2 expressed in Sf9 membrane with Galphai3-beta-1-gamma-2 by DELFIA binding assay,CXCR2,CHEMBL928888,CHEMBL1141538
CHEMBL254567,COc1cc2[nH]c(-c3ccc(F)cc3)c(CCCC(=O)NS(=O)(=O)N(C)C)c2cc1C#N,7.24,Displacement of europium labeled-human IL8 from human cloned CXCR2 expressed in Sf9 membrane with Galphai3-beta-1-gamma-2 by DELFIA binding assay,CXCR2,CHEMBL928888,CHEMBL1141538
CHEMBL254366,N#Cc1ccc2[nH]c(-c3ccc(F)cc3)c(CCCC(=O)NS(=O)(=O)N3CCOCC3)c2c1,6.82,Displacement of europium labeled-human IL8 from human cloned CXCR2 expressed in Sf9 membrane with Galphai3-beta-1-gamma-2 by DELFIA binding assay,CXCR2,CHEMBL928888,CHEMBL1141538
CHEMBL402942,COCCNS(=O)(=O)NC(=O)CCCc1c(-c2ccc(F)cc2)[nH]c2ccc(C#N)cc12,6.58,Displacement of europium labeled-human IL8 from human cloned CXCR2 expressed in Sf9 membrane with Galphai3-beta-1-gamma-2 by DELFIA binding assay,CXCR2,CHEMBL928888,CHEMBL1141538
CHEMBL404395,N#Cc1ccc2[nH]c(-c3ccc(F)cc3)c(CCCC(=O)NS(=O)(=O)Nc3ccccc3)c2c1,6.06,Displacement of europium labeled-human IL8 from human cloned CXCR2 expressed in Sf9 membrane with Galphai3-beta-1-gamma-2 by DELFIA binding assay,CXCR2,CHEMBL928888,CHEMBL1141538
CHEMBL258038,CCCCNS(=O)(=O)NC(=O)CCCc1c(-c2ccc(F)cc2)[nH]c2ccc(C#N)cc12,5.96,Displacement of europium labeled-human IL8 from human cloned CXCR2 expressed in Sf9 membrane with Galphai3-beta-1-gamma-2 by DELFIA binding assay,CXCR2,CHEMBL928888,CHEMBL1141538
CHEMBL403497,CCN(CC)S(=O)(=O)NC(=O)CCCc1c(-c2ccc(F)cc2)[nH]c2ccc(C#N)cc12,5.96,Displacement of europium labeled-human IL8 from human cloned CXCR2 expressed in Sf9 membrane with Galphai3-beta-1-gamma-2 by DELFIA binding assay,CXCR2,CHEMBL928888,CHEMBL1141538
CHEMBL257830,N#Cc1ccc2[nH]c(-c3ccc(F)cc3)c(CCCC(=O)NS(N)(=O)=O)c2c1,7.18,Displacement of europium labeled-human IL8 from human cloned CXCR2 expressed in Sf9 membrane with Galphai3-beta-1-gamma-2 by DELFIA binding assay,CXCR2,CHEMBL928888,CHEMBL1141538
CHEMBL257829,CNS(=O)(=O)NC(=O)CCCc1c(-c2ccc(F)cc2)[nH]c2ccc(C#N)cc12,6.92,Displacement of europium labeled-human IL8 from human cloned CXCR2 expressed in Sf9 membrane with Galphai3-beta-1-gamma-2 by DELFIA binding assay,CXCR2,CHEMBL928888,CHEMBL1141538
CHEMBL403313,CN(C)S(=O)(=O)NC(=O)CCCc1c(-c2ccc(F)cc2)[nH]c2ccc(C#N)cc12,7.3,Displacement of europium labeled-human IL8 from human cloned CXCR2 expressed in Sf9 membrane with Galphai3-beta-1-gamma-2 by DELFIA binding assay,CXCR2,CHEMBL928888,CHEMBL1141538
CHEMBL254978,N#Cc1ccc2[nH]c(-c3ccc(F)cc3)c(CCNC(=O)NS(=O)(=O)c3ccccc3)c2c1,6.85,Displacement of europium labeled-human IL8 from human cloned CXCR2 expressed in Sf9 membrane with Galphai3-beta-1-gamma-2 by DELFIA binding assay,CXCR2,CHEMBL928888,CHEMBL1141538
CHEMBL254774,N#Cc1ccc2[nH]c(-c3ccc(F)cc3)c(CCNC(=O)NS(=O)(=O)c3ccc(F)cc3)c2c1,6.28,Displacement of europium labeled-human IL8 from human cloned CXCR2 expressed in Sf9 membrane with Galphai3-beta-1-gamma-2 by DELFIA binding assay,CXCR2,CHEMBL928888,CHEMBL1141538
CHEMBL404662,N#Cc1ccc2[nH]c(-c3ccc(F)cc3)c(CCNC(=O)NS(=O)(=O)c3ccccc3Cl)c2c1,6.4,Displacement of europium labeled-human IL8 from human cloned CXCR2 expressed in Sf9 membrane with Galphai3-beta-1-gamma-2 by DELFIA binding assay,CXCR2,CHEMBL928888,CHEMBL1141538
CHEMBL254773,O=C(NCCc1c(-c2ccc(F)cc2)[nH]c2ccc(Br)cc12)NS(=O)(=O)c1ccccc1,6.92,Displacement of europium labeled-human IL8 from human cloned CXCR2 expressed in Sf9 membrane with Galphai3-beta-1-gamma-2 by DELFIA binding assay,CXCR2,CHEMBL928888,CHEMBL1141538
CHEMBL254569,CS(=O)(=O)NC(=O)NCCc1c(-c2ccc(F)cc2)[nH]c2ccc(C#N)cc12,6.19,Displacement of europium labeled-human IL8 from human cloned CXCR2 expressed in Sf9 membrane with Galphai3-beta-1-gamma-2 by DELFIA binding assay,CXCR2,CHEMBL928888,CHEMBL1141538
CHEMBL404661,CS(=O)(=O)NC(=O)NCCc1c(-c2ccc(F)cc2)[nH]c2ccc(Br)cc12,6.6,Displacement of europium labeled-human IL8 from human cloned CXCR2 expressed in Sf9 membrane with Galphai3-beta-1-gamma-2 by DELFIA binding assay,CXCR2,CHEMBL928888,CHEMBL1141538
CHEMBL403313,CN(C)S(=O)(=O)NC(=O)CCCc1c(-c2ccc(F)cc2)[nH]c2ccc(C#N)cc12,8.3,Antagonist activity at human cloned CXCR2 by calcium flux FLIPR assay,CXCR2,CHEMBL928889,CHEMBL1141538
CHEMBL254773,O=C(NCCc1c(-c2ccc(F)cc2)[nH]c2ccc(Br)cc12)NS(=O)(=O)c1ccccc1,8.4,Antagonist activity at human cloned CXCR2 by calcium flux FLIPR assay,CXCR2,CHEMBL928889,CHEMBL1141538
CHEMBL404661,CS(=O)(=O)NC(=O)NCCc1c(-c2ccc(F)cc2)[nH]c2ccc(Br)cc12,7.05,Antagonist activity at human cloned CXCR2 by calcium flux FLIPR assay,CXCR2,CHEMBL928889,CHEMBL1141538
CHEMBL257829,CNS(=O)(=O)NC(=O)CCCc1c(-c2ccc(F)cc2)[nH]c2ccc(C#N)cc12,7.85,Antagonist activity at human cloned CXCR2 by calcium flux FLIPR assay,CXCR2,CHEMBL928889,CHEMBL1141538
CHEMBL257178,N#Cc1ccc2[nH]c(-c3ccc(F)cc3)c(CCCC(=O)NS(=O)(=O)C(F)(F)F)c2c1,7.16,Antagonist activity at human cloned CXCR2 by calcium flux FLIPR assay,CXCR2,CHEMBL928889,CHEMBL1141538
CHEMBL440405,CS(=O)(=O)NC(=O)CCCc1c(-c2ccc(F)cc2)[nH]c2ccc(C#N)cc12,7.5,Antagonist activity at human cloned CXCR2 by calcium flux FLIPR assay,CXCR2,CHEMBL928889,CHEMBL1141538
CHEMBL397237,C[C@H](CO)Nc1nc(SCc2cccc(F)c2F)nc2nc(N)sc12,8.4,Displacement of [125I]IL8 from human recombinant CXCR2 expressed in HEK293 cells by SPA assay,CXCR2,CHEMBL949060,CHEMBL1141618
CHEMBL446458,C[C@H](CO)Nc1nc(SCc2cccc(F)c2F)nc2[nH]c(=O)sc12,9.0,Displacement of [125I]IL8 from human recombinant CXCR2 expressed in HEK293 cells by SPA assay,CXCR2,CHEMBL949060,CHEMBL1141618
CHEMBL257025,C[C@H](CO)Nc1nc(SCc2cccc(F)c2F)nc2[nH]ncc12,6.66,Displacement of [125I]IL8 from human recombinant CXCR2 expressed in HEK293 cells by SPA assay,CXCR2,CHEMBL949060,CHEMBL1141618
CHEMBL257027,C[C@H](CO)Nc1nc(SCc2ccccc2)nc2[nH]c(=O)[nH]c12,5.6,Displacement of [125I]IL8 from human recombinant CXCR2 expressed in HEK293 cells by SPA assay,CXCR2,CHEMBL949060,CHEMBL1141618
CHEMBL403877,C[C@H](CO)Nc1nc(SCc2cccc(F)c2F)nc2[nH]c(=O)c(=O)[nH]c12,7.35,Displacement of [125I]IL8 from human recombinant CXCR2 expressed in HEK293 cells by SPA assay,CXCR2,CHEMBL949060,CHEMBL1141618
CHEMBL272105,COC(=O)c1nc2c(N[C@H](C)CO)nc(SCc3cccc(F)c3F)nc2[nH]c1=O,8.7,Displacement of [125I]IL8 from human recombinant CXCR2 expressed in HEK293 cells by SPA assay,CXCR2,CHEMBL949060,CHEMBL1141618
CHEMBL403656,C[C@H](CO)Nc1nc(SCc2cccc(F)c2F)nc2[nH]c(=O)c(C#N)cc12,7.8,Displacement of [125I]IL8 from human recombinant CXCR2 expressed in HEK293 cells by SPA assay,CXCR2,CHEMBL949060,CHEMBL1141618
CHEMBL257269,C[C@H](CO)Nc1nc(SCc2cccc(F)c2F)nc2[nH]c(=O)ccc12,6.46,Displacement of [125I]IL8 from human recombinant CXCR2 expressed in HEK293 cells by SPA assay,CXCR2,CHEMBL949060,CHEMBL1141618
CHEMBL256668,C[C@H](CO)Nc1nc(SCc2cccc(F)c2F)nc2[nH]c(=O)cnc12,9.0,Displacement of [125I]IL8 from human recombinant CXCR2 expressed in HEK293 cells by SPA assay,CXCR2,CHEMBL949060,CHEMBL1141618
CHEMBL429682,C[C@H](CO)Nc1nc(SCc2cccc(F)c2F)nc2nc(NS(C)(=O)=O)sc12,8.3,Displacement of [125I]IL8 from human recombinant CXCR2 expressed in HEK293 cells by SPA assay,CXCR2,CHEMBL949060,CHEMBL1141618
CHEMBL258334,C[C@H](CO)Nc1nc(SCc2ccccc2)nc2sc(N)nc12,6.07,Displacement of [125I]IL8 from human recombinant CXCR2 expressed in HEK293 cells by SPA assay,CXCR2,CHEMBL949060,CHEMBL1141618
CHEMBL404057,C[C@H](CO)Nc1nc(SCc2cccc(F)c2F)nc2nccnc12,6.55,Displacement of [125I]IL8 from human recombinant CXCR2 expressed in HEK293 cells by SPA assay,CXCR2,CHEMBL949060,CHEMBL1141618
CHEMBL403702,Cc1cnc2nc(SCc3cccc(F)c3F)nc(N[C@H](C)CO)c2n1,6.85,Displacement of [125I]IL8 from human recombinant CXCR2 expressed in HEK293 cells by SPA assay,CXCR2,CHEMBL949060,CHEMBL1141618
CHEMBL257659,Cc1cnc2c(N[C@H](C)CO)nc(SCc3cccc(F)c3F)nc2n1,6.55,Displacement of [125I]IL8 from human recombinant CXCR2 expressed in HEK293 cells by SPA assay,CXCR2,CHEMBL949060,CHEMBL1141618
CHEMBL271703,C[C@H](CO)Nc1nc(SCc2cccc(F)c2F)nc2nc(N)cnc12,8.15,Displacement of [125I]IL8 from human recombinant CXCR2 expressed in HEK293 cells by SPA assay,CXCR2,CHEMBL949060,CHEMBL1141618
CHEMBL270446,Cc1nc2c(N[C@H](C)CO)nc(SCc3cccc(F)c3F)nc2[nH]1,6.2,Displacement of [125I]IL8 from human recombinant CXCR2 expressed in HEK293 cells by SPA assay,CXCR2,CHEMBL949060,CHEMBL1141618
CHEMBL257006,C[C@H](CO)Nc1nc(SCc2cccc(F)c2F)nc2[nH]c(N)nc12,7.89,Displacement of [125I]IL8 from human recombinant CXCR2 expressed in HEK293 cells by SPA assay,CXCR2,CHEMBL949060,CHEMBL1141618
CHEMBL402986,C[C@H](CO)Nc1nc(SCc2ccccc2)nc2[nH]c(=O)sc12,8.3,Displacement of [125I]IL8 from human recombinant CXCR2 expressed in HEK293 cells by SPA assay,CXCR2,CHEMBL949060,CHEMBL1141618
CHEMBL271013,C[C@H](CO)Nc1nc(SCc2ccccc2)nc2nc(N)sc12,7.89,Displacement of [125I]IL8 from human recombinant CXCR2 expressed in HEK293 cells by SPA assay,CXCR2,CHEMBL949060,CHEMBL1141618
CHEMBL271012,C[C@H](CO)Nc1nc(SCc2ccccc2F)nc2[nH]c(=O)sc12,8.7,Displacement of [125I]IL8 from human recombinant CXCR2 expressed in HEK293 cells by SPA assay,CXCR2,CHEMBL949060,CHEMBL1141618
CHEMBL232846,C[C@H](CO)Nc1nc(SCc2ccccc2F)nc2nc(N)sc12,7.89,Displacement of [125I]IL8 from human recombinant CXCR2 expressed in HEK293 cells by SPA assay,CXCR2,CHEMBL949060,CHEMBL1141618
CHEMBL403225,C[C@H](CO)Nc1nc(SCc2cccc(Cl)c2F)nc2[nH]c(=O)sc12,9.0,Displacement of [125I]IL8 from human recombinant CXCR2 expressed in HEK293 cells by SPA assay,CXCR2,CHEMBL949060,CHEMBL1141618
CHEMBL429791,C[C@H](CO)Nc1nc(SCc2cccc(Cl)c2F)nc2nc(N)sc12,8.52,Displacement of [125I]IL8 from human recombinant CXCR2 expressed in HEK293 cells by SPA assay,CXCR2,CHEMBL949060,CHEMBL1141618
CHEMBL402728,Cc1nc(CSc2nc(N[C@H](C)CO)c3sc(=O)[nH]c3n2)cs1,7.22,Displacement of [125I]IL8 from human recombinant CXCR2 expressed in HEK293 cells by SPA assay,CXCR2,CHEMBL949060,CHEMBL1141618
CHEMBL390191,Cc1nc(CSc2nc(N[C@H](C)CO)c3sc(N)nc3n2)cs1,6.92,Displacement of [125I]IL8 from human recombinant CXCR2 expressed in HEK293 cells by SPA assay,CXCR2,CHEMBL949060,CHEMBL1141618
CHEMBL272705,C[C@H](CO)Nc1nc(SCc2ccco2)nc2[nH]c(=O)sc12,8.3,Displacement of [125I]IL8 from human recombinant CXCR2 expressed in HEK293 cells by SPA assay,CXCR2,CHEMBL949060,CHEMBL1141618
CHEMBL233263,C[C@H](CO)Nc1nc(SCc2ccco2)nc2nc(N)sc12,7.46,Displacement of [125I]IL8 from human recombinant CXCR2 expressed in HEK293 cells by SPA assay,CXCR2,CHEMBL949060,CHEMBL1141618
CHEMBL510437,Cc1ccc([C@H](Nc2nsnc2Nc2cccc(C(=O)N(C)C)c2O)C(C)C)o1,7.44,Displacement of [125I]CXCL1 from CXCR2 receptor in human PMN assessed as myeloperoxidase release,CXCR2,CHEMBL963311,CHEMBL1153271
CHEMBL455431,Cc1ccc([C@H](Nc2nsnc2Nc2cccc(C(=O)N(C)C)c2O)C(C)(C)C)o1,7.68,Displacement of [125I]CXCL1 from CXCR2 receptor in human PMN assessed as myeloperoxidase release,CXCR2,CHEMBL963311,CHEMBL1153271
CHEMBL577738,CCNNc1c(Nc2cccc(C(=O)N(C)C)c2O)c(=O)c1=O,5.26,Displacement of [125I]IL-8 from human CXCR2 expressed in mouse BaF3 cells by liquid scintillation counting,CXCR2,CHEMBL1043639,CHEMBL1156021
CHEMBL576886,CCN(Nc1c(Nc2cccc(C(=O)N(C)C)c2O)c(=O)c1=O)C(C)=O,5.48,Displacement of [125I]IL-8 from human CXCR2 expressed in mouse BaF3 cells by liquid scintillation counting,CXCR2,CHEMBL1043639,CHEMBL1156021
CHEMBL577075,CCN(CC)Nc1c(Nc2cccc(C(=O)N(C)C)c2O)c(=O)c1=O,7.34,Antagonist activity at CXCR2 expressed in CHO cells assessed as inhibition of IL-8-induced chemotaxis,CXCR2,CHEMBL1043642,CHEMBL1156021
CHEMBL576886,CCN(Nc1c(Nc2cccc(C(=O)N(C)C)c2O)c(=O)c1=O)C(C)=O,5.9,Antagonist activity at CXCR2 expressed in CHO cells assessed as inhibition of IL-8-induced chemotaxis,CXCR2,CHEMBL1043642,CHEMBL1156021
CHEMBL570042,CCN(Nc1c(Nc2cccc(C(=O)N(C)C)c2O)c(=O)c1=O)c1ccccc1,7.27,Antagonist activity at CXCR2 expressed in CHO cells assessed as inhibition of IL-8-induced chemotaxis,CXCR2,CHEMBL1043642,CHEMBL1156021
CHEMBL570043,CCN(Nc1c(Nc2cccc(C(=O)N(C)C)c2O)c(=O)c1=O)c1ccc(F)cc1,6.08,Antagonist activity at CXCR2 expressed in CHO cells assessed as inhibition of IL-8-induced chemotaxis,CXCR2,CHEMBL1043642,CHEMBL1156021
CHEMBL571141,CCN(Nc1c(Nc2cccc(C(=O)N(C)C)c2O)c(=O)c1=O)c1ccc(OC)cc1,7.0,Antagonist activity at CXCR2 expressed in CHO cells assessed as inhibition of IL-8-induced chemotaxis,CXCR2,CHEMBL1043642,CHEMBL1156021
CHEMBL585928,CCN(Nc1c(Nc2cccc(C(=O)N(C)C)c2O)c(=O)c1=O)c1ccccn1,7.12,Antagonist activity at CXCR2 expressed in CHO cells assessed as inhibition of IL-8-induced chemotaxis,CXCR2,CHEMBL1043642,CHEMBL1156021
CHEMBL569210,CCN(Cc1ccc(F)cc1)Nc1c(Nc2cccc(C(=O)N(C)C)c2O)c(=O)c1=O,5.2,Antagonist activity at CXCR2 expressed in CHO cells assessed as inhibition of IL-8-induced chemotaxis,CXCR2,CHEMBL1043642,CHEMBL1156021
CHEMBL578807,CCN(Nc1c(Nc2cccc(C(=O)N(C)C)c2O)c(=O)c1=O)C(=O)c1ccc(F)cc1,6.08,Antagonist activity at CXCR2 expressed in CHO cells assessed as inhibition of IL-8-induced chemotaxis,CXCR2,CHEMBL1043642,CHEMBL1156021
CHEMBL577075,CCN(CC)Nc1c(Nc2cccc(C(=O)N(C)C)c2O)c(=O)c1=O,5.73,Displacement of [125I]IL-8 from human CXCR2 expressed in mouse BaF3 cells by liquid scintillation counting,CXCR2,CHEMBL1043639,CHEMBL1156021
CHEMBL964,CCN(CC)C(=S)SSC(=S)N(CC)CC,5.22,DRUGMATRIX: Chemokine CXCR2 (IL-8B) radioligand binding (ligand: [125I] IL-8),CXCR2,CHEMBL1909128,CHEMBL1909046
CHEMBL216981,CC[C@@H](Nc1c(Nc2cccc(C(=O)N(C)C)c2O)c(=O)c1=O)c1ccc(C)o1,10.31,Binding affinity to CXCR2,CXCR2,CHEMBL2184853,CHEMBL2176887
CHEMBL191413,CC(C)Cc1ccc([C@@H](C)C(=O)NS(C)(=O)=O)cc1,9.0,Antagonist activity at CXCR2 assessed as inhibition of CXCL8-induced neutrophil chemotaxis,CXCR2,CHEMBL2184850,CHEMBL2176887
CHEMBL191413,CC(C)Cc1ccc([C@@H](C)C(=O)NS(C)(=O)=O)cc1,7.0,Binding affinity to CXCR2,CXCR2,CHEMBL2184853,CHEMBL2176887
CHEMBL2178579,O=C(Nc1ccc(Cl)c(S(=O)(=O)N2CCNCC2)c1O)Nc1cccc(F)c1Cl,6.51,Antagonist activity at CXCR2 assessed as inhibition of neutrophil shape change,CXCR2,CHEMBL2184851,CHEMBL2176887
CHEMBL2178579,O=C(Nc1ccc(Cl)c(S(=O)(=O)N2CCNCC2)c1O)Nc1cccc(F)c1Cl,6.58,Antagonist activity at CXCR2 assessed as inhibition of neutrophil CD11b up-regulation,CXCR2,CHEMBL2184852,CHEMBL2176887
CHEMBL2178579,O=C(Nc1ccc(Cl)c(S(=O)(=O)N2CCNCC2)c1O)Nc1cccc(F)c1Cl,8.29,Binding affinity to CXCR2,CXCR2,CHEMBL2184853,CHEMBL2176887
CHEMBL239767,O=C(Nc1ccc([N+](=O)[O-])cc1O)Nc1ccccc1Br,7.66,Binding affinity to CXCR2,CXCR2,CHEMBL2184853,CHEMBL2176887
CHEMBL402986,C[C@H](CO)Nc1nc(SCc2ccccc2)nc2[nH]c(=O)sc12,8.35,Displacement of [125I]-IL8 from human CXCR2 transfected in HEK293 cells after 4 hrs by microbeta counting analysis,CXCR2,CHEMBL2351084,CHEMBL2346562
CHEMBL271013,C[C@H](CO)Nc1nc(SCc2ccccc2)nc2nc(N)sc12,7.89,Displacement of [125I]-IL8 from human CXCR2 transfected in HEK293 cells after 4 hrs by microbeta counting analysis,CXCR2,CHEMBL2351084,CHEMBL2346562
CHEMBL3104899,OCc1cc2nc(CCc3cccc(F)c3F)cc(O)n2n1,5.96,Antagonist activity at human recombinant CXCR2 receptor expressed in CHO cells assessed as inhibition of IL8-induced [35S]GTPgammaS binding by SPA method,CXCR2,CHEMBL3107238,CHEMBL3102704
CHEMBL3104898,COc1cc(CCc2cccc(F)c2F)nc2cc(CO)nn12,4.98,Antagonist activity at human recombinant CXCR2 receptor expressed in CHO cells assessed as inhibition of IL8-induced [35S]GTPgammaS binding by SPA method,CXCR2,CHEMBL3107238,CHEMBL3102704
CHEMBL3104897,CS(=O)(=O)Nc1cc(CSc2cccc(F)c2F)nc2nc(Cc3ccccc3)nn12,4.86,Antagonist activity at human recombinant CXCR2 receptor expressed in CHO cells assessed as inhibition of IL8-induced [35S]GTPgammaS binding by SPA method,CXCR2,CHEMBL3107238,CHEMBL3102704
CHEMBL3105087,CCc1cnn2c(O)cc(CSc3cccc(F)c3F)nc12,4.7,Antagonist activity at human recombinant CXCR2 receptor expressed in CHO cells assessed as inhibition of IL8-induced [35S]GTPgammaS binding by SPA method,CXCR2,CHEMBL3107238,CHEMBL3102704
CHEMBL3105086,N#Cc1cnn2c(O)cc(CSc3cccc(F)c3F)nc12,5.39,Antagonist activity at human recombinant CXCR2 receptor expressed in CHO cells assessed as inhibition of IL8-induced [35S]GTPgammaS binding by SPA method,CXCR2,CHEMBL3107238,CHEMBL3102704
CHEMBL3105085,Oc1cc(CSc2cccc(F)c2F)nc2ccnn12,6.09,Antagonist activity at human recombinant CXCR2 receptor expressed in CHO cells assessed as inhibition of IL8-induced [35S]GTPgammaS binding by SPA method,CXCR2,CHEMBL3107238,CHEMBL3102704
CHEMBL3105084,Oc1cc(CSc2cccc(F)c2F)nc2c3ccccc3nn12,6.58,Antagonist activity at human recombinant CXCR2 receptor expressed in CHO cells assessed as inhibition of IL8-induced [35S]GTPgammaS binding by SPA method,CXCR2,CHEMBL3107238,CHEMBL3102704
CHEMBL3105083,Oc1cc(CSc2cccc(F)c2F)nc2c3c(nn12)CCCC3,5.77,Antagonist activity at human recombinant CXCR2 receptor expressed in CHO cells assessed as inhibition of IL8-induced [35S]GTPgammaS binding by SPA method,CXCR2,CHEMBL3107238,CHEMBL3102704
CHEMBL3105082,Cc1ccoc1-c1cc2nc(CSc3cccc(F)c3F)cc(O)n2n1,6.06,Antagonist activity at human recombinant CXCR2 receptor expressed in CHO cells assessed as inhibition of IL8-induced [35S]GTPgammaS binding by SPA method,CXCR2,CHEMBL3107238,CHEMBL3102704
CHEMBL3105081,Oc1cc(CSc2cccc(F)c2F)nc2cc(-c3ccccn3)nn12,6.55,Antagonist activity at human recombinant CXCR2 receptor expressed in CHO cells assessed as inhibition of IL8-induced [35S]GTPgammaS binding by SPA method,CXCR2,CHEMBL3107238,CHEMBL3102704
CHEMBL3105080,Oc1cc(CSc2cccc(F)c2F)nc2cc(-c3ccco3)nn12,6.82,Antagonist activity at human recombinant CXCR2 receptor expressed in CHO cells assessed as inhibition of IL8-induced [35S]GTPgammaS binding by SPA method,CXCR2,CHEMBL3107238,CHEMBL3102704
CHEMBL3105079,Oc1cc(CSc2cccc(F)c2F)nc2nc(CCc3ccccc3)nn12,6.33,Antagonist activity at human recombinant CXCR2 receptor expressed in CHO cells assessed as inhibition of IL8-induced [35S]GTPgammaS binding by SPA method,CXCR2,CHEMBL3107238,CHEMBL3102704
CHEMBL3105078,Oc1cc(CSc2cccc(F)c2F)nc2nc(-c3ccccc3)nn12,6.07,Antagonist activity at human recombinant CXCR2 receptor expressed in CHO cells assessed as inhibition of IL8-induced [35S]GTPgammaS binding by SPA method,CXCR2,CHEMBL3107238,CHEMBL3102704
CHEMBL3105077,Oc1cc(CSc2cccc(F)c2F)nc2nc(C3CCCCC3)nn12,6.29,Antagonist activity at human recombinant CXCR2 receptor expressed in CHO cells assessed as inhibition of IL8-induced [35S]GTPgammaS binding by SPA method,CXCR2,CHEMBL3107238,CHEMBL3102704
CHEMBL3104914,CC(C)c1nc2nc(CSc3cccc(F)c3F)cc(O)n2n1,6.04,Antagonist activity at human recombinant CXCR2 receptor expressed in CHO cells assessed as inhibition of IL8-induced [35S]GTPgammaS binding by SPA method,CXCR2,CHEMBL3107238,CHEMBL3102704
CHEMBL3102879,Cc1nc2nc(CSc3cccc(F)c3F)cc(O)n2n1,5.82,Antagonist activity at human recombinant CXCR2 receptor expressed in CHO cells assessed as inhibition of IL8-induced [35S]GTPgammaS binding by SPA method,CXCR2,CHEMBL3107238,CHEMBL3102704
CHEMBL3104913,Oc1cc(CSc2ccc(F)c(F)c2)nc2nc(Cc3ccccc3)nn12,5.77,Antagonist activity at human recombinant CXCR2 receptor expressed in CHO cells assessed as inhibition of IL8-induced [35S]GTPgammaS binding by SPA method,CXCR2,CHEMBL3107238,CHEMBL3102704
CHEMBL3104912,Oc1cc(CSc2cccc(F)c2F)nc2nc(Cc3ccccc3)nn12,6.46,Antagonist activity at human recombinant CXCR2 receptor expressed in CHO cells assessed as inhibition of IL8-induced [35S]GTPgammaS binding by SPA method,CXCR2,CHEMBL3107238,CHEMBL3102704
CHEMBL3104911,Oc1cc(CSc2cccc(Cl)c2Cl)nc2nc(Cc3ccccc3)nn12,5.77,Antagonist activity at human recombinant CXCR2 receptor expressed in CHO cells assessed as inhibition of IL8-induced [35S]GTPgammaS binding by SPA method,CXCR2,CHEMBL3107238,CHEMBL3102704
CHEMBL3104910,Oc1cc(CSc2ccc(Cl)cc2Cl)nc2nc(Cc3ccccc3)nn12,5.32,Antagonist activity at human recombinant CXCR2 receptor expressed in CHO cells assessed as inhibition of IL8-induced [35S]GTPgammaS binding by SPA method,CXCR2,CHEMBL3107238,CHEMBL3102704
CHEMBL3104909,Cc1ccc(-c2cccc(SCc3cc(O)n4nc(Cc5ccccc5)nc4n3)c2)cc1,5.39,Antagonist activity at human recombinant CXCR2 receptor expressed in CHO cells assessed as inhibition of IL8-induced [35S]GTPgammaS binding by SPA method,CXCR2,CHEMBL3107238,CHEMBL3102704
CHEMBL3104908,Oc1cc(CSc2cccc(OC(F)(F)F)c2)nc2nc(Cc3ccccc3)nn12,5.19,Antagonist activity at human recombinant CXCR2 receptor expressed in CHO cells assessed as inhibition of IL8-induced [35S]GTPgammaS binding by SPA method,CXCR2,CHEMBL3107238,CHEMBL3102704
CHEMBL3104907,Cc1cc(SCc2cc(O)n3nc(Cc4ccccc4)nc3n2)c(C)cc1Cl,5.11,Antagonist activity at human recombinant CXCR2 receptor expressed in CHO cells assessed as inhibition of IL8-induced [35S]GTPgammaS binding by SPA method,CXCR2,CHEMBL3107238,CHEMBL3102704
CHEMBL3104906,COc1ccc(SCc2cc(O)n3nc(Cc4ccccc4)nc3n2)c(OC)c1,4.96,Antagonist activity at human recombinant CXCR2 receptor expressed in CHO cells assessed as inhibition of IL8-induced [35S]GTPgammaS binding by SPA method,CXCR2,CHEMBL3107238,CHEMBL3102704
CHEMBL3104905,N#Cc1cccnc1SCc1cc(O)n2nc(Cc3ccccc3)nc2n1,4.89,Antagonist activity at human recombinant CXCR2 receptor expressed in CHO cells assessed as inhibition of IL8-induced [35S]GTPgammaS binding by SPA method,CXCR2,CHEMBL3107238,CHEMBL3102704
CHEMBL3104904,Oc1cc(CSc2nc(-c3ccccc3)cs2)nc2nc(Cc3ccccc3)nn12,4.96,Antagonist activity at human recombinant CXCR2 receptor expressed in CHO cells assessed as inhibition of IL8-induced [35S]GTPgammaS binding by SPA method,CXCR2,CHEMBL3107238,CHEMBL3102704
CHEMBL3104903,Cc1cc(SCc2cc(O)n3nc(Cc4ccccc4)nc3n2)c(C)o1,5.39,Antagonist activity at human recombinant CXCR2 receptor expressed in CHO cells assessed as inhibition of IL8-induced [35S]GTPgammaS binding by SPA method,CXCR2,CHEMBL3107238,CHEMBL3102704
CHEMBL3104900,Oc1cc(CSc2ccccc2)nc2nc(Cc3ccccc3)nn12,6.09,Antagonist activity at human recombinant CXCR2 receptor expressed in CHO cells assessed as inhibition of IL8-induced [35S]GTPgammaS binding by SPA method,CXCR2,CHEMBL3107238,CHEMBL3102704
CHEMBL1437942,Cc1cc2nc(CSc3ccccc3)cc(O)n2n1,4.99,Antagonist activity at human recombinant CXCR2 receptor expressed in CHO cells assessed as inhibition of IL8-induced [35S]GTPgammaS binding by SPA method,CXCR2,CHEMBL3107238,CHEMBL3102704
CHEMBL1437942,Cc1cc2nc(CSc3ccccc3)cc(O)n2n1,5.7,Displacement of [125I]GRO-alpha from human recombinant CXCR2 receptor expressed in CHO cells,CXCR2,CHEMBL3107239,CHEMBL3102704
CHEMBL3104912,Oc1cc(CSc2cccc(F)c2F)nc2nc(Cc3ccccc3)nn12,6.48,Displacement of [125I]GRO-alpha from human recombinant CXCR2 receptor expressed in CHO cells,CXCR2,CHEMBL3107239,CHEMBL3102704
CHEMBL216981,CC[C@@H](Nc1c(Nc2cccc(C(=O)N(C)C)c2O)c(=O)c1=O)c1ccc(C)o1,6.35,Antagonist activity at CXCR2 in human whole blood by CD11b assay,CXCR2,CHEMBL3388267,CHEMBL3351964
CHEMBL3354822,CC(C)S(=O)(=O)c1c(Cl)ccc(Nc2nc(=O)c3ccccc3[nH]2)c1O,6.2,Antagonist activity at CXCR2 (unknown origin) by beta-arrestin assay,CXCR2,CHEMBL3388266,CHEMBL3351964
CHEMBL3354823,CC(C)S(=O)(=O)c1c(Cl)ccc(Nc2nc(=O)c3cccc(Cl)c3[nH]2)c1O,6.3,Antagonist activity at CXCR2 (unknown origin) by beta-arrestin assay,CXCR2,CHEMBL3388266,CHEMBL3351964
CHEMBL3354824,CC(C)S(=O)(=O)c1c(Cl)ccc(Nc2nc(=O)c3c([nH]2)CCCC3)c1O,6.5,Antagonist activity at CXCR2 (unknown origin) by beta-arrestin assay,CXCR2,CHEMBL3388266,CHEMBL3351964
CHEMBL3354825,CC(C)S(=O)(=O)c1c(Cl)ccc(Nc2nc(=O)c3c([nH]2)CCC3)c1O,5.6,Antagonist activity at CXCR2 (unknown origin) by beta-arrestin assay,CXCR2,CHEMBL3388266,CHEMBL3351964
CHEMBL3354827,CC(C)S(=O)(=O)c1c(Cl)ccc(Nc2nc(=O)cc(-c3ccccc3)[nH]2)c1O,6.2,Antagonist activity at CXCR2 (unknown origin) by beta-arrestin assay,CXCR2,CHEMBL3388266,CHEMBL3351964
CHEMBL3354828,CC(C)S(=O)(=O)c1c(Cl)ccc(Nc2nc(=O)cc(-c3ccccc3Cl)[nH]2)c1O,6.2,Antagonist activity at CXCR2 (unknown origin) by beta-arrestin assay,CXCR2,CHEMBL3388266,CHEMBL3351964
CHEMBL3354829,CC(C)S(=O)(=O)c1c(Cl)ccc(Nc2nc(=O)cc(-c3ccco3)[nH]2)c1O,5.6,Antagonist activity at CXCR2 (unknown origin) by beta-arrestin assay,CXCR2,CHEMBL3388266,CHEMBL3351964
CHEMBL3354830,CC(C)S(=O)(=O)c1c(Cl)ccc(Nc2nc(=O)cc(-c3cccn3C)[nH]2)c1O,5.6,Antagonist activity at CXCR2 (unknown origin) by beta-arrestin assay,CXCR2,CHEMBL3388266,CHEMBL3351964
CHEMBL3354831,CC(C)S(=O)(=O)c1c(Cl)ccc(Nc2nc(=O)cc(Cc3ccccc3)[nH]2)c1O,6.4,Antagonist activity at CXCR2 (unknown origin) by beta-arrestin assay,CXCR2,CHEMBL3388266,CHEMBL3351964
CHEMBL3354833,CCc1cc(=O)nc(Nc2ccc(Cl)c(S(=O)(=O)C(C)C)c2O)[nH]1,6.6,Antagonist activity at CXCR2 (unknown origin) by beta-arrestin assay,CXCR2,CHEMBL3388266,CHEMBL3351964
CHEMBL3354834,CCCc1cc(=O)nc(Nc2ccc(Cl)c(S(=O)(=O)C(C)C)c2O)[nH]1,6.7,Antagonist activity at CXCR2 (unknown origin) by beta-arrestin assay,CXCR2,CHEMBL3388266,CHEMBL3351964
CHEMBL3355234,CC(C)Cc1cc(=O)nc(Nc2ccc(Cl)c(S(=O)(=O)C(C)C)c2O)[nH]1,6.9,Antagonist activity at CXCR2 (unknown origin) by beta-arrestin assay,CXCR2,CHEMBL3388266,CHEMBL3351964
CHEMBL3355235,CC(C)S(=O)(=O)c1c(Cl)ccc(Nc2nc(=O)cc(C(C)(C)C)[nH]2)c1O,8.2,Antagonist activity at CXCR2 (unknown origin) by beta-arrestin assay,CXCR2,CHEMBL3388266,CHEMBL3351964
CHEMBL3355236,CC(C)S(=O)(=O)c1c(Cl)ccc(Nc2nc(=O)cc(C3CC3)[nH]2)c1O,6.4,Antagonist activity at CXCR2 (unknown origin) by beta-arrestin assay,CXCR2,CHEMBL3388266,CHEMBL3351964
CHEMBL3355237,CC(C)S(=O)(=O)c1c(Cl)ccc(Nc2nc(=O)cc(C3CCC3)[nH]2)c1O,7.8,Antagonist activity at CXCR2 (unknown origin) by beta-arrestin assay,CXCR2,CHEMBL3388266,CHEMBL3351964
CHEMBL3355238,CC(C)S(=O)(=O)c1c(Cl)ccc(Nc2nc(=O)cc(C3CCCC3)[nH]2)c1O,7.7,Antagonist activity at CXCR2 (unknown origin) by beta-arrestin assay,CXCR2,CHEMBL3388266,CHEMBL3351964
CHEMBL3355239,CC1CCCC1c1cc(=O)nc(Nc2ccc(Cl)c(S(=O)(=O)C(C)C)c2O)[nH]1,7.5,Antagonist activity at CXCR2 (unknown origin) by beta-arrestin assay,CXCR2,CHEMBL3388266,CHEMBL3351964
CHEMBL3355240,CC(C)S(=O)(=O)c1c(Cl)ccc(Nc2nc(=O)cc(C3(C)CCC3)[nH]2)c1O,7.8,Antagonist activity at CXCR2 (unknown origin) by beta-arrestin assay,CXCR2,CHEMBL3388266,CHEMBL3351964
CHEMBL3355241,CC(C)S(=O)(=O)c1c(Cl)ccc(Nc2nc(=O)cc(C(C)(C)CF)[nH]2)c1O,6.9,Antagonist activity at CXCR2 (unknown origin) by beta-arrestin assay,CXCR2,CHEMBL3388266,CHEMBL3351964
CHEMBL3355242,CC(C)S(=O)(=O)c1c(Cl)ccc(Nc2nc(=O)cc(C(C)(C)C(F)(F)F)[nH]2)c1O,7.0,Antagonist activity at CXCR2 (unknown origin) by beta-arrestin assay,CXCR2,CHEMBL3388266,CHEMBL3351964
CHEMBL3355243,CC(C)S(=O)(=O)c1c(Cl)ccc(Nc2nc(=O)cc(C(C)(C)F)[nH]2)c1O,6.9,Antagonist activity at CXCR2 (unknown origin) by beta-arrestin assay,CXCR2,CHEMBL3388266,CHEMBL3351964
CHEMBL3355244,CC(C)S(=O)(=O)c1c(Cl)ccc(Nc2nc(=O)cc(C3CC(F)(F)C3)[nH]2)c1O,6.2,Antagonist activity at CXCR2 (unknown origin) by beta-arrestin assay,CXCR2,CHEMBL3388266,CHEMBL3351964
CHEMBL3355245,COCc1cc(=O)nc(Nc2ccc(Cl)c(S(=O)(=O)C(C)C)c2O)[nH]1,5.6,Antagonist activity at CXCR2 (unknown origin) by beta-arrestin assay,CXCR2,CHEMBL3388266,CHEMBL3351964
CHEMBL3355247,CC(C)S(=O)(=O)c1c(Cl)ccc(Nc2nc(=O)c(F)c(C(C)(C)C)[nH]2)c1O,7.6,Antagonist activity at CXCR2 (unknown origin) by beta-arrestin assay,CXCR2,CHEMBL3388266,CHEMBL3351964
CHEMBL3355248,CC(C)S(=O)(=O)c1c(Cl)ccc(Nc2nc(=O)c(F)c(C3CCC3)[nH]2)c1O,7.3,Antagonist activity at CXCR2 (unknown origin) by beta-arrestin assay,CXCR2,CHEMBL3388266,CHEMBL3351964
CHEMBL3355249,Cc1c(C(C)(C)C)[nH]c(Nc2ccc(Cl)c(S(=O)(=O)C(C)C)c2O)nc1=O,6.6,Antagonist activity at CXCR2 (unknown origin) by beta-arrestin assay,CXCR2,CHEMBL3388266,CHEMBL3351964
CHEMBL3355250,Cc1c(C2CCCC2)[nH]c(Nc2ccc(Cl)c(S(=O)(=O)C(C)C)c2O)nc1=O,6.2,Antagonist activity at CXCR2 (unknown origin) by beta-arrestin assay,CXCR2,CHEMBL3388266,CHEMBL3351964
CHEMBL3355235,CC(C)S(=O)(=O)c1c(Cl)ccc(Nc2nc(=O)cc(C(C)(C)C)[nH]2)c1O,6.24,Antagonist activity at CXCR2 in human whole blood by CD11b assay,CXCR2,CHEMBL3388267,CHEMBL3351964
CHEMBL3310769,N#Cc1c(O)nc(SCc2cccc(F)c2F)nc1-c1ccccc1,5.43,Antagonist activity against human recombinant CXCR2 receptor expressed in CHO cell membranes by SPA based [35S]GTPgammaS binding assay,CXCR2,CHEMBL3368862,CHEMBL3351490
CHEMBL3310772,N#Cc1c(O)nc(SCc2cccc(F)c2F)nc1-c1ccc(Cl)cc1,5.13,Antagonist activity against human recombinant CXCR2 receptor expressed in CHO cell membranes by SPA based [35S]GTPgammaS binding assay,CXCR2,CHEMBL3368862,CHEMBL3351490
CHEMBL3310773,Cc1ccc(-c2nc(SCc3cccc(F)c3F)nc(O)c2C#N)cc1,5.85,Antagonist activity against human recombinant CXCR2 receptor expressed in CHO cell membranes by SPA based [35S]GTPgammaS binding assay,CXCR2,CHEMBL3368862,CHEMBL3351490
CHEMBL3310774,COc1ccc(-c2nc(SCc3cccc(F)c3F)nc(O)c2C#N)cc1,6.15,Antagonist activity against human recombinant CXCR2 receptor expressed in CHO cell membranes by SPA based [35S]GTPgammaS binding assay,CXCR2,CHEMBL3368862,CHEMBL3351490
CHEMBL3310775,CC(C)Oc1ccc(-c2nc(SCc3cccc(F)c3F)nc(O)c2C#N)cc1,5.8,Antagonist activity against human recombinant CXCR2 receptor expressed in CHO cell membranes by SPA based [35S]GTPgammaS binding assay,CXCR2,CHEMBL3368862,CHEMBL3351490
CHEMBL3310776,COc1ccc(-c2nc(SCc3cccc(F)c3F)nc(O)c2C#N)cc1C,5.34,Antagonist activity against human recombinant CXCR2 receptor expressed in CHO cell membranes by SPA based [35S]GTPgammaS binding assay,CXCR2,CHEMBL3368862,CHEMBL3351490
CHEMBL3310777,N#Cc1c(O)nc(SCc2cccc(F)c2F)nc1-c1ccc(O)cc1,6.11,Antagonist activity against human recombinant CXCR2 receptor expressed in CHO cell membranes by SPA based [35S]GTPgammaS binding assay,CXCR2,CHEMBL3368862,CHEMBL3351490
CHEMBL3310778,Cc1cccc(-c2nc(SCc3cccc(F)c3F)nc(O)c2C#N)c1,5.33,Antagonist activity against human recombinant CXCR2 receptor expressed in CHO cell membranes by SPA based [35S]GTPgammaS binding assay,CXCR2,CHEMBL3368862,CHEMBL3351490
CHEMBL3310779,Cc1nc(SCc2cccc(F)c2F)nc(O)c1C#N,5.37,Antagonist activity against human recombinant CXCR2 receptor expressed in CHO cell membranes by SPA based [35S]GTPgammaS binding assay,CXCR2,CHEMBL3368862,CHEMBL3351490
CHEMBL3310780,CC(C)c1nc(SCc2cccc(F)c2F)nc(O)c1C#N,6.05,Antagonist activity against human recombinant CXCR2 receptor expressed in CHO cell membranes by SPA based [35S]GTPgammaS binding assay,CXCR2,CHEMBL3368862,CHEMBL3351490
CHEMBL3310781,N#Cc1c(O)nc(SCc2cccc(F)c2F)nc1C1CCCC1,5.31,Antagonist activity against human recombinant CXCR2 receptor expressed in CHO cell membranes by SPA based [35S]GTPgammaS binding assay,CXCR2,CHEMBL3368862,CHEMBL3351490
CHEMBL3310782,N#Cc1c(O)nc(SCc2cccc(F)c2F)nc1C1CCC1,5.77,Antagonist activity against human recombinant CXCR2 receptor expressed in CHO cell membranes by SPA based [35S]GTPgammaS binding assay,CXCR2,CHEMBL3368862,CHEMBL3351490
CHEMBL3310783,N#Cc1c(O)nc(SCc2cccc(F)c2F)nc1C1CC1,6.85,Antagonist activity against human recombinant CXCR2 receptor expressed in CHO cell membranes by SPA based [35S]GTPgammaS binding assay,CXCR2,CHEMBL3368862,CHEMBL3351490
CHEMBL3310784,CC(C)(C)c1nc(SCc2cccc(F)c2F)nc(O)c1C#N,5.43,Antagonist activity against human recombinant CXCR2 receptor expressed in CHO cell membranes by SPA based [35S]GTPgammaS binding assay,CXCR2,CHEMBL3368862,CHEMBL3351490
CHEMBL3310785,CCOC(=O)[C@H]1C[C@@H]1c1nc(SCc2cccc(F)c2F)nc(O)c1C#N,5.82,Antagonist activity against human recombinant CXCR2 receptor expressed in CHO cell membranes by SPA based [35S]GTPgammaS binding assay,CXCR2,CHEMBL3368862,CHEMBL3351490
CHEMBL3310785,CCOC(=O)[C@H]1C[C@@H]1c1nc(SCc2cccc(F)c2F)nc(O)c1C#N,6.5,Antagonist activity against human recombinant CXCR2 receptor expressed in CHO cell membranes by SPA based [35S]GTPgammaS binding assay,CXCR2,CHEMBL3368862,CHEMBL3351490
CHEMBL3310785,CCOC(=O)[C@H]1C[C@@H]1c1nc(SCc2cccc(F)c2F)nc(O)c1C#N,5.89,Antagonist activity against human recombinant CXCR2 receptor expressed in CHO cell membranes by SPA based [35S]GTPgammaS binding assay,CXCR2,CHEMBL3368862,CHEMBL3351490
CHEMBL3310786,N#Cc1c(O)nc(SCc2cccc(F)c2F)nc1[C@H]1C[C@@H]1C(=O)O,8.0,Antagonist activity against human recombinant CXCR2 receptor expressed in CHO cell membranes by SPA based [35S]GTPgammaS binding assay,CXCR2,CHEMBL3368862,CHEMBL3351490
CHEMBL3310787,N#Cc1c(O)nc(SCc2cccc(F)c2F)nc1[C@H]1C[C@@H]1CO,8.22,Antagonist activity against human recombinant CXCR2 receptor expressed in CHO cell membranes by SPA based [35S]GTPgammaS binding assay,CXCR2,CHEMBL3368862,CHEMBL3351490
CHEMBL3310788,N#Cc1c(O)nc(SCc2cccc(F)c2F)nc1[C@H]1C[C@@H]1C(N)=O,8.15,Antagonist activity against human recombinant CXCR2 receptor expressed in CHO cell membranes by SPA based [35S]GTPgammaS binding assay,CXCR2,CHEMBL3368862,CHEMBL3351490
CHEMBL3310789,N#Cc1c(O)nc(SCc2ccccc2)nc1C1CC1,6.29,Antagonist activity against human recombinant CXCR2 receptor expressed in CHO cell membranes by SPA based [35S]GTPgammaS binding assay,CXCR2,CHEMBL3368862,CHEMBL3351490
CHEMBL3310790,CC(Sc1nc(O)c(C#N)c(C2CC2)n1)c1ccccc1,5.32,Antagonist activity against human recombinant CXCR2 receptor expressed in CHO cell membranes by SPA based [35S]GTPgammaS binding assay,CXCR2,CHEMBL3368862,CHEMBL3351490
CHEMBL3310791,CC(C)(Sc1nc(O)c(C#N)c(C2CC2)n1)c1ccccc1,5.19,Antagonist activity against human recombinant CXCR2 receptor expressed in CHO cell membranes by SPA based [35S]GTPgammaS binding assay,CXCR2,CHEMBL3368862,CHEMBL3351490
CHEMBL3310793,N#Cc1c(O)nc(CSc2cccc(F)c2F)nc1C1CC1,5.0,Antagonist activity against human recombinant CXCR2 receptor expressed in CHO cell membranes by SPA based [35S]GTPgammaS binding assay,CXCR2,CHEMBL3368862,CHEMBL3351490
CHEMBL3310794,Oc1cc(C2CC2)nc(SCc2cccc(F)c2F)n1,6.5,Antagonist activity against human recombinant CXCR2 receptor expressed in CHO cell membranes by SPA based [35S]GTPgammaS binding assay,CXCR2,CHEMBL3368862,CHEMBL3351490
CHEMBL3311396,Oc1nc(SCc2cccc(F)c2F)nc(C2CC2)c1Br,5.85,Antagonist activity against human recombinant CXCR2 receptor expressed in CHO cell membranes by SPA based [35S]GTPgammaS binding assay,CXCR2,CHEMBL3368862,CHEMBL3351490
CHEMBL3311397,Oc1nc(SCc2cccc(F)c2F)nc(C2CC2)c1I,5.5,Antagonist activity against human recombinant CXCR2 receptor expressed in CHO cell membranes by SPA based [35S]GTPgammaS binding assay,CXCR2,CHEMBL3368862,CHEMBL3351490
CHEMBL3310768,N#Cc1c(O)nc(SCc2c(Cl)cccc2Cl)nc1-c1ccccc1,5.37,Displacement of [125I]-GRO-alpha from human recombinant CXCR2 receptor expressed in CHO cell membranes,CXCR2,CHEMBL3368863,CHEMBL3351490
CHEMBL3310783,N#Cc1c(O)nc(SCc2cccc(F)c2F)nc1C1CC1,7.4,Displacement of [125I]-GRO-alpha from human recombinant CXCR2 receptor expressed in CHO cell membranes,CXCR2,CHEMBL3368863,CHEMBL3351490
CHEMBL3342269,O=C(Nc1ccc(F)cc1)c1ccc(SCc2ccccc2B(O)O)nc1,7.22,Antagonist activity at human CXCR2 expressed in HEK293 cells assessed as inhibition of CVCL8-induced [35S]GTPgammaS binding after 60 mins,CXCR2,CHEMBL3386567,CHEMBL3352272
CHEMBL3342323,O=C(O)CN(C(=O)c1ccc(SCc2ccccc2B(O)O)nc1)c1ccc(F)cc1,5.7,Antagonist activity at CXCR2 in human PMNs assessed as inhibition of CXCL1-induced intracellular Ca2+ release by fluorescence based calcium flux assay,CXCR2,CHEMBL3386566,CHEMBL3352272
CHEMBL3342321,O=C(c1ccc(SCc2ccccc2B(O)O)nc1)N(Cc1ccncc1)c1ccc(F)cc1,6.05,Antagonist activity at CXCR2 in human PMNs assessed as inhibition of CXCL1-induced intracellular Ca2+ release by fluorescence based calcium flux assay,CXCR2,CHEMBL3386566,CHEMBL3352272
CHEMBL3342320,O=C(c1ccc(SCc2ccccc2B(O)O)nc1)N(Cc1ccccn1)c1ccc(F)cc1,7.11,Antagonist activity at CXCR2 in human PMNs assessed as inhibition of CXCL1-induced intracellular Ca2+ release by fluorescence based calcium flux assay,CXCR2,CHEMBL3386566,CHEMBL3352272
CHEMBL3342319,O=C(Nc1ccc(F)cn1)c1ccc(SCc2ccccc2B(O)O)nc1,6.53,Antagonist activity at CXCR2 in human PMNs assessed as inhibition of CXCL1-induced intracellular Ca2+ release by fluorescence based calcium flux assay,CXCR2,CHEMBL3386566,CHEMBL3352272
CHEMBL3342318,O=C(Nc1ccc(O)cc1)c1ccc(SCc2ccccc2B(O)O)nc1,6.98,Antagonist activity at CXCR2 in human PMNs assessed as inhibition of CXCL1-induced intracellular Ca2+ release by fluorescence based calcium flux assay,CXCR2,CHEMBL3386566,CHEMBL3352272
CHEMBL3342317,O=C(Nc1ccncc1)c1ccc(SCc2ccccc2B(O)O)nc1,6.28,Antagonist activity at CXCR2 in human PMNs assessed as inhibition of CXCL1-induced intracellular Ca2+ release by fluorescence based calcium flux assay,CXCR2,CHEMBL3386566,CHEMBL3352272
CHEMBL3342314,O=C(Nc1ccc(OC(F)(F)F)cc1)c1ccc(SCc2ccccc2B(O)O)nc1,6.56,Antagonist activity at CXCR2 in human PMNs assessed as inhibition of CXCL1-induced intracellular Ca2+ release by fluorescence based calcium flux assay,CXCR2,CHEMBL3386566,CHEMBL3352272
CHEMBL3342313,CC1(C)OB(c2ccccc2CSc2ccc(C(=O)Nc3ccc(F)cc3)cn2)OC1(C)C,6.56,Antagonist activity at CXCR2 in human PMNs assessed as inhibition of CXCL1-induced intracellular Ca2+ release by fluorescence based calcium flux assay,CXCR2,CHEMBL3386566,CHEMBL3352272
CHEMBL3342312,O=C(Nc1ccc(F)cc1)c1ccc(SCc2ccccc2-c2nn[nH]n2)nc1,6.77,Antagonist activity at CXCR2 in human PMNs assessed as inhibition of CXCL1-induced intracellular Ca2+ release by fluorescence based calcium flux assay,CXCR2,CHEMBL3386566,CHEMBL3352272
CHEMBL3342311,O=C(Nc1ccc(F)cc1)c1ccc(SCc2ccccc2C(=O)O)nc1,5.83,Antagonist activity at CXCR2 in human PMNs assessed as inhibition of CXCL1-induced intracellular Ca2+ release by fluorescence based calcium flux assay,CXCR2,CHEMBL3386566,CHEMBL3352272
CHEMBL3342310,COC(=O)c1ccccc1CSc1ccc(C(=O)Nc2ccc(F)cc2)cn1,6.12,Antagonist activity at CXCR2 in human PMNs assessed as inhibition of CXCL1-induced intracellular Ca2+ release by fluorescence based calcium flux assay,CXCR2,CHEMBL3386566,CHEMBL3352272
CHEMBL3342309,O=C(O)c1cccc(CSc2ccc(C(=O)Nc3ccc(F)cc3)cn2)c1,5.67,Antagonist activity at CXCR2 in human PMNs assessed as inhibition of CXCL1-induced intracellular Ca2+ release by fluorescence based calcium flux assay,CXCR2,CHEMBL3386566,CHEMBL3352272
CHEMBL3342304,O=C(Nc1ccc(F)cc1)c1ccc(SCc2ccccc2O)nc1,6.56,Antagonist activity at CXCR2 in human PMNs assessed as inhibition of CXCL1-induced intracellular Ca2+ release by fluorescence based calcium flux assay,CXCR2,CHEMBL3386566,CHEMBL3352272
CHEMBL3342303,O=C(Nc1ccc(F)cc1)c1ccc(SCc2ccc(Cl)c(Cl)c2)nc1,5.79,Antagonist activity at CXCR2 in human PMNs assessed as inhibition of CXCL1-induced intracellular Ca2+ release by fluorescence based calcium flux assay,CXCR2,CHEMBL3386566,CHEMBL3352272
CHEMBL3342291,O=C(Nc1ccc(F)cc1)c1ccc(SCc2ccccc2)nc1,6.41,Antagonist activity at CXCR2 in human PMNs assessed as inhibition of CXCL1-induced intracellular Ca2+ release by fluorescence based calcium flux assay,CXCR2,CHEMBL3386566,CHEMBL3352272
CHEMBL3342282,O=C(Nc1ccc(F)cc1)c1ccc(SCC2CCCO2)nc1,6.27,Antagonist activity at CXCR2 in human PMNs assessed as inhibition of CXCL1-induced intracellular Ca2+ release by fluorescence based calcium flux assay,CXCR2,CHEMBL3386566,CHEMBL3352272
CHEMBL3342269,O=C(Nc1ccc(F)cc1)c1ccc(SCc2ccccc2B(O)O)nc1,7.42,Antagonist activity at CXCR2 in human PMNs assessed as inhibition of CXCL1-induced intracellular Ca2+ release by fluorescence based calcium flux assay,CXCR2,CHEMBL3386566,CHEMBL3352272
CHEMBL3342270,O=C(Nc1ccc(F)cc1)c1ccc(SCc2nn[nH]n2)nc1,5.41,Antagonist activity at CXCR2 in human PMNs assessed as inhibition of CXCL1-induced intracellular Ca2+ release by fluorescence based calcium flux assay,CXCR2,CHEMBL3386566,CHEMBL3352272
CHEMBL3342269,O=C(Nc1ccc(F)cc1)c1ccc(SCc2ccccc2B(O)O)nc1,6.68,Antagonist activity at human CXCR2 expressed in HEK293 cells assessed as inhibition of CXCL8-induced intracellular Ca2+ release by fluorescence based calcium flux assay,CXCR2,CHEMBL3387793,CHEMBL3352272
CHEMBL239767,O=C(Nc1ccc([N+](=O)[O-])cc1O)Nc1ccccc1Br,7.4,Antagonist activity at human CXCR2 expressed in HEK293 cells assessed as inhibition of CXCL8-induced intracellular Ca2+ release by fluorescence based calcium flux assay,CXCR2,CHEMBL3387793,CHEMBL3352272
CHEMBL239767,O=C(Nc1ccc([N+](=O)[O-])cc1O)Nc1ccccc1Br,7.52,Antagonist activity at CXCR2 in human PMNs assessed as inhibition of CXCL1-induced intracellular Ca2+ release by fluorescence based calcium flux assay,CXCR2,CHEMBL3386566,CHEMBL3352272
CHEMBL397237,C[C@H](CO)Nc1nc(SCc2cccc(F)c2F)nc2nc(N)sc12,8.4,Displacement of [125I]IL-8 from human recombinant CXCR2 receptor expressed in HEK293 cells by scintillation counting analysis,CXCR2,CHEMBL3404716,CHEMBL3400046
CHEMBL446458,C[C@H](CO)Nc1nc(SCc2cccc(F)c2F)nc2[nH]c(=O)sc12,9.0,Displacement of [125I]IL-8 from human recombinant CXCR2 receptor expressed in HEK293 cells by scintillation counting analysis,CXCR2,CHEMBL3404716,CHEMBL3400046
CHEMBL3403828,C[C@H](CO)Nc1cc(C(=O)O)nc(SCc2ccccc2)n1,6.4,Displacement of [125I]IL-8 from human recombinant CXCR2 receptor expressed in HEK293 cells by scintillation counting analysis,CXCR2,CHEMBL3404716,CHEMBL3400046
CHEMBL3403829,C[C@H](CO)Nc1cc(C(=O)NS(C)(=O)=O)nc(SCc2ccccc2)n1,6.1,Displacement of [125I]IL-8 from human recombinant CXCR2 receptor expressed in HEK293 cells by scintillation counting analysis,CXCR2,CHEMBL3404716,CHEMBL3400046
CHEMBL3403830,C[C@H](CO)Nc1cc(NS(C)(=O)=O)nc(SCc2ccccc2)n1,7.1,Displacement of [125I]IL-8 from human recombinant CXCR2 receptor expressed in HEK293 cells by scintillation counting analysis,CXCR2,CHEMBL3404716,CHEMBL3400046
CHEMBL3403831,C[C@H](O)CNc1cc(NS(C)(=O)=O)nc(SCc2ccccc2)n1,5.1,Displacement of [125I]IL-8 from human recombinant CXCR2 receptor expressed in HEK293 cells by scintillation counting analysis,CXCR2,CHEMBL3404716,CHEMBL3400046
CHEMBL3403832,CS(=O)(=O)Nc1cc(NCCO)nc(SCc2ccccc2)n1,5.5,Displacement of [125I]IL-8 from human recombinant CXCR2 receptor expressed in HEK293 cells by scintillation counting analysis,CXCR2,CHEMBL3404716,CHEMBL3400046
CHEMBL3403833,CC[C@H](CO)Nc1cc(NS(C)(=O)=O)nc(SCc2ccccc2)n1,6.4,Displacement of [125I]IL-8 from human recombinant CXCR2 receptor expressed in HEK293 cells by scintillation counting analysis,CXCR2,CHEMBL3404716,CHEMBL3400046
CHEMBL3403834,C[C@H](CO)Nc1cc(NS(C)(=O)=O)nc(SCc2cccc(F)c2F)n1,7.5,Displacement of [125I]IL-8 from human recombinant CXCR2 receptor expressed in HEK293 cells by scintillation counting analysis,CXCR2,CHEMBL3404716,CHEMBL3400046
CHEMBL3403835,C[C@H](CO)Nc1cc(NS(C)(=O)=O)nc(SCc2cccc(Cl)c2F)n1,7.9,Displacement of [125I]IL-8 from human recombinant CXCR2 receptor expressed in HEK293 cells by scintillation counting analysis,CXCR2,CHEMBL3404716,CHEMBL3400046
CHEMBL3403836,C[C@H](CO)Nc1cc(NS(C)(=O)=O)nc(SCc2cccc(Cl)c2Cl)n1,6.8,Displacement of [125I]IL-8 from human recombinant CXCR2 receptor expressed in HEK293 cells by scintillation counting analysis,CXCR2,CHEMBL3404716,CHEMBL3400046
CHEMBL3403837,C[C@H](CO)Nc1cc(NS(C)(=O)=O)nc(SCCOc2cccc(F)c2F)n1,6.2,Displacement of [125I]IL-8 from human recombinant CXCR2 receptor expressed in HEK293 cells by scintillation counting analysis,CXCR2,CHEMBL3404716,CHEMBL3400046
CHEMBL3403838,CCCS(=O)(=O)Nc1cc(N[C@H](C)CO)nc(SCc2ccccc2)n1,6.8,Displacement of [125I]IL-8 from human recombinant CXCR2 receptor expressed in HEK293 cells by scintillation counting analysis,CXCR2,CHEMBL3404716,CHEMBL3400046
CHEMBL3403839,C[C@H](CO)Nc1cc(NS(=O)(=O)Cc2ccccc2)nc(SCc2ccccc2)n1,7.3,Displacement of [125I]IL-8 from human recombinant CXCR2 receptor expressed in HEK293 cells by scintillation counting analysis,CXCR2,CHEMBL3404716,CHEMBL3400046
CHEMBL3403840,C[C@H](CO)Nc1cc(NS(=O)(=O)C(F)(F)F)nc(SCc2ccccc2)n1,8.0,Displacement of [125I]IL-8 from human recombinant CXCR2 receptor expressed in HEK293 cells by scintillation counting analysis,CXCR2,CHEMBL3404716,CHEMBL3400046
CHEMBL3403841,C[C@H](CO)Nc1cc(NS(=O)(=O)c2ccccc2)nc(SCc2ccccc2)n1,7.1,Displacement of [125I]IL-8 from human recombinant CXCR2 receptor expressed in HEK293 cells by scintillation counting analysis,CXCR2,CHEMBL3404716,CHEMBL3400046
CHEMBL3403842,C[C@H](CO)Nc1cc(NS(=O)(=O)c2ccc(Cl)cc2)nc(SCc2ccccc2)n1,7.5,Displacement of [125I]IL-8 from human recombinant CXCR2 receptor expressed in HEK293 cells by scintillation counting analysis,CXCR2,CHEMBL3404716,CHEMBL3400046
CHEMBL3403843,C[C@H](CO)Nc1cc(NS(=O)(=O)c2ccc(C#N)cc2)nc(SCc2ccccc2)n1,7.6,Displacement of [125I]IL-8 from human recombinant CXCR2 receptor expressed in HEK293 cells by scintillation counting analysis,CXCR2,CHEMBL3404716,CHEMBL3400046
CHEMBL3403845,C[C@H](CO)Nc1cc(NS(=O)(=O)N(C)C)nc(SCc2ccccc2)n1,7.2,Displacement of [125I]IL-8 from human recombinant CXCR2 receptor expressed in HEK293 cells by scintillation counting analysis,CXCR2,CHEMBL3404716,CHEMBL3400046
CHEMBL3403846,C[C@H](CO)Nc1cc(NS(=O)(=O)c2cn(C)cn2)nc(SCc2cccc(F)c2F)n1,7.5,Displacement of [125I]IL-8 from human recombinant CXCR2 receptor expressed in HEK293 cells by scintillation counting analysis,CXCR2,CHEMBL3404716,CHEMBL3400046
CHEMBL3403847,C[C@H](CO)Nc1cc(NS(=O)(=O)c2cn(C)cn2)nc(SCc2cccc(Cl)c2F)n1,7.9,Displacement of [125I]IL-8 from human recombinant CXCR2 receptor expressed in HEK293 cells by scintillation counting analysis,CXCR2,CHEMBL3404716,CHEMBL3400046
CHEMBL3403848,C[C@H](CO)Nc1cc(NS(=O)(=O)N(C)C)nc(SCc2cccc(Cl)c2F)n1,8.3,Displacement of [125I]IL-8 from human recombinant CXCR2 receptor expressed in HEK293 cells by scintillation counting analysis,CXCR2,CHEMBL3404716,CHEMBL3400046
CHEMBL3403849,C[C@H](CO)Nc1cc(NS(=O)(=O)N2CCNCC2)nc(SCc2cccc(Cl)c2F)n1,8.1,Displacement of [125I]IL-8 from human recombinant CXCR2 receptor expressed in HEK293 cells by scintillation counting analysis,CXCR2,CHEMBL3404716,CHEMBL3400046
CHEMBL3403850,C[C@H](CO)Nc1cc(NS(=O)(=O)N2CCC2)nc(SCc2cccc(F)c2F)n1,8.4,Displacement of [125I]IL-8 from human recombinant CXCR2 receptor expressed in HEK293 cells by scintillation counting analysis,CXCR2,CHEMBL3404716,CHEMBL3400046
CHEMBL3403851,C[C@H](CO)Nc1cc(NS(=O)(=O)N2CCC2)nc(SCc2cccc(Cl)c2F)n1,8.6,Displacement of [125I]IL-8 from human recombinant CXCR2 receptor expressed in HEK293 cells by scintillation counting analysis,CXCR2,CHEMBL3404716,CHEMBL3400046
CHEMBL3403852,C[C@H](CO)Nc1cc(NS(=O)(=O)N2CCCC2)nc(SCc2cccc(F)c2F)n1,8.1,Displacement of [125I]IL-8 from human recombinant CXCR2 receptor expressed in HEK293 cells by scintillation counting analysis,CXCR2,CHEMBL3404716,CHEMBL3400046
CHEMBL3403853,C[C@H](CO)Nc1cc(NS(=O)(=O)N2CCCCC2)nc(SCc2cccc(F)c2F)n1,8.1,Displacement of [125I]IL-8 from human recombinant CXCR2 receptor expressed in HEK293 cells by scintillation counting analysis,CXCR2,CHEMBL3404716,CHEMBL3400046
CHEMBL3403854,C[C@H](CO)Nc1cc(NS(=O)(=O)N2CCOCC2)nc(SCc2cccc(F)c2F)n1,8.4,Displacement of [125I]IL-8 from human recombinant CXCR2 receptor expressed in HEK293 cells by scintillation counting analysis,CXCR2,CHEMBL3404716,CHEMBL3400046
CHEMBL3403855,C[C@H](CO)Nc1cc(NS(=O)(=O)N2CCOCC2)nc(SCc2cccc(Cl)c2F)n1,8.3,Displacement of [125I]IL-8 from human recombinant CXCR2 receptor expressed in HEK293 cells by scintillation counting analysis,CXCR2,CHEMBL3404716,CHEMBL3400046
CHEMBL3426944,O=C(Nc1ccc(F)cc1)c1ccc(SCc2cc(OC(F)(F)F)ccc2B(O)O)nc1,6.89,Inhibition of CXCR2 (unknown origin) expressed in PathHunter celline by beta-arrestin assay,CXCR2,CHEMBL3427963,CHEMBL3425456
CHEMBL3342269,O=C(Nc1ccc(F)cc1)c1ccc(SCc2ccccc2B(O)O)nc1,6.14,Inhibition of CXCR2 (unknown origin) expressed in PathHunter celline by beta-arrestin assay,CXCR2,CHEMBL3427963,CHEMBL3425456
CHEMBL3426944,O=C(Nc1ccc(F)cc1)c1ccc(SCc2cc(OC(F)(F)F)ccc2B(O)O)nc1,7.68,Inhibition of CXCR2 (unknown origin) transfected with RBL cells,CXCR2,CHEMBL3427962,CHEMBL3425456
CHEMBL3342269,O=C(Nc1ccc(F)cc1)c1ccc(SCc2ccccc2B(O)O)nc1,6.45,Inhibition of CXCR2 (unknown origin) transfected with RBL cells,CXCR2,CHEMBL3427962,CHEMBL3425456
CHEMBL3609011,CN(Cc1ccc(B(O)O)cc1)c1ncc(C(=O)Nc2ccc(F)cc2)cn1,6.92,Antagonist activity at CXCR2 (unknown origin) transfected in RBL cells assessed as inhibition of IL-8-mediated intracellular calcium release preincubated for 30 mins followed by IL-8 addition by FLUO-4AM-based fluorescent microplate reader analysis,CXCR2,CHEMBL3610856,CHEMBL3608245
CHEMBL3609010,O=C(Nc1ccc(F)cc1)c1cnc(NCc2ccc(B(O)O)cc2)nc1,5.58,Antagonist activity at CXCR2 (unknown origin) transfected in RBL cells assessed as inhibition of IL-8-mediated intracellular calcium release preincubated for 30 mins followed by IL-8 addition by FLUO-4AM-based fluorescent microplate reader analysis,CXCR2,CHEMBL3610856,CHEMBL3608245
CHEMBL3609009,CN(Cc1cccc(B(O)O)c1)c1ncc(C(=O)Nc2ccc(F)cc2)cn1,5.6,Antagonist activity at CXCR2 (unknown origin) transfected in RBL cells assessed as inhibition of IL-8-mediated intracellular calcium release preincubated for 30 mins followed by IL-8 addition by FLUO-4AM-based fluorescent microplate reader analysis,CXCR2,CHEMBL3610856,CHEMBL3608245
CHEMBL3609008,O=C(Nc1ccc(F)cc1)c1cnc(NCc2cccc(B(O)O)c2)nc1,6.04,Antagonist activity at CXCR2 (unknown origin) transfected in RBL cells assessed as inhibition of IL-8-mediated intracellular calcium release preincubated for 30 mins followed by IL-8 addition by FLUO-4AM-based fluorescent microplate reader analysis,CXCR2,CHEMBL3610856,CHEMBL3608245
CHEMBL3609006,CN(Cc1ccc(B(O)O)cn1)c1ccc(C(=O)Nc2ccc(F)cc2)cn1,7.09,Antagonist activity at CXCR2 (unknown origin) transfected in RBL cells assessed as inhibition of IL-8-mediated intracellular calcium release preincubated for 30 mins followed by IL-8 addition by FLUO-4AM-based fluorescent microplate reader analysis,CXCR2,CHEMBL3610856,CHEMBL3608245
CHEMBL3609005,CN(Cc1ccc(B(O)O)cc1)c1ccc(C(=O)Nc2ccc(F)cc2)cn1,5.96,Antagonist activity at CXCR2 (unknown origin) transfected in RBL cells assessed as inhibition of IL-8-mediated intracellular calcium release preincubated for 30 mins followed by IL-8 addition by FLUO-4AM-based fluorescent microplate reader analysis,CXCR2,CHEMBL3610856,CHEMBL3608245
CHEMBL3609004,O=C(Nc1ccc(F)cc1)c1ccc(NCc2ccc(B(O)O)cc2)nc1,5.66,Antagonist activity at CXCR2 (unknown origin) transfected in RBL cells assessed as inhibition of IL-8-mediated intracellular calcium release preincubated for 30 mins followed by IL-8 addition by FLUO-4AM-based fluorescent microplate reader analysis,CXCR2,CHEMBL3610856,CHEMBL3608245
CHEMBL3609003,CN(Cc1cccc(B(O)O)c1)c1ccc(C(=O)Nc2ccc(F)cc2)cn1,6.39,Antagonist activity at CXCR2 (unknown origin) transfected in RBL cells assessed as inhibition of IL-8-mediated intracellular calcium release preincubated for 30 mins followed by IL-8 addition by FLUO-4AM-based fluorescent microplate reader analysis,CXCR2,CHEMBL3610856,CHEMBL3608245
CHEMBL3609002,O=C(Nc1ccc(F)cc1)c1ccc(NCc2cccc(B(O)O)c2)nc1,6.13,Antagonist activity at CXCR2 (unknown origin) transfected in RBL cells assessed as inhibition of IL-8-mediated intracellular calcium release preincubated for 30 mins followed by IL-8 addition by FLUO-4AM-based fluorescent microplate reader analysis,CXCR2,CHEMBL3610856,CHEMBL3608245
CHEMBL3609012,CN(Cc1ccc(B(O)O)cn1)c1ncc(C(=O)Nc2ccc(F)cc2)cn1,6.03,Antagonist activity at CXCR2 (unknown origin) transfected in RBL cells assessed as inhibition of IL-8-mediated intracellular calcium release preincubated for 30 mins followed by IL-8 addition by FLUO-4AM-based fluorescent microplate reader analysis,CXCR2,CHEMBL3610856,CHEMBL3608245
CHEMBL3609013,O=C(Nc1ccc(F)cc1)c1ccc(N(Cc2ccccc2)Cc2ccc(B(O)O)cn2)nc1,6.53,Antagonist activity at CXCR2 (unknown origin) transfected in RBL cells assessed as inhibition of IL-8-mediated intracellular calcium release preincubated for 30 mins followed by IL-8 addition by FLUO-4AM-based fluorescent microplate reader analysis,CXCR2,CHEMBL3610856,CHEMBL3608245
CHEMBL3609014,O=C(Nc1ccc(F)cc1)c1ccc(N(Cc2ccccn2)Cc2ccc(B(O)O)cn2)nc1,5.31,Antagonist activity at CXCR2 (unknown origin) transfected in RBL cells assessed as inhibition of IL-8-mediated intracellular calcium release preincubated for 30 mins followed by IL-8 addition by FLUO-4AM-based fluorescent microplate reader analysis,CXCR2,CHEMBL3610856,CHEMBL3608245
CHEMBL3609015,O=C(Nc1ccc(F)cc1)c1ccc(N(Cc2ccc(B(O)O)cn2)CC2CCOCC2)nc1,5.64,Antagonist activity at CXCR2 (unknown origin) transfected in RBL cells assessed as inhibition of IL-8-mediated intracellular calcium release preincubated for 30 mins followed by IL-8 addition by FLUO-4AM-based fluorescent microplate reader analysis,CXCR2,CHEMBL3610856,CHEMBL3608245
CHEMBL3609016,O=C(Nc1ccc(F)cc1)c1ccc(N(Cc2ccc(B(O)O)cn2)Cc2ccco2)nc1,7.68,Antagonist activity at CXCR2 (unknown origin) transfected in RBL cells assessed as inhibition of IL-8-mediated intracellular calcium release preincubated for 30 mins followed by IL-8 addition by FLUO-4AM-based fluorescent microplate reader analysis,CXCR2,CHEMBL3610856,CHEMBL3608245
CHEMBL3609018,O=C(Nc1ccc(F)cc1)c1cnc(N(Cc2ccccc2)Cc2ccc(B(O)O)cn2)nc1,8.4,Antagonist activity at CXCR2 (unknown origin) transfected in RBL cells assessed as inhibition of IL-8-mediated intracellular calcium release preincubated for 30 mins followed by IL-8 addition by FLUO-4AM-based fluorescent microplate reader analysis,CXCR2,CHEMBL3610856,CHEMBL3608245
CHEMBL3609019,O=C(Nc1ccc(F)cc1)c1cnc(N(Cc2ccccn2)Cc2ccc(B(O)O)cn2)nc1,5.37,Antagonist activity at CXCR2 (unknown origin) transfected in RBL cells assessed as inhibition of IL-8-mediated intracellular calcium release preincubated for 30 mins followed by IL-8 addition by FLUO-4AM-based fluorescent microplate reader analysis,CXCR2,CHEMBL3610856,CHEMBL3608245
CHEMBL3609021,O=C(Nc1ccc(F)cc1)c1cnc(N(Cc2ccc(B(O)O)cn2)Cc2ccco2)nc1,6.18,Antagonist activity at CXCR2 (unknown origin) transfected in RBL cells assessed as inhibition of IL-8-mediated intracellular calcium release preincubated for 30 mins followed by IL-8 addition by FLUO-4AM-based fluorescent microplate reader analysis,CXCR2,CHEMBL3610856,CHEMBL3608245
CHEMBL3426944,O=C(Nc1ccc(F)cc1)c1ccc(SCc2cc(OC(F)(F)F)ccc2B(O)O)nc1,7.68,Antagonist activity at CXCR2 (unknown origin) transfected in RBL cells assessed as inhibition of IL-8-mediated intracellular calcium release preincubated for 30 mins followed by IL-8 addition by FLUO-4AM-based fluorescent microplate reader analysis,CXCR2,CHEMBL3610856,CHEMBL3608245
CHEMBL3704573,Cc1ccc([C@H](Nc2c(Nc3ccc(Cl)c(S(=O)(=O)N4CCN(C)CC4)c3O)c(=O)c2=O)C2(C)COC2)o1,7.52,"In Vitro Assay: The in vitro affinity of the compounds of the present invention for the CXCR1 and CXCR2 receptors was determined on a functional test of the .beta.-arrestin recruitment type after receptor activation.It was demonstrated that the activation by CXCL8 of the CXCR2 receptor in cells of the PathHunter HEK293-CXCR2 line or of the CXCR1 receptor in cells of the U2OS h CXCR1 .beta.-arrestin line results in the recruitment of .beta.-arrestin (Richardson et al. 2003 Role of the cytoplasmic tails of CXCR1 and CXCR2 in mediating leukocyte migration, activation, and regulation. J. Immunol. 170: 2904-2911.)In order to evaluate the direct interaction of the CXCR2 or CXCR1 receptor with .beta.-arrestin 2, a .beta.-arrestin 2 recruitment test for CXCR2 or CXCR1 based on of .beta.-galactosidase enzyme complementation (Olson K R, Eglen R M. Beta galactosidase complementation: a cell-based luminescent assay platform for drug discovery. Assay Drug Dev Technol. 2007 February; 5(1); 137-44).",CXCR2,CHEMBL3707937,CHEMBL3638995
CHEMBL3640000,COC(=O)[C@@H]1CCCN1C(=O)c1cccc(Nc2c(N[C@@H](c3ccc(C)o3)C3(C)COC3)c(=O)c2=O)c1O,7.22,"In Vitro Assay: The in vitro affinity of the compounds of the present invention for the CXCR1 and CXCR2 receptors was determined on a functional test of the .beta.-arrestin recruitment type after receptor activation.It was demonstrated that the activation by CXCL8 of the CXCR2 receptor in cells of the PathHunter HEK293-CXCR2 line or of the CXCR1 receptor in cells of the U2OS h CXCR1 .beta.-arrestin line results in the recruitment of .beta.-arrestin (Richardson et al. 2003 Role of the cytoplasmic tails of CXCR1 and CXCR2 in mediating leukocyte migration, activation, and regulation. J. Immunol. 170: 2904-2911.)In order to evaluate the direct interaction of the CXCR2 or CXCR1 receptor with .beta.-arrestin 2, a .beta.-arrestin 2 recruitment test for CXCR2 or CXCR1 based on of .beta.-galactosidase enzyme complementation (Olson K R, Eglen R M. Beta galactosidase complementation: a cell-based luminescent assay platform for drug discovery. Assay Drug Dev Technol. 2007 February; 5(1); 137-44).",CXCR2,CHEMBL3707937,CHEMBL3638995
CHEMBL3704574,Cc1ccc([C@@H](Nc2c(Nc3cccc(C(=O)N(C)C)c3O)c(=O)c2=O)C2(C)COC2)o1,6.13,"In Vitro Assay: The in vitro affinity of the compounds of the present invention for the CXCR1 and CXCR2 receptors was determined on a functional test of the .beta.-arrestin recruitment type after receptor activation.It was demonstrated that the activation by CXCL8 of the CXCR2 receptor in cells of the PathHunter HEK293-CXCR2 line or of the CXCR1 receptor in cells of the U2OS h CXCR1 .beta.-arrestin line results in the recruitment of .beta.-arrestin (Richardson et al. 2003 Role of the cytoplasmic tails of CXCR1 and CXCR2 in mediating leukocyte migration, activation, and regulation. J. Immunol. 170: 2904-2911.)In order to evaluate the direct interaction of the CXCR2 or CXCR1 receptor with .beta.-arrestin 2, a .beta.-arrestin 2 recruitment test for CXCR2 or CXCR1 based on of .beta.-galactosidase enzyme complementation (Olson K R, Eglen R M. Beta galactosidase complementation: a cell-based luminescent assay platform for drug discovery. Assay Drug Dev Technol. 2007 February; 5(1); 137-44).",CXCR2,CHEMBL3707937,CHEMBL3638995
CHEMBL3701194,Cc1ccc(C(Nc2c(Nc3cccnc3O)c(=O)c2=O)C2(C)COC2)o1,6.47,"In Vitro Assay: The in vitro affinity of the compounds of the present invention for the CXCR1 and CXCR2 receptors was determined on a functional test of the .beta.-arrestin recruitment type after receptor activation.It was demonstrated that the activation by CXCL8 of the CXCR2 receptor in cells of the PathHunter HEK293-CXCR2 line or of the CXCR1 receptor in cells of the U2OS h CXCR1 .beta.-arrestin line results in the recruitment of .beta.-arrestin (Richardson et al. 2003 Role of the cytoplasmic tails of CXCR1 and CXCR2 in mediating leukocyte migration, activation, and regulation. J. Immunol. 170: 2904-2911.)In order to evaluate the direct interaction of the CXCR2 or CXCR1 receptor with .beta.-arrestin 2, a .beta.-arrestin 2 recruitment test for CXCR2 or CXCR1 based on of .beta.-galactosidase enzyme complementation (Olson K R, Eglen R M. Beta galactosidase complementation: a cell-based luminescent assay platform for drug discovery. Assay Drug Dev Technol. 2007 February; 5(1); 137-44).",CXCR2,CHEMBL3707937,CHEMBL3638995
CHEMBL3704568,Cc1ccc(C(Nc2c(Nc3cccc(C#N)c3O)c(=O)c2=O)C2(C)COC2)o1,6.51,"In Vitro Assay: The in vitro affinity of the compounds of the present invention for the CXCR1 and CXCR2 receptors was determined on a functional test of the .beta.-arrestin recruitment type after receptor activation.It was demonstrated that the activation by CXCL8 of the CXCR2 receptor in cells of the PathHunter HEK293-CXCR2 line or of the CXCR1 receptor in cells of the U2OS h CXCR1 .beta.-arrestin line results in the recruitment of .beta.-arrestin (Richardson et al. 2003 Role of the cytoplasmic tails of CXCR1 and CXCR2 in mediating leukocyte migration, activation, and regulation. J. Immunol. 170: 2904-2911.)In order to evaluate the direct interaction of the CXCR2 or CXCR1 receptor with .beta.-arrestin 2, a .beta.-arrestin 2 recruitment test for CXCR2 or CXCR1 based on of .beta.-galactosidase enzyme complementation (Olson K R, Eglen R M. Beta galactosidase complementation: a cell-based luminescent assay platform for drug discovery. Assay Drug Dev Technol. 2007 February; 5(1); 137-44).",CXCR2,CHEMBL3707937,CHEMBL3638995
CHEMBL3701195,Cc1ccc(C(Nc2c(Nc3cccc(S(=O)(=O)N(C)C)c3O)c(=O)c2=O)C2(C)COC2)o1,6.59,"In Vitro Assay: The in vitro affinity of the compounds of the present invention for the CXCR1 and CXCR2 receptors was determined on a functional test of the .beta.-arrestin recruitment type after receptor activation.It was demonstrated that the activation by CXCL8 of the CXCR2 receptor in cells of the PathHunter HEK293-CXCR2 line or of the CXCR1 receptor in cells of the U2OS h CXCR1 .beta.-arrestin line results in the recruitment of .beta.-arrestin (Richardson et al. 2003 Role of the cytoplasmic tails of CXCR1 and CXCR2 in mediating leukocyte migration, activation, and regulation. J. Immunol. 170: 2904-2911.)In order to evaluate the direct interaction of the CXCR2 or CXCR1 receptor with .beta.-arrestin 2, a .beta.-arrestin 2 recruitment test for CXCR2 or CXCR1 based on of .beta.-galactosidase enzyme complementation (Olson K R, Eglen R M. Beta galactosidase complementation: a cell-based luminescent assay platform for drug discovery. Assay Drug Dev Technol. 2007 February; 5(1); 137-44).",CXCR2,CHEMBL3707937,CHEMBL3638995
CHEMBL3704555,Cc1cc(C(Nc2c(Nc3cccc(C(=O)N(C)C)c3O)c(=O)c2=O)C2(C)COC2)oc1C,6.61,"In Vitro Assay: The in vitro affinity of the compounds of the present invention for the CXCR1 and CXCR2 receptors was determined on a functional test of the .beta.-arrestin recruitment type after receptor activation.It was demonstrated that the activation by CXCL8 of the CXCR2 receptor in cells of the PathHunter HEK293-CXCR2 line or of the CXCR1 receptor in cells of the U2OS h CXCR1 .beta.-arrestin line results in the recruitment of .beta.-arrestin (Richardson et al. 2003 Role of the cytoplasmic tails of CXCR1 and CXCR2 in mediating leukocyte migration, activation, and regulation. J. Immunol. 170: 2904-2911.)In order to evaluate the direct interaction of the CXCR2 or CXCR1 receptor with .beta.-arrestin 2, a .beta.-arrestin 2 recruitment test for CXCR2 or CXCR1 based on of .beta.-galactosidase enzyme complementation (Olson K R, Eglen R M. Beta galactosidase complementation: a cell-based luminescent assay platform for drug discovery. Assay Drug Dev Technol. 2007 February; 5(1); 137-44).",CXCR2,CHEMBL3707937,CHEMBL3638995
CHEMBL3701191,Cc1ccc(C(Nc2c(Nc3cccc(C(=O)N4CCCC4)c3O)c(=O)c2=O)C2(C)COC2)o1,6.58,"In Vitro Assay: The in vitro affinity of the compounds of the present invention for the CXCR1 and CXCR2 receptors was determined on a functional test of the .beta.-arrestin recruitment type after receptor activation.It was demonstrated that the activation by CXCL8 of the CXCR2 receptor in cells of the PathHunter HEK293-CXCR2 line or of the CXCR1 receptor in cells of the U2OS h CXCR1 .beta.-arrestin line results in the recruitment of .beta.-arrestin (Richardson et al. 2003 Role of the cytoplasmic tails of CXCR1 and CXCR2 in mediating leukocyte migration, activation, and regulation. J. Immunol. 170: 2904-2911.)In order to evaluate the direct interaction of the CXCR2 or CXCR1 receptor with .beta.-arrestin 2, a .beta.-arrestin 2 recruitment test for CXCR2 or CXCR1 based on of .beta.-galactosidase enzyme complementation (Olson K R, Eglen R M. Beta galactosidase complementation: a cell-based luminescent assay platform for drug discovery. Assay Drug Dev Technol. 2007 February; 5(1); 137-44).",CXCR2,CHEMBL3707937,CHEMBL3638995
CHEMBL3704566,COc1ccc(Nc2c(NC(c3ccc(C)o3)C3(C)COC3)c(=O)c2=O)c(O)n1,5.99,"In Vitro Assay: The in vitro affinity of the compounds of the present invention for the CXCR1 and CXCR2 receptors was determined on a functional test of the .beta.-arrestin recruitment type after receptor activation.It was demonstrated that the activation by CXCL8 of the CXCR2 receptor in cells of the PathHunter HEK293-CXCR2 line or of the CXCR1 receptor in cells of the U2OS h CXCR1 .beta.-arrestin line results in the recruitment of .beta.-arrestin (Richardson et al. 2003 Role of the cytoplasmic tails of CXCR1 and CXCR2 in mediating leukocyte migration, activation, and regulation. J. Immunol. 170: 2904-2911.)In order to evaluate the direct interaction of the CXCR2 or CXCR1 receptor with .beta.-arrestin 2, a .beta.-arrestin 2 recruitment test for CXCR2 or CXCR1 based on of .beta.-galactosidase enzyme complementation (Olson K R, Eglen R M. Beta galactosidase complementation: a cell-based luminescent assay platform for drug discovery. Assay Drug Dev Technol. 2007 February; 5(1); 137-44).",CXCR2,CHEMBL3707937,CHEMBL3638995
CHEMBL3704560,COC(=O)C1CCCN1C(=O)c1cccc(Nc2c(NC(c3ccc(C)o3)C3(C)COC3)c(=O)c2=O)c1O,6.02,"In Vitro Assay: The in vitro affinity of the compounds of the present invention for the CXCR1 and CXCR2 receptors was determined on a functional test of the .beta.-arrestin recruitment type after receptor activation.It was demonstrated that the activation by CXCL8 of the CXCR2 receptor in cells of the PathHunter HEK293-CXCR2 line or of the CXCR1 receptor in cells of the U2OS h CXCR1 .beta.-arrestin line results in the recruitment of .beta.-arrestin (Richardson et al. 2003 Role of the cytoplasmic tails of CXCR1 and CXCR2 in mediating leukocyte migration, activation, and regulation. J. Immunol. 170: 2904-2911.)In order to evaluate the direct interaction of the CXCR2 or CXCR1 receptor with .beta.-arrestin 2, a .beta.-arrestin 2 recruitment test for CXCR2 or CXCR1 based on of .beta.-galactosidase enzyme complementation (Olson K R, Eglen R M. Beta galactosidase complementation: a cell-based luminescent assay platform for drug discovery. Assay Drug Dev Technol. 2007 February; 5(1); 137-44).",CXCR2,CHEMBL3707937,CHEMBL3638995
CHEMBL3701185,Cc1ccc(C(Nc2c(Nc3cccc(C(=O)N4CC[C@@H](O)C4)c3O)c(=O)c2=O)C2(C)COC2)o1,6.47,"In Vitro Assay: The in vitro affinity of the compounds of the present invention for the CXCR1 and CXCR2 receptors was determined on a functional test of the .beta.-arrestin recruitment type after receptor activation.It was demonstrated that the activation by CXCL8 of the CXCR2 receptor in cells of the PathHunter HEK293-CXCR2 line or of the CXCR1 receptor in cells of the U2OS h CXCR1 .beta.-arrestin line results in the recruitment of .beta.-arrestin (Richardson et al. 2003 Role of the cytoplasmic tails of CXCR1 and CXCR2 in mediating leukocyte migration, activation, and regulation. J. Immunol. 170: 2904-2911.)In order to evaluate the direct interaction of the CXCR2 or CXCR1 receptor with .beta.-arrestin 2, a .beta.-arrestin 2 recruitment test for CXCR2 or CXCR1 based on of .beta.-galactosidase enzyme complementation (Olson K R, Eglen R M. Beta galactosidase complementation: a cell-based luminescent assay platform for drug discovery. Assay Drug Dev Technol. 2007 February; 5(1); 137-44).",CXCR2,CHEMBL3707937,CHEMBL3638995
CHEMBL3701186,Cc1ccc(C(Nc2c(Nc3cccc(C(=O)N4CC[C@H](O)C4)c3O)c(=O)c2=O)C2(C)COC2)o1,5.96,"In Vitro Assay: The in vitro affinity of the compounds of the present invention for the CXCR1 and CXCR2 receptors was determined on a functional test of the .beta.-arrestin recruitment type after receptor activation.It was demonstrated that the activation by CXCL8 of the CXCR2 receptor in cells of the PathHunter HEK293-CXCR2 line or of the CXCR1 receptor in cells of the U2OS h CXCR1 .beta.-arrestin line results in the recruitment of .beta.-arrestin (Richardson et al. 2003 Role of the cytoplasmic tails of CXCR1 and CXCR2 in mediating leukocyte migration, activation, and regulation. J. Immunol. 170: 2904-2911.)In order to evaluate the direct interaction of the CXCR2 or CXCR1 receptor with .beta.-arrestin 2, a .beta.-arrestin 2 recruitment test for CXCR2 or CXCR1 based on of .beta.-galactosidase enzyme complementation (Olson K R, Eglen R M. Beta galactosidase complementation: a cell-based luminescent assay platform for drug discovery. Assay Drug Dev Technol. 2007 February; 5(1); 137-44).",CXCR2,CHEMBL3707937,CHEMBL3638995
CHEMBL3704558,CN(C)C(=O)c1cccc(Nc2c(NC(c3ccc4c(c3)OCO4)C3(C)COC3)c(=O)c2=O)c1O,6.46,"In Vitro Assay: The in vitro affinity of the compounds of the present invention for the CXCR1 and CXCR2 receptors was determined on a functional test of the .beta.-arrestin recruitment type after receptor activation.It was demonstrated that the activation by CXCL8 of the CXCR2 receptor in cells of the PathHunter HEK293-CXCR2 line or of the CXCR1 receptor in cells of the U2OS h CXCR1 .beta.-arrestin line results in the recruitment of .beta.-arrestin (Richardson et al. 2003 Role of the cytoplasmic tails of CXCR1 and CXCR2 in mediating leukocyte migration, activation, and regulation. J. Immunol. 170: 2904-2911.)In order to evaluate the direct interaction of the CXCR2 or CXCR1 receptor with .beta.-arrestin 2, a .beta.-arrestin 2 recruitment test for CXCR2 or CXCR1 based on of .beta.-galactosidase enzyme complementation (Olson K R, Eglen R M. Beta galactosidase complementation: a cell-based luminescent assay platform for drug discovery. Assay Drug Dev Technol. 2007 February; 5(1); 137-44).",CXCR2,CHEMBL3707937,CHEMBL3638995
CHEMBL3704559,Cc1ccc(C(Nc2c(Nc3cccc(C(=O)N4CCC(O)C4)c3)c(=O)c2=O)C2(C)COC2)o1,6.14,"In Vitro Assay: The in vitro affinity of the compounds of the present invention for the CXCR1 and CXCR2 receptors was determined on a functional test of the .beta.-arrestin recruitment type after receptor activation.It was demonstrated that the activation by CXCL8 of the CXCR2 receptor in cells of the PathHunter HEK293-CXCR2 line or of the CXCR1 receptor in cells of the U2OS h CXCR1 .beta.-arrestin line results in the recruitment of .beta.-arrestin (Richardson et al. 2003 Role of the cytoplasmic tails of CXCR1 and CXCR2 in mediating leukocyte migration, activation, and regulation. J. Immunol. 170: 2904-2911.)In order to evaluate the direct interaction of the CXCR2 or CXCR1 receptor with .beta.-arrestin 2, a .beta.-arrestin 2 recruitment test for CXCR2 or CXCR1 based on of .beta.-galactosidase enzyme complementation (Olson K R, Eglen R M. Beta galactosidase complementation: a cell-based luminescent assay platform for drug discovery. Assay Drug Dev Technol. 2007 February; 5(1); 137-44).",CXCR2,CHEMBL3707937,CHEMBL3638995
CHEMBL3704570,Cc1ccc([C@H](Nc2c(Nc3cccc(C(=O)N(C)C)c3O)c(=O)c2=O)C2(C)COC2)o1,7.14,"In Vitro Assay: The in vitro affinity of the compounds of the present invention for the CXCR1 and CXCR2 receptors was determined on a functional test of the .beta.-arrestin recruitment type after receptor activation.It was demonstrated that the activation by CXCL8 of the CXCR2 receptor in cells of the PathHunter HEK293-CXCR2 line or of the CXCR1 receptor in cells of the U2OS h CXCR1 .beta.-arrestin line results in the recruitment of .beta.-arrestin (Richardson et al. 2003 Role of the cytoplasmic tails of CXCR1 and CXCR2 in mediating leukocyte migration, activation, and regulation. J. Immunol. 170: 2904-2911.)In order to evaluate the direct interaction of the CXCR2 or CXCR1 receptor with .beta.-arrestin 2, a .beta.-arrestin 2 recruitment test for CXCR2 or CXCR1 based on of .beta.-galactosidase enzyme complementation (Olson K R, Eglen R M. Beta galactosidase complementation: a cell-based luminescent assay platform for drug discovery. Assay Drug Dev Technol. 2007 February; 5(1); 137-44).",CXCR2,CHEMBL3707937,CHEMBL3638995
CHEMBL3701187,Cc1ccc(C(Nc2c(Nc3cccc(C(=O)N4CCC[C@@H]4C(=O)OC(C)(C)C)c3O)c(=O)c2=O)C2(C)COC2)o1,7.0,"In Vitro Assay: The in vitro affinity of the compounds of the present invention for the CXCR1 and CXCR2 receptors was determined on a functional test of the .beta.-arrestin recruitment type after receptor activation.It was demonstrated that the activation by CXCL8 of the CXCR2 receptor in cells of the PathHunter HEK293-CXCR2 line or of the CXCR1 receptor in cells of the U2OS h CXCR1 .beta.-arrestin line results in the recruitment of .beta.-arrestin (Richardson et al. 2003 Role of the cytoplasmic tails of CXCR1 and CXCR2 in mediating leukocyte migration, activation, and regulation. J. Immunol. 170: 2904-2911.)In order to evaluate the direct interaction of the CXCR2 or CXCR1 receptor with .beta.-arrestin 2, a .beta.-arrestin 2 recruitment test for CXCR2 or CXCR1 based on of .beta.-galactosidase enzyme complementation (Olson K R, Eglen R M. Beta galactosidase complementation: a cell-based luminescent assay platform for drug discovery. Assay Drug Dev Technol. 2007 February; 5(1); 137-44).",CXCR2,CHEMBL3707937,CHEMBL3638995
CHEMBL3704569,Cc1ccc([C@H](Nc2c(Nc3cccc(C(=O)N(C)CC(F)(F)F)c3O)c(=O)c2=O)C2(C)COC2)o1,7.58,"In Vitro Assay: The in vitro affinity of the compounds of the present invention for the CXCR1 and CXCR2 receptors was determined on a functional test of the .beta.-arrestin recruitment type after receptor activation.It was demonstrated that the activation by CXCL8 of the CXCR2 receptor in cells of the PathHunter HEK293-CXCR2 line or of the CXCR1 receptor in cells of the U2OS h CXCR1 .beta.-arrestin line results in the recruitment of .beta.-arrestin (Richardson et al. 2003 Role of the cytoplasmic tails of CXCR1 and CXCR2 in mediating leukocyte migration, activation, and regulation. J. Immunol. 170: 2904-2911.)In order to evaluate the direct interaction of the CXCR2 or CXCR1 receptor with .beta.-arrestin 2, a .beta.-arrestin 2 recruitment test for CXCR2 or CXCR1 based on of .beta.-galactosidase enzyme complementation (Olson K R, Eglen R M. Beta galactosidase complementation: a cell-based luminescent assay platform for drug discovery. Assay Drug Dev Technol. 2007 February; 5(1); 137-44).",CXCR2,CHEMBL3707937,CHEMBL3638995
CHEMBL3704565,CC(C)c1coc(C(Nc2c(Nc3cccc(C(=O)N(C)C)c3O)c(=O)c2=O)C2(C)COC2)c1,7.6,"In Vitro Assay: The in vitro affinity of the compounds of the present invention for the CXCR1 and CXCR2 receptors was determined on a functional test of the .beta.-arrestin recruitment type after receptor activation.It was demonstrated that the activation by CXCL8 of the CXCR2 receptor in cells of the PathHunter HEK293-CXCR2 line or of the CXCR1 receptor in cells of the U2OS h CXCR1 .beta.-arrestin line results in the recruitment of .beta.-arrestin (Richardson et al. 2003 Role of the cytoplasmic tails of CXCR1 and CXCR2 in mediating leukocyte migration, activation, and regulation. J. Immunol. 170: 2904-2911.)In order to evaluate the direct interaction of the CXCR2 or CXCR1 receptor with .beta.-arrestin 2, a .beta.-arrestin 2 recruitment test for CXCR2 or CXCR1 based on of .beta.-galactosidase enzyme complementation (Olson K R, Eglen R M. Beta galactosidase complementation: a cell-based luminescent assay platform for drug discovery. Assay Drug Dev Technol. 2007 February; 5(1); 137-44).",CXCR2,CHEMBL3707937,CHEMBL3638995
CHEMBL3701184,CCC1(C(Nc2c(Nc3cccc(C(=O)N(C)C)c3O)c(=O)c2=O)c2ccc(C)o2)COC1,6.97,"In Vitro Assay: The in vitro affinity of the compounds of the present invention for the CXCR1 and CXCR2 receptors was determined on a functional test of the .beta.-arrestin recruitment type after receptor activation.It was demonstrated that the activation by CXCL8 of the CXCR2 receptor in cells of the PathHunter HEK293-CXCR2 line or of the CXCR1 receptor in cells of the U2OS h CXCR1 .beta.-arrestin line results in the recruitment of .beta.-arrestin (Richardson et al. 2003 Role of the cytoplasmic tails of CXCR1 and CXCR2 in mediating leukocyte migration, activation, and regulation. J. Immunol. 170: 2904-2911.)In order to evaluate the direct interaction of the CXCR2 or CXCR1 receptor with .beta.-arrestin 2, a .beta.-arrestin 2 recruitment test for CXCR2 or CXCR1 based on of .beta.-galactosidase enzyme complementation (Olson K R, Eglen R M. Beta galactosidase complementation: a cell-based luminescent assay platform for drug discovery. Assay Drug Dev Technol. 2007 February; 5(1); 137-44).",CXCR2,CHEMBL3707937,CHEMBL3638995
CHEMBL3701183,Cc1ccc(C(Nc2c(Nc3cccc(C(=O)N(C)C)c3O)c(=O)c2=O)C2(CF)COC2)o1,6.57,"In Vitro Assay: The in vitro affinity of the compounds of the present invention for the CXCR1 and CXCR2 receptors was determined on a functional test of the .beta.-arrestin recruitment type after receptor activation.It was demonstrated that the activation by CXCL8 of the CXCR2 receptor in cells of the PathHunter HEK293-CXCR2 line or of the CXCR1 receptor in cells of the U2OS h CXCR1 .beta.-arrestin line results in the recruitment of .beta.-arrestin (Richardson et al. 2003 Role of the cytoplasmic tails of CXCR1 and CXCR2 in mediating leukocyte migration, activation, and regulation. J. Immunol. 170: 2904-2911.)In order to evaluate the direct interaction of the CXCR2 or CXCR1 receptor with .beta.-arrestin 2, a .beta.-arrestin 2 recruitment test for CXCR2 or CXCR1 based on of .beta.-galactosidase enzyme complementation (Olson K R, Eglen R M. Beta galactosidase complementation: a cell-based luminescent assay platform for drug discovery. Assay Drug Dev Technol. 2007 February; 5(1); 137-44).",CXCR2,CHEMBL3707937,CHEMBL3638995
CHEMBL3640034,Cc1ccc([C@H](Nc2c(Nc3csc(C(=O)N(C)C)c3O)c(=O)c2=O)C2(C)COC2)o1,7.02,"In Vitro Assay: The in vitro affinity of the compounds of the present invention for the CXCR1 and CXCR2 receptors was determined on a functional test of the .beta.-arrestin recruitment type after receptor activation.It was demonstrated that the activation by CXCL8 of the CXCR2 receptor in cells of the PathHunter HEK293-CXCR2 line or of the CXCR1 receptor in cells of the U2OS h CXCR1 .beta.-arrestin line results in the recruitment of .beta.-arrestin (Richardson et al. 2003 Role of the cytoplasmic tails of CXCR1 and CXCR2 in mediating leukocyte migration, activation, and regulation. J. Immunol. 170: 2904-2911.)In order to evaluate the direct interaction of the CXCR2 or CXCR1 receptor with .beta.-arrestin 2, a .beta.-arrestin 2 recruitment test for CXCR2 or CXCR1 based on of .beta.-galactosidase enzyme complementation (Olson K R, Eglen R M. Beta galactosidase complementation: a cell-based luminescent assay platform for drug discovery. Assay Drug Dev Technol. 2007 February; 5(1); 137-44).",CXCR2,CHEMBL3707937,CHEMBL3638995
CHEMBL3704562,Cc1ccc(C(Nc2c(Nc3cccc(C(=O)N(C)C)c3O)c(=O)c2=O)C2(C)COC2)s1,6.84,"In Vitro Assay: The in vitro affinity of the compounds of the present invention for the CXCR1 and CXCR2 receptors was determined on a functional test of the .beta.-arrestin recruitment type after receptor activation.It was demonstrated that the activation by CXCL8 of the CXCR2 receptor in cells of the PathHunter HEK293-CXCR2 line or of the CXCR1 receptor in cells of the U2OS h CXCR1 .beta.-arrestin line results in the recruitment of .beta.-arrestin (Richardson et al. 2003 Role of the cytoplasmic tails of CXCR1 and CXCR2 in mediating leukocyte migration, activation, and regulation. J. Immunol. 170: 2904-2911.)In order to evaluate the direct interaction of the CXCR2 or CXCR1 receptor with .beta.-arrestin 2, a .beta.-arrestin 2 recruitment test for CXCR2 or CXCR1 based on of .beta.-galactosidase enzyme complementation (Olson K R, Eglen R M. Beta galactosidase complementation: a cell-based luminescent assay platform for drug discovery. Assay Drug Dev Technol. 2007 February; 5(1); 137-44).",CXCR2,CHEMBL3707937,CHEMBL3638995
CHEMBL3704572,Cc1ccc([C@H](Nc2c(Nc3ccc(Cl)c(C(=O)N(C)C)c3O)c(=O)c2=O)C2(C)COC2)o1,6.43,"In Vitro Assay: The in vitro affinity of the compounds of the present invention for the CXCR1 and CXCR2 receptors was determined on a functional test of the .beta.-arrestin recruitment type after receptor activation.It was demonstrated that the activation by CXCL8 of the CXCR2 receptor in cells of the PathHunter HEK293-CXCR2 line or of the CXCR1 receptor in cells of the U2OS h CXCR1 .beta.-arrestin line results in the recruitment of .beta.-arrestin (Richardson et al. 2003 Role of the cytoplasmic tails of CXCR1 and CXCR2 in mediating leukocyte migration, activation, and regulation. J. Immunol. 170: 2904-2911.)In order to evaluate the direct interaction of the CXCR2 or CXCR1 receptor with .beta.-arrestin 2, a .beta.-arrestin 2 recruitment test for CXCR2 or CXCR1 based on of .beta.-galactosidase enzyme complementation (Olson K R, Eglen R M. Beta galactosidase complementation: a cell-based luminescent assay platform for drug discovery. Assay Drug Dev Technol. 2007 February; 5(1); 137-44).",CXCR2,CHEMBL3707937,CHEMBL3638995
CHEMBL3704567,Cc1ccc(C(Nc2c(Nc3ccc(Cl)nc3O)c(=O)c2=O)C2(C)COC2)o1,6.3,"In Vitro Assay: The in vitro affinity of the compounds of the present invention for the CXCR1 and CXCR2 receptors was determined on a functional test of the .beta.-arrestin recruitment type after receptor activation.It was demonstrated that the activation by CXCL8 of the CXCR2 receptor in cells of the PathHunter HEK293-CXCR2 line or of the CXCR1 receptor in cells of the U2OS h CXCR1 .beta.-arrestin line results in the recruitment of .beta.-arrestin (Richardson et al. 2003 Role of the cytoplasmic tails of CXCR1 and CXCR2 in mediating leukocyte migration, activation, and regulation. J. Immunol. 170: 2904-2911.)In order to evaluate the direct interaction of the CXCR2 or CXCR1 receptor with .beta.-arrestin 2, a .beta.-arrestin 2 recruitment test for CXCR2 or CXCR1 based on of .beta.-galactosidase enzyme complementation (Olson K R, Eglen R M. Beta galactosidase complementation: a cell-based luminescent assay platform for drug discovery. Assay Drug Dev Technol. 2007 February; 5(1); 137-44).",CXCR2,CHEMBL3707937,CHEMBL3638995
CHEMBL3701188,COC(=O)[C@H]1CCCN1C(=O)c1cccc(Nc2c(N[C@@H](c3ccc(C)o3)C3(C)COC3)c(=O)c2=O)c1O,7.43,"In Vitro Assay: The in vitro affinity of the compounds of the present invention for the CXCR1 and CXCR2 receptors was determined on a functional test of the .beta.-arrestin recruitment type after receptor activation.It was demonstrated that the activation by CXCL8 of the CXCR2 receptor in cells of the PathHunter HEK293-CXCR2 line or of the CXCR1 receptor in cells of the U2OS h CXCR1 .beta.-arrestin line results in the recruitment of .beta.-arrestin (Richardson et al. 2003 Role of the cytoplasmic tails of CXCR1 and CXCR2 in mediating leukocyte migration, activation, and regulation. J. Immunol. 170: 2904-2911.)In order to evaluate the direct interaction of the CXCR2 or CXCR1 receptor with .beta.-arrestin 2, a .beta.-arrestin 2 recruitment test for CXCR2 or CXCR1 based on of .beta.-galactosidase enzyme complementation (Olson K R, Eglen R M. Beta galactosidase complementation: a cell-based luminescent assay platform for drug discovery. Assay Drug Dev Technol. 2007 February; 5(1); 137-44).",CXCR2,CHEMBL3707937,CHEMBL3638995
CHEMBL3704563,CN(C)C(=O)c1cccc(Nc2c(NC(c3ccco3)C3(C)COC3)c(=O)c2=O)c1O,6.7,"In Vitro Assay: The in vitro affinity of the compounds of the present invention for the CXCR1 and CXCR2 receptors was determined on a functional test of the .beta.-arrestin recruitment type after receptor activation.It was demonstrated that the activation by CXCL8 of the CXCR2 receptor in cells of the PathHunter HEK293-CXCR2 line or of the CXCR1 receptor in cells of the U2OS h CXCR1 .beta.-arrestin line results in the recruitment of .beta.-arrestin (Richardson et al. 2003 Role of the cytoplasmic tails of CXCR1 and CXCR2 in mediating leukocyte migration, activation, and regulation. J. Immunol. 170: 2904-2911.)In order to evaluate the direct interaction of the CXCR2 or CXCR1 receptor with .beta.-arrestin 2, a .beta.-arrestin 2 recruitment test for CXCR2 or CXCR1 based on of .beta.-galactosidase enzyme complementation (Olson K R, Eglen R M. Beta galactosidase complementation: a cell-based luminescent assay platform for drug discovery. Assay Drug Dev Technol. 2007 February; 5(1); 137-44).",CXCR2,CHEMBL3707937,CHEMBL3638995
CHEMBL3701193,Cc1ccc(C(Nc2c(Nc3cccn(C)c3=O)c(=O)c2=O)C2(C)COC2)o1,6.41,"In Vitro Assay: The in vitro affinity of the compounds of the present invention for the CXCR1 and CXCR2 receptors was determined on a functional test of the .beta.-arrestin recruitment type after receptor activation.It was demonstrated that the activation by CXCL8 of the CXCR2 receptor in cells of the PathHunter HEK293-CXCR2 line or of the CXCR1 receptor in cells of the U2OS h CXCR1 .beta.-arrestin line results in the recruitment of .beta.-arrestin (Richardson et al. 2003 Role of the cytoplasmic tails of CXCR1 and CXCR2 in mediating leukocyte migration, activation, and regulation. J. Immunol. 170: 2904-2911.)In order to evaluate the direct interaction of the CXCR2 or CXCR1 receptor with .beta.-arrestin 2, a .beta.-arrestin 2 recruitment test for CXCR2 or CXCR1 based on of .beta.-galactosidase enzyme complementation (Olson K R, Eglen R M. Beta galactosidase complementation: a cell-based luminescent assay platform for drug discovery. Assay Drug Dev Technol. 2007 February; 5(1); 137-44).",CXCR2,CHEMBL3707937,CHEMBL3638995
CHEMBL3704557,COc1ccc(C(Nc2c(Nc3cccc(C(=O)N(C)C)c3O)c(=O)c2=O)C2(C)COC2)cc1,6.36,"In Vitro Assay: The in vitro affinity of the compounds of the present invention for the CXCR1 and CXCR2 receptors was determined on a functional test of the .beta.-arrestin recruitment type after receptor activation.It was demonstrated that the activation by CXCL8 of the CXCR2 receptor in cells of the PathHunter HEK293-CXCR2 line or of the CXCR1 receptor in cells of the U2OS h CXCR1 .beta.-arrestin line results in the recruitment of .beta.-arrestin (Richardson et al. 2003 Role of the cytoplasmic tails of CXCR1 and CXCR2 in mediating leukocyte migration, activation, and regulation. J. Immunol. 170: 2904-2911.)In order to evaluate the direct interaction of the CXCR2 or CXCR1 receptor with .beta.-arrestin 2, a .beta.-arrestin 2 recruitment test for CXCR2 or CXCR1 based on of .beta.-galactosidase enzyme complementation (Olson K R, Eglen R M. Beta galactosidase complementation: a cell-based luminescent assay platform for drug discovery. Assay Drug Dev Technol. 2007 February; 5(1); 137-44).",CXCR2,CHEMBL3707937,CHEMBL3638995
CHEMBL3704564,Cc1coc(C(Nc2c(Nc3cccc(C(=O)N(C)C)c3O)c(=O)c2=O)C2(C)COC2)c1,7.5,"In Vitro Assay: The in vitro affinity of the compounds of the present invention for the CXCR1 and CXCR2 receptors was determined on a functional test of the .beta.-arrestin recruitment type after receptor activation.It was demonstrated that the activation by CXCL8 of the CXCR2 receptor in cells of the PathHunter HEK293-CXCR2 line or of the CXCR1 receptor in cells of the U2OS h CXCR1 .beta.-arrestin line results in the recruitment of .beta.-arrestin (Richardson et al. 2003 Role of the cytoplasmic tails of CXCR1 and CXCR2 in mediating leukocyte migration, activation, and regulation. J. Immunol. 170: 2904-2911.)In order to evaluate the direct interaction of the CXCR2 or CXCR1 receptor with .beta.-arrestin 2, a .beta.-arrestin 2 recruitment test for CXCR2 or CXCR1 based on of .beta.-galactosidase enzyme complementation (Olson K R, Eglen R M. Beta galactosidase complementation: a cell-based luminescent assay platform for drug discovery. Assay Drug Dev Technol. 2007 February; 5(1); 137-44).",CXCR2,CHEMBL3707937,CHEMBL3638995
CHEMBL3701190,Cc1ccc(C(Nc2c(Nc3cccc(C(=O)C(C)C)c3O)c(=O)c2=O)C2(C)COC2)o1,7.0,"In Vitro Assay: The in vitro affinity of the compounds of the present invention for the CXCR1 and CXCR2 receptors was determined on a functional test of the .beta.-arrestin recruitment type after receptor activation.It was demonstrated that the activation by CXCL8 of the CXCR2 receptor in cells of the PathHunter HEK293-CXCR2 line or of the CXCR1 receptor in cells of the U2OS h CXCR1 .beta.-arrestin line results in the recruitment of .beta.-arrestin (Richardson et al. 2003 Role of the cytoplasmic tails of CXCR1 and CXCR2 in mediating leukocyte migration, activation, and regulation. J. Immunol. 170: 2904-2911.)In order to evaluate the direct interaction of the CXCR2 or CXCR1 receptor with .beta.-arrestin 2, a .beta.-arrestin 2 recruitment test for CXCR2 or CXCR1 based on of .beta.-galactosidase enzyme complementation (Olson K R, Eglen R M. Beta galactosidase complementation: a cell-based luminescent assay platform for drug discovery. Assay Drug Dev Technol. 2007 February; 5(1); 137-44).",CXCR2,CHEMBL3707937,CHEMBL3638995
CHEMBL3704556,COc1cccc(C(Nc2c(Nc3cccc(C(=O)N(C)C)c3O)c(=O)c2=O)C2(C)COC2)c1,6.32,"In Vitro Assay: The in vitro affinity of the compounds of the present invention for the CXCR1 and CXCR2 receptors was determined on a functional test of the .beta.-arrestin recruitment type after receptor activation.It was demonstrated that the activation by CXCL8 of the CXCR2 receptor in cells of the PathHunter HEK293-CXCR2 line or of the CXCR1 receptor in cells of the U2OS h CXCR1 .beta.-arrestin line results in the recruitment of .beta.-arrestin (Richardson et al. 2003 Role of the cytoplasmic tails of CXCR1 and CXCR2 in mediating leukocyte migration, activation, and regulation. J. Immunol. 170: 2904-2911.)In order to evaluate the direct interaction of the CXCR2 or CXCR1 receptor with .beta.-arrestin 2, a .beta.-arrestin 2 recruitment test for CXCR2 or CXCR1 based on of .beta.-galactosidase enzyme complementation (Olson K R, Eglen R M. Beta galactosidase complementation: a cell-based luminescent assay platform for drug discovery. Assay Drug Dev Technol. 2007 February; 5(1); 137-44).",CXCR2,CHEMBL3707937,CHEMBL3638995
CHEMBL3704564,Cc1coc(C(Nc2c(Nc3cccc(C(=O)N(C)C)c3O)c(=O)c2=O)C2(C)COC2)c1,6.68,"In Vitro Assay: The in vitro affinity of the compounds of the present invention for the CXCR1 and CXCR2 receptors was determined on a functional test of the .beta.-arrestin recruitment type after receptor activation.It was demonstrated that the activation by CXCL8 of the CXCR2 receptor in cells of the PathHunter HEK293-CXCR2 line or of the CXCR1 receptor in cells of the U2OS h CXCR1 .beta.-arrestin line results in the recruitment of .beta.-arrestin (Richardson et al. 2003 Role of the cytoplasmic tails of CXCR1 and CXCR2 in mediating leukocyte migration, activation, and regulation. J. Immunol. 170: 2904-2911.)In order to evaluate the direct interaction of the CXCR2 or CXCR1 receptor with .beta.-arrestin 2, a .beta.-arrestin 2 recruitment test for CXCR2 or CXCR1 based on of .beta.-galactosidase enzyme complementation (Olson K R, Eglen R M. Beta galactosidase complementation: a cell-based luminescent assay platform for drug discovery. Assay Drug Dev Technol. 2007 February; 5(1); 137-44).",CXCR2,CHEMBL3707937,CHEMBL3638995
CHEMBL3704561,CN(C)C(=O)c1cccc(Nc2c(NC(c3cccs3)C3(C)COC3)c(=O)c2=O)c1O,6.97,"In Vitro Assay: The in vitro affinity of the compounds of the present invention for the CXCR1 and CXCR2 receptors was determined on a functional test of the .beta.-arrestin recruitment type after receptor activation.It was demonstrated that the activation by CXCL8 of the CXCR2 receptor in cells of the PathHunter HEK293-CXCR2 line or of the CXCR1 receptor in cells of the U2OS h CXCR1 .beta.-arrestin line results in the recruitment of .beta.-arrestin (Richardson et al. 2003 Role of the cytoplasmic tails of CXCR1 and CXCR2 in mediating leukocyte migration, activation, and regulation. J. Immunol. 170: 2904-2911.)In order to evaluate the direct interaction of the CXCR2 or CXCR1 receptor with .beta.-arrestin 2, a .beta.-arrestin 2 recruitment test for CXCR2 or CXCR1 based on of .beta.-galactosidase enzyme complementation (Olson K R, Eglen R M. Beta galactosidase complementation: a cell-based luminescent assay platform for drug discovery. Assay Drug Dev Technol. 2007 February; 5(1); 137-44).",CXCR2,CHEMBL3707937,CHEMBL3638995
CHEMBL3704571,CCN(C)C(=O)c1cccc(Nc2c(N[C@@H](c3ccc(C)o3)C3(C)COC3)c(=O)c2=O)c1O,7.14,"In Vitro Assay: The in vitro affinity of the compounds of the present invention for the CXCR1 and CXCR2 receptors was determined on a functional test of the .beta.-arrestin recruitment type after receptor activation.It was demonstrated that the activation by CXCL8 of the CXCR2 receptor in cells of the PathHunter HEK293-CXCR2 line or of the CXCR1 receptor in cells of the U2OS h CXCR1 .beta.-arrestin line results in the recruitment of .beta.-arrestin (Richardson et al. 2003 Role of the cytoplasmic tails of CXCR1 and CXCR2 in mediating leukocyte migration, activation, and regulation. J. Immunol. 170: 2904-2911.)In order to evaluate the direct interaction of the CXCR2 or CXCR1 receptor with .beta.-arrestin 2, a .beta.-arrestin 2 recruitment test for CXCR2 or CXCR1 based on of .beta.-galactosidase enzyme complementation (Olson K R, Eglen R M. Beta galactosidase complementation: a cell-based luminescent assay platform for drug discovery. Assay Drug Dev Technol. 2007 February; 5(1); 137-44).",CXCR2,CHEMBL3707937,CHEMBL3638995
CHEMBL3701192,Cc1ccc(C(Nc2c(Nc3cccc(C(=O)N4CCOCC4)c3O)c(=O)c2=O)C2(C)COC2)o1,6.2,"In Vitro Assay: The in vitro affinity of the compounds of the present invention for the CXCR1 and CXCR2 receptors was determined on a functional test of the .beta.-arrestin recruitment type after receptor activation.It was demonstrated that the activation by CXCL8 of the CXCR2 receptor in cells of the PathHunter HEK293-CXCR2 line or of the CXCR1 receptor in cells of the U2OS h CXCR1 .beta.-arrestin line results in the recruitment of .beta.-arrestin (Richardson et al. 2003 Role of the cytoplasmic tails of CXCR1 and CXCR2 in mediating leukocyte migration, activation, and regulation. J. Immunol. 170: 2904-2911.)In order to evaluate the direct interaction of the CXCR2 or CXCR1 receptor with .beta.-arrestin 2, a .beta.-arrestin 2 recruitment test for CXCR2 or CXCR1 based on of .beta.-galactosidase enzyme complementation (Olson K R, Eglen R M. Beta galactosidase complementation: a cell-based luminescent assay platform for drug discovery. Assay Drug Dev Technol. 2007 February; 5(1); 137-44).",CXCR2,CHEMBL3707937,CHEMBL3638995
CHEMBL3701196,Cc1ccc(C(Nc2c(Nc3ccc(Cl)c(S(=O)(=O)N(C)C)c3O)c(=O)c2=O)C2(C)COC2)o1,7.51,"In Vitro Assay: The in vitro affinity of the compounds of the present invention for the CXCR1 and CXCR2 receptors was determined on a functional test of the .beta.-arrestin recruitment type after receptor activation.It was demonstrated that the activation by CXCL8 of the CXCR2 receptor in cells of the PathHunter HEK293-CXCR2 line or of the CXCR1 receptor in cells of the U2OS h CXCR1 .beta.-arrestin line results in the recruitment of .beta.-arrestin (Richardson et al. 2003 Role of the cytoplasmic tails of CXCR1 and CXCR2 in mediating leukocyte migration, activation, and regulation. J. Immunol. 170: 2904-2911.)In order to evaluate the direct interaction of the CXCR2 or CXCR1 receptor with .beta.-arrestin 2, a .beta.-arrestin 2 recruitment test for CXCR2 or CXCR1 based on of .beta.-galactosidase enzyme complementation (Olson K R, Eglen R M. Beta galactosidase complementation: a cell-based luminescent assay platform for drug discovery. Assay Drug Dev Technol. 2007 February; 5(1); 137-44).",CXCR2,CHEMBL3707937,CHEMBL3638995
CHEMBL3701189,Cc1ccc(C(Nc2c(Nc3cccc(C(C)O)c3O)c(=O)c2=O)C2(C)COC2)o1,6.26,"In Vitro Assay: The in vitro affinity of the compounds of the present invention for the CXCR1 and CXCR2 receptors was determined on a functional test of the .beta.-arrestin recruitment type after receptor activation.It was demonstrated that the activation by CXCL8 of the CXCR2 receptor in cells of the PathHunter HEK293-CXCR2 line or of the CXCR1 receptor in cells of the U2OS h CXCR1 .beta.-arrestin line results in the recruitment of .beta.-arrestin (Richardson et al. 2003 Role of the cytoplasmic tails of CXCR1 and CXCR2 in mediating leukocyte migration, activation, and regulation. J. Immunol. 170: 2904-2911.)In order to evaluate the direct interaction of the CXCR2 or CXCR1 receptor with .beta.-arrestin 2, a .beta.-arrestin 2 recruitment test for CXCR2 or CXCR1 based on of .beta.-galactosidase enzyme complementation (Olson K R, Eglen R M. Beta galactosidase complementation: a cell-based luminescent assay platform for drug discovery. Assay Drug Dev Technol. 2007 February; 5(1); 137-44).",CXCR2,CHEMBL3707937,CHEMBL3638995
CHEMBL3819292,NS(=O)(=O)c1c(Cl)ccc(NC(=O)Nc2cccc(Cl)c2Cl)c1O,8.7,Antagonist activity at human recombinant Gal4-VP16 fused-CXCR2 assessed as inhibition of CXCL1-mediated lactamase reporter gene expression after overnight incubation,CXCR2,CHEMBL3821596,CHEMBL3817840
CHEMBL3818458,O=C(Nc1ccc(Cl)c(S(=O)(=O)N2CCNCC2)c1O)Nc1cccc(Cl)c1Cl,9.2,Antagonist activity at human recombinant Gal4-VP16 fused-CXCR2 assessed as inhibition of CXCL1-mediated lactamase reporter gene expression after overnight incubation,CXCR2,CHEMBL3821596,CHEMBL3817840
CHEMBL3819542,CN1CCN(S(=O)(=O)c2c(Cl)ccc(NC(=O)Nc3cccc(Cl)c3Cl)c2O)CC1,9.1,Antagonist activity at human recombinant Gal4-VP16 fused-CXCR2 assessed as inhibition of CXCL1-mediated lactamase reporter gene expression after overnight incubation,CXCR2,CHEMBL3821596,CHEMBL3817840
CHEMBL3818917,CN1CCN(S(=O)(=O)c2c(Cl)ccc(NC(=O)Nc3cccc(F)c3Cl)c2O)CC1,9.1,Antagonist activity at human recombinant Gal4-VP16 fused-CXCR2 assessed as inhibition of CXCL1-mediated lactamase reporter gene expression after overnight incubation,CXCR2,CHEMBL3821596,CHEMBL3817840
CHEMBL3819382,CCN1CCN(S(=O)(=O)c2c(Cl)ccc(NC(=O)Nc3cccc(F)c3Cl)c2O)CC1,9.0,Antagonist activity at human recombinant Gal4-VP16 fused-CXCR2 assessed as inhibition of CXCL1-mediated lactamase reporter gene expression after overnight incubation,CXCR2,CHEMBL3821596,CHEMBL3817840
CHEMBL3819603,CC(C)N1CCN(S(=O)(=O)c2c(Cl)ccc(NC(=O)Nc3cccc(F)c3Cl)c2O)CC1,8.8,Antagonist activity at human recombinant Gal4-VP16 fused-CXCR2 assessed as inhibition of CXCL1-mediated lactamase reporter gene expression after overnight incubation,CXCR2,CHEMBL3821596,CHEMBL3817840
CHEMBL3819013,C[C@@H]1CN(S(=O)(=O)c2c(Cl)ccc(NC(=O)Nc3cccc(F)c3Cl)c2O)C[C@H](C)O1,8.4,Antagonist activity at human recombinant Gal4-VP16 fused-CXCR2 assessed as inhibition of CXCL1-mediated lactamase reporter gene expression after overnight incubation,CXCR2,CHEMBL3821596,CHEMBL3817840
CHEMBL3817880,C[C@@H]1CN(S(=O)(=O)c2c(Cl)ccc(NC(=O)Nc3cccc(Cl)c3Cl)c2O)C[C@H](C)O1,8.0,Antagonist activity at human recombinant Gal4-VP16 fused-CXCR2 assessed as inhibition of CXCL1-mediated lactamase reporter gene expression after overnight incubation,CXCR2,CHEMBL3821596,CHEMBL3817840
CHEMBL3819295,CCS(=O)(=O)c1c(Cl)ccc(NC(=O)Nc2cccc(Cl)c2Cl)c1O,9.3,Antagonist activity at human recombinant Gal4-VP16 fused-CXCR2 assessed as inhibition of CXCL1-mediated lactamase reporter gene expression after overnight incubation,CXCR2,CHEMBL3821596,CHEMBL3817840
CHEMBL3817901,CC(C)S(=O)(=O)c1c(Cl)ccc(NC(=O)Nc2cccc(F)c2Cl)c1O,9.3,Antagonist activity at human recombinant Gal4-VP16 fused-CXCR2 assessed as inhibition of CXCL1-mediated lactamase reporter gene expression after overnight incubation,CXCR2,CHEMBL3821596,CHEMBL3817840
CHEMBL3818216,CC(C)S(=O)(=O)c1c(Cl)ccc(NC(=O)Nc2cccc(Cl)c2Cl)c1O,9.2,Antagonist activity at human recombinant Gal4-VP16 fused-CXCR2 assessed as inhibition of CXCL1-mediated lactamase reporter gene expression after overnight incubation,CXCR2,CHEMBL3821596,CHEMBL3817840
CHEMBL3819569,CC(C)(C)S(=O)(=O)c1c(Cl)ccc(NC(=O)Nc2cccc(F)c2Cl)c1O,9.3,Antagonist activity at human recombinant Gal4-VP16 fused-CXCR2 assessed as inhibition of CXCL1-mediated lactamase reporter gene expression after overnight incubation,CXCR2,CHEMBL3821596,CHEMBL3817840
CHEMBL3818984,O=C(Nc1ccc(Cl)c(S(=O)(=O)C2CCC2)c1O)Nc1cccc(F)c1Cl,9.5,Antagonist activity at human recombinant Gal4-VP16 fused-CXCR2 assessed as inhibition of CXCL1-mediated lactamase reporter gene expression after overnight incubation,CXCR2,CHEMBL3821596,CHEMBL3817840
CHEMBL3818853,O=C(Nc1ccc(Cl)c(S(=O)(=O)C2CCCC2)c1O)Nc1cccc(F)c1Cl,9.5,Antagonist activity at human recombinant Gal4-VP16 fused-CXCR2 assessed as inhibition of CXCL1-mediated lactamase reporter gene expression after overnight incubation,CXCR2,CHEMBL3821596,CHEMBL3817840
CHEMBL3819480,O=C(Nc1ccc(Cl)c(S(=O)(=O)C2CCCCC2)c1O)Nc1cccc(F)c1Cl,9.5,Antagonist activity at human recombinant Gal4-VP16 fused-CXCR2 assessed as inhibition of CXCL1-mediated lactamase reporter gene expression after overnight incubation,CXCR2,CHEMBL3821596,CHEMBL3817840
CHEMBL3818793,O=C(Nc1ccc(Cl)c(S(=O)(=O)C2CCOC2)c1O)Nc1cccc(Cl)c1Cl,9.3,Antagonist activity at human recombinant Gal4-VP16 fused-CXCR2 assessed as inhibition of CXCL1-mediated lactamase reporter gene expression after overnight incubation,CXCR2,CHEMBL3821596,CHEMBL3817840
CHEMBL3818820,O=C(Nc1ccc(Cl)c(S(=O)(=O)C2CCOCC2)c1O)Nc1cccc(Cl)c1Cl,9.1,Antagonist activity at human recombinant Gal4-VP16 fused-CXCR2 assessed as inhibition of CXCL1-mediated lactamase reporter gene expression after overnight incubation,CXCR2,CHEMBL3821596,CHEMBL3817840
CHEMBL3818269,O=C(Nc1ccc(Cl)c(S(=O)(=O)C2CCNCC2)c1O)Nc1cccc(Cl)c1Cl,8.7,Antagonist activity at human recombinant Gal4-VP16 fused-CXCR2 assessed as inhibition of CXCL1-mediated lactamase reporter gene expression after overnight incubation,CXCR2,CHEMBL3821596,CHEMBL3817840
CHEMBL3819521,CN1CCC(S(=O)(=O)c2c(Cl)ccc(NC(=O)Nc3cccc(Cl)c3Cl)c2O)CC1,8.8,Antagonist activity at human recombinant Gal4-VP16 fused-CXCR2 assessed as inhibition of CXCL1-mediated lactamase reporter gene expression after overnight incubation,CXCR2,CHEMBL3821596,CHEMBL3817840
CHEMBL3819512,CN1CCC(S(=O)(=O)c2c(Cl)ccc(NC(=O)Nc3cccc(F)c3Cl)c2O)CC1,9.3,Antagonist activity at human recombinant Gal4-VP16 fused-CXCR2 assessed as inhibition of CXCL1-mediated lactamase reporter gene expression after overnight incubation,CXCR2,CHEMBL3821596,CHEMBL3817840
CHEMBL3818331,CCN1CCC(S(=O)(=O)c2c(Cl)ccc(NC(=O)Nc3cccc(F)c3Cl)c2O)CC1,8.9,Antagonist activity at human recombinant Gal4-VP16 fused-CXCR2 assessed as inhibition of CXCL1-mediated lactamase reporter gene expression after overnight incubation,CXCR2,CHEMBL3821596,CHEMBL3817840
CHEMBL3818179,CN1CC[C@H](S(=O)(=O)c2c(Cl)ccc(NC(=O)Nc3cccc(Cl)c3Cl)c2O)C1,8.9,Antagonist activity at human recombinant Gal4-VP16 fused-CXCR2 assessed as inhibition of CXCL1-mediated lactamase reporter gene expression after overnight incubation,CXCR2,CHEMBL3821596,CHEMBL3817840
CHEMBL3818277,CN1CC[C@H](S(=O)(=O)c2c(Cl)ccc(NC(=O)Nc3cccc(F)c3Cl)c2O)C1,9.3,Antagonist activity at human recombinant Gal4-VP16 fused-CXCR2 assessed as inhibition of CXCL1-mediated lactamase reporter gene expression after overnight incubation,CXCR2,CHEMBL3821596,CHEMBL3817840
CHEMBL3818827,CN1CCC[C@H](S(=O)(=O)c2c(Cl)ccc(NC(=O)Nc3cccc(F)c3Cl)c2O)CC1,9.3,Antagonist activity at human recombinant Gal4-VP16 fused-CXCR2 assessed as inhibition of CXCL1-mediated lactamase reporter gene expression after overnight incubation,CXCR2,CHEMBL3821596,CHEMBL3817840
CHEMBL3819163,CN1CC2(CC(S(=O)(=O)c3c(Cl)ccc(NC(=O)Nc4cccc(F)c4Cl)c3O)C2)C1,9.4,Antagonist activity at human recombinant Gal4-VP16 fused-CXCR2 assessed as inhibition of CXCL1-mediated lactamase reporter gene expression after overnight incubation,CXCR2,CHEMBL3821596,CHEMBL3817840
CHEMBL3819070,CN1CCC2(CC1)CC(S(=O)(=O)c1c(Cl)ccc(NC(=O)Nc3cccc(F)c3Cl)c1O)C2,8.7,Antagonist activity at human recombinant Gal4-VP16 fused-CXCR2 assessed as inhibition of CXCL1-mediated lactamase reporter gene expression after overnight incubation,CXCR2,CHEMBL3821596,CHEMBL3817840
CHEMBL3818581,CN1CCC2(CCC(S(=O)(=O)c3c(Cl)ccc(NC(=O)Nc4cccc(F)c4Cl)c3O)CC2)CC1,9.4,Antagonist activity at human recombinant Gal4-VP16 fused-CXCR2 assessed as inhibition of CXCL1-mediated lactamase reporter gene expression after overnight incubation,CXCR2,CHEMBL3821596,CHEMBL3817840
CHEMBL3818323,O=C(Nc1ccc(Cl)c(C(=O)N2CCCC2)c1O)Nc1cccc(F)c1Cl,9.0,Antagonist activity at human recombinant Gal4-VP16 fused-CXCR2 assessed as inhibition of CXCL1-mediated lactamase reporter gene expression after overnight incubation,CXCR2,CHEMBL3821596,CHEMBL3817840
CHEMBL3819221,O=C(Nc1ccc(Cl)c(C(=O)N2CCCCC2)c1O)Nc1cccc(F)c1Cl,9.3,Antagonist activity at human recombinant Gal4-VP16 fused-CXCR2 assessed as inhibition of CXCL1-mediated lactamase reporter gene expression after overnight incubation,CXCR2,CHEMBL3821596,CHEMBL3817840
CHEMBL3819292,NS(=O)(=O)c1c(Cl)ccc(NC(=O)Nc2cccc(Cl)c2Cl)c1O,6.5,Antagonist activity at human recombinant CXCR2 assessed as inhibition of CXCL1-induced neutrophil chemotaxis after 45 mins by calcein-AM dye based plate reader method,CXCR2,CHEMBL3821597,CHEMBL3817840
CHEMBL3818458,O=C(Nc1ccc(Cl)c(S(=O)(=O)N2CCNCC2)c1O)Nc1cccc(Cl)c1Cl,5.0,Antagonist activity at human recombinant CXCR2 assessed as inhibition of CXCL1-induced neutrophil chemotaxis after 45 mins by calcein-AM dye based plate reader method,CXCR2,CHEMBL3821597,CHEMBL3817840
CHEMBL3819542,CN1CCN(S(=O)(=O)c2c(Cl)ccc(NC(=O)Nc3cccc(Cl)c3Cl)c2O)CC1,6.0,Antagonist activity at human recombinant CXCR2 assessed as inhibition of CXCL1-induced neutrophil chemotaxis after 45 mins by calcein-AM dye based plate reader method,CXCR2,CHEMBL3821597,CHEMBL3817840
CHEMBL3818917,CN1CCN(S(=O)(=O)c2c(Cl)ccc(NC(=O)Nc3cccc(F)c3Cl)c2O)CC1,6.5,Antagonist activity at human recombinant CXCR2 assessed as inhibition of CXCL1-induced neutrophil chemotaxis after 45 mins by calcein-AM dye based plate reader method,CXCR2,CHEMBL3821597,CHEMBL3817840
CHEMBL3819382,CCN1CCN(S(=O)(=O)c2c(Cl)ccc(NC(=O)Nc3cccc(F)c3Cl)c2O)CC1,5.7,Antagonist activity at human recombinant CXCR2 assessed as inhibition of CXCL1-induced neutrophil chemotaxis after 45 mins by calcein-AM dye based plate reader method,CXCR2,CHEMBL3821597,CHEMBL3817840
CHEMBL3819603,CC(C)N1CCN(S(=O)(=O)c2c(Cl)ccc(NC(=O)Nc3cccc(F)c3Cl)c2O)CC1,5.7,Antagonist activity at human recombinant CXCR2 assessed as inhibition of CXCL1-induced neutrophil chemotaxis after 45 mins by calcein-AM dye based plate reader method,CXCR2,CHEMBL3821597,CHEMBL3817840
CHEMBL3819013,C[C@@H]1CN(S(=O)(=O)c2c(Cl)ccc(NC(=O)Nc3cccc(F)c3Cl)c2O)C[C@H](C)O1,5.5,Antagonist activity at human recombinant CXCR2 assessed as inhibition of CXCL1-induced neutrophil chemotaxis after 45 mins by calcein-AM dye based plate reader method,CXCR2,CHEMBL3821597,CHEMBL3817840
CHEMBL3817880,C[C@@H]1CN(S(=O)(=O)c2c(Cl)ccc(NC(=O)Nc3cccc(Cl)c3Cl)c2O)C[C@H](C)O1,4.8,Antagonist activity at human recombinant CXCR2 assessed as inhibition of CXCL1-induced neutrophil chemotaxis after 45 mins by calcein-AM dye based plate reader method,CXCR2,CHEMBL3821597,CHEMBL3817840
CHEMBL3819295,CCS(=O)(=O)c1c(Cl)ccc(NC(=O)Nc2cccc(Cl)c2Cl)c1O,5.2,Antagonist activity at human recombinant CXCR2 assessed as inhibition of CXCL1-induced neutrophil chemotaxis after 45 mins by calcein-AM dye based plate reader method,CXCR2,CHEMBL3821597,CHEMBL3817840
CHEMBL3817901,CC(C)S(=O)(=O)c1c(Cl)ccc(NC(=O)Nc2cccc(F)c2Cl)c1O,8.0,Antagonist activity at human recombinant CXCR2 assessed as inhibition of CXCL1-induced neutrophil chemotaxis after 45 mins by calcein-AM dye based plate reader method,CXCR2,CHEMBL3821597,CHEMBL3817840
CHEMBL3818216,CC(C)S(=O)(=O)c1c(Cl)ccc(NC(=O)Nc2cccc(Cl)c2Cl)c1O,6.8,Antagonist activity at human recombinant CXCR2 assessed as inhibition of CXCL1-induced neutrophil chemotaxis after 45 mins by calcein-AM dye based plate reader method,CXCR2,CHEMBL3821597,CHEMBL3817840
CHEMBL3819569,CC(C)(C)S(=O)(=O)c1c(Cl)ccc(NC(=O)Nc2cccc(F)c2Cl)c1O,7.4,Antagonist activity at human recombinant CXCR2 assessed as inhibition of CXCL1-induced neutrophil chemotaxis after 45 mins by calcein-AM dye based plate reader method,CXCR2,CHEMBL3821597,CHEMBL3817840
CHEMBL3818984,O=C(Nc1ccc(Cl)c(S(=O)(=O)C2CCC2)c1O)Nc1cccc(F)c1Cl,7.9,Antagonist activity at human recombinant CXCR2 assessed as inhibition of CXCL1-induced neutrophil chemotaxis after 45 mins by calcein-AM dye based plate reader method,CXCR2,CHEMBL3821597,CHEMBL3817840
CHEMBL3818853,O=C(Nc1ccc(Cl)c(S(=O)(=O)C2CCCC2)c1O)Nc1cccc(F)c1Cl,7.6,Antagonist activity at human recombinant CXCR2 assessed as inhibition of CXCL1-induced neutrophil chemotaxis after 45 mins by calcein-AM dye based plate reader method,CXCR2,CHEMBL3821597,CHEMBL3817840
CHEMBL3819480,O=C(Nc1ccc(Cl)c(S(=O)(=O)C2CCCCC2)c1O)Nc1cccc(F)c1Cl,7.1,Antagonist activity at human recombinant CXCR2 assessed as inhibition of CXCL1-induced neutrophil chemotaxis after 45 mins by calcein-AM dye based plate reader method,CXCR2,CHEMBL3821597,CHEMBL3817840
CHEMBL3818793,O=C(Nc1ccc(Cl)c(S(=O)(=O)C2CCOC2)c1O)Nc1cccc(Cl)c1Cl,8.1,Antagonist activity at human recombinant CXCR2 assessed as inhibition of CXCL1-induced neutrophil chemotaxis after 45 mins by calcein-AM dye based plate reader method,CXCR2,CHEMBL3821597,CHEMBL3817840
CHEMBL3818820,O=C(Nc1ccc(Cl)c(S(=O)(=O)C2CCOCC2)c1O)Nc1cccc(Cl)c1Cl,8.2,Antagonist activity at human recombinant CXCR2 assessed as inhibition of CXCL1-induced neutrophil chemotaxis after 45 mins by calcein-AM dye based plate reader method,CXCR2,CHEMBL3821597,CHEMBL3817840
CHEMBL3819521,CN1CCC(S(=O)(=O)c2c(Cl)ccc(NC(=O)Nc3cccc(Cl)c3Cl)c2O)CC1,6.8,Antagonist activity at human recombinant CXCR2 assessed as inhibition of CXCL1-induced neutrophil chemotaxis after 45 mins by calcein-AM dye based plate reader method,CXCR2,CHEMBL3821597,CHEMBL3817840
CHEMBL3819512,CN1CCC(S(=O)(=O)c2c(Cl)ccc(NC(=O)Nc3cccc(F)c3Cl)c2O)CC1,7.6,Antagonist activity at human recombinant CXCR2 assessed as inhibition of CXCL1-induced neutrophil chemotaxis after 45 mins by calcein-AM dye based plate reader method,CXCR2,CHEMBL3821597,CHEMBL3817840
CHEMBL3818331,CCN1CCC(S(=O)(=O)c2c(Cl)ccc(NC(=O)Nc3cccc(F)c3Cl)c2O)CC1,6.8,Antagonist activity at human recombinant CXCR2 assessed as inhibition of CXCL1-induced neutrophil chemotaxis after 45 mins by calcein-AM dye based plate reader method,CXCR2,CHEMBL3821597,CHEMBL3817840
CHEMBL3818179,CN1CC[C@H](S(=O)(=O)c2c(Cl)ccc(NC(=O)Nc3cccc(Cl)c3Cl)c2O)C1,6.6,Antagonist activity at human recombinant CXCR2 assessed as inhibition of CXCL1-induced neutrophil chemotaxis after 45 mins by calcein-AM dye based plate reader method,CXCR2,CHEMBL3821597,CHEMBL3817840
CHEMBL3818277,CN1CC[C@H](S(=O)(=O)c2c(Cl)ccc(NC(=O)Nc3cccc(F)c3Cl)c2O)C1,7.1,Antagonist activity at human recombinant CXCR2 assessed as inhibition of CXCL1-induced neutrophil chemotaxis after 45 mins by calcein-AM dye based plate reader method,CXCR2,CHEMBL3821597,CHEMBL3817840
CHEMBL3818827,CN1CCC[C@H](S(=O)(=O)c2c(Cl)ccc(NC(=O)Nc3cccc(F)c3Cl)c2O)CC1,7.0,Antagonist activity at human recombinant CXCR2 assessed as inhibition of CXCL1-induced neutrophil chemotaxis after 45 mins by calcein-AM dye based plate reader method,CXCR2,CHEMBL3821597,CHEMBL3817840
CHEMBL3819163,CN1CC2(CC(S(=O)(=O)c3c(Cl)ccc(NC(=O)Nc4cccc(F)c4Cl)c3O)C2)C1,6.2,Antagonist activity at human recombinant CXCR2 assessed as inhibition of CXCL1-induced neutrophil chemotaxis after 45 mins by calcein-AM dye based plate reader method,CXCR2,CHEMBL3821597,CHEMBL3817840
CHEMBL3819070,CN1CCC2(CC1)CC(S(=O)(=O)c1c(Cl)ccc(NC(=O)Nc3cccc(F)c3Cl)c1O)C2,8.7,Antagonist activity at human recombinant CXCR2 assessed as inhibition of CXCL1-induced neutrophil chemotaxis after 45 mins by calcein-AM dye based plate reader method,CXCR2,CHEMBL3821597,CHEMBL3817840
CHEMBL3818581,CN1CCC2(CCC(S(=O)(=O)c3c(Cl)ccc(NC(=O)Nc4cccc(F)c4Cl)c3O)CC2)CC1,7.6,Antagonist activity at human recombinant CXCR2 assessed as inhibition of CXCL1-induced neutrophil chemotaxis after 45 mins by calcein-AM dye based plate reader method,CXCR2,CHEMBL3821597,CHEMBL3817840
CHEMBL3818323,O=C(Nc1ccc(Cl)c(C(=O)N2CCCC2)c1O)Nc1cccc(F)c1Cl,8.1,Antagonist activity at human recombinant CXCR2 assessed as inhibition of CXCL1-induced neutrophil chemotaxis after 45 mins by calcein-AM dye based plate reader method,CXCR2,CHEMBL3821597,CHEMBL3817840
CHEMBL3819221,O=C(Nc1ccc(Cl)c(C(=O)N2CCCCC2)c1O)Nc1cccc(F)c1Cl,8.2,Antagonist activity at human recombinant CXCR2 assessed as inhibition of CXCL1-induced neutrophil chemotaxis after 45 mins by calcein-AM dye based plate reader method,CXCR2,CHEMBL3821597,CHEMBL3817840
CHEMBL3039531,Cc1c(F)cccc1NC(=O)Nc1ccc(Cl)c(S(=O)(=O)[C@H]2CCCNC2)c1O,8.3,Antagonist activity at CXCR2 (unknown origin) expressed in CHO-K1 cells co-expressing Galpha-16 assessed as inhibition of IL8-induced calcium mobilization measured after 10 mins by Fluo-4AM dye based FLIPR assay,CXCR2,CHEMBL3882305,CHEMBL3882244
CHEMBL3949893,O=C(Nc1cccnc1Cl)Nc1ccc(Cl)c(S(=O)(=O)[C@H]2CCCNC2)c1O,8.3,Antagonist activity at CXCR2 (unknown origin) expressed in CHO-K1 cells co-expressing Galpha-16 assessed as inhibition of IL8-induced calcium mobilization measured after 10 mins by Fluo-4AM dye based FLIPR assay,CXCR2,CHEMBL3882305,CHEMBL3882244
CHEMBL3960024,O=C(Nc1ccc(Cl)c(S(=O)(=O)[C@H]2CCCNC2)c1O)Nc1cccc(F)c1Cl,8.3,Antagonist activity at CXCR2 (unknown origin) expressed in CHO-K1 cells co-expressing Galpha-16 assessed as inhibition of IL8-induced calcium mobilization measured after 10 mins by Fluo-4AM dye based FLIPR assay,CXCR2,CHEMBL3882305,CHEMBL3882244
CHEMBL3941989,Cc1c(F)cccc1NC(=O)Nc1ccc(Cl)c(S(=O)(=O)[C@@H]2C[C@H]3CC[C@@H](C2)N3C)c1O,8.3,Antagonist activity at CXCR2 (unknown origin) expressed in CHO-K1 cells co-expressing Galpha-16 assessed as inhibition of IL8-induced calcium mobilization measured after 10 mins by Fluo-4AM dye based FLIPR assay,CXCR2,CHEMBL3882305,CHEMBL3882244
CHEMBL3950351,O=C(Nc1ccccc1OC(F)(F)F)Nc1ccc(Cl)c(S(=O)(=O)CC2CCNC2)c1O,8.3,Antagonist activity at CXCR2 (unknown origin) expressed in CHO-K1 cells co-expressing Galpha-16 assessed as inhibition of IL8-induced calcium mobilization measured after 10 mins by Fluo-4AM dye based FLIPR assay,CXCR2,CHEMBL3882305,CHEMBL3882244
CHEMBL3953055,O=C(Nc1cccnc1Cl)Nc1ccc(Cl)c(S(=O)(=O)C2CNC2)c1O,8.3,Antagonist activity at CXCR2 (unknown origin) expressed in CHO-K1 cells co-expressing Galpha-16 assessed as inhibition of IL8-induced calcium mobilization measured after 10 mins by Fluo-4AM dye based FLIPR assay,CXCR2,CHEMBL3882305,CHEMBL3882244
CHEMBL3946021,Cc1c(F)cccc1NC(=O)Nc1ccc(Cl)c(S(=O)(=O)CC2CCNC2)c1O,8.3,Antagonist activity at CXCR2 (unknown origin) expressed in CHO-K1 cells co-expressing Galpha-16 assessed as inhibition of IL8-induced calcium mobilization measured after 10 mins by Fluo-4AM dye based FLIPR assay,CXCR2,CHEMBL3882305,CHEMBL3882244
CHEMBL3952713,O=C(Nc1ccc(Cl)c(S(=O)(=O)C2CNC2)c1O)Nc1cccc(F)c1Cl,8.3,Antagonist activity at CXCR2 (unknown origin) expressed in CHO-K1 cells co-expressing Galpha-16 assessed as inhibition of IL8-induced calcium mobilization measured after 10 mins by Fluo-4AM dye based FLIPR assay,CXCR2,CHEMBL3882305,CHEMBL3882244
CHEMBL3901031,Cc1c(F)cccc1NC(=O)Nc1ccc(Cl)c(S(=O)(=O)C2CNC2)c1O,8.3,Antagonist activity at CXCR2 (unknown origin) expressed in CHO-K1 cells co-expressing Galpha-16 assessed as inhibition of IL8-induced calcium mobilization measured after 10 mins by Fluo-4AM dye based FLIPR assay,CXCR2,CHEMBL3882305,CHEMBL3882244
CHEMBL3910854,O=C(Nc1ccc(Cl)c(S(=O)(=O)CC2CCNC2)c1O)Nc1cccc(F)c1Cl,8.3,Antagonist activity at CXCR2 (unknown origin) expressed in CHO-K1 cells co-expressing Galpha-16 assessed as inhibition of IL8-induced calcium mobilization measured after 10 mins by Fluo-4AM dye based FLIPR assay,CXCR2,CHEMBL3882305,CHEMBL3882244
CHEMBL3926993,CCc1ccccc1NC(=O)Nc1ccc(Cl)c(S(=O)(=O)C2CCCNC2)c1O,8.3,Antagonist activity at CXCR2 (unknown origin) expressed in CHO-K1 cells co-expressing Galpha-16 assessed as inhibition of IL8-induced calcium mobilization measured after 10 mins by Fluo-4AM dye based FLIPR assay,CXCR2,CHEMBL3882305,CHEMBL3882244
CHEMBL3929680,O=C(Nc1cccnc1Cl)Nc1ccc(Cl)c(S(=O)(=O)C2CCCNC2)c1O,8.3,Antagonist activity at CXCR2 (unknown origin) expressed in CHO-K1 cells co-expressing Galpha-16 assessed as inhibition of IL8-induced calcium mobilization measured after 10 mins by Fluo-4AM dye based FLIPR assay,CXCR2,CHEMBL3882305,CHEMBL3882244
CHEMBL3951311,O=C(Nc1ccccc1OC(F)(F)F)Nc1ccc(Cl)c(S(=O)(=O)C2CCCNC2)c1O,8.3,Antagonist activity at CXCR2 (unknown origin) expressed in CHO-K1 cells co-expressing Galpha-16 assessed as inhibition of IL8-induced calcium mobilization measured after 10 mins by Fluo-4AM dye based FLIPR assay,CXCR2,CHEMBL3882305,CHEMBL3882244
CHEMBL3953988,Cc1c(F)cccc1NC(=O)Nc1ccc(Cl)c(S(=O)(=O)C2CCCNC2)c1O,8.3,Antagonist activity at CXCR2 (unknown origin) expressed in CHO-K1 cells co-expressing Galpha-16 assessed as inhibition of IL8-induced calcium mobilization measured after 10 mins by Fluo-4AM dye based FLIPR assay,CXCR2,CHEMBL3882305,CHEMBL3882244
CHEMBL3906495,O=C(Nc1ccc(Cl)c(S(=O)(=O)C2CCCNC2)c1O)Nc1cccc(F)c1Cl,8.3,Antagonist activity at CXCR2 (unknown origin) expressed in CHO-K1 cells co-expressing Galpha-16 assessed as inhibition of IL8-induced calcium mobilization measured after 10 mins by Fluo-4AM dye based FLIPR assay,CXCR2,CHEMBL3882305,CHEMBL3882244
CHEMBL3916281,O=C(Nc1ccc(Cl)c(S(=O)(=O)C2CCCNC2)c1O)Nc1cccc(Cl)c1Cl,8.3,Antagonist activity at CXCR2 (unknown origin) expressed in CHO-K1 cells co-expressing Galpha-16 assessed as inhibition of IL8-induced calcium mobilization measured after 10 mins by Fluo-4AM dye based FLIPR assay,CXCR2,CHEMBL3882305,CHEMBL3882244
CHEMBL3967642,O=C(Nc1ccc(Cl)c(S(=O)(=O)C2CCNCC2)c1O)Nc1cccc(F)c1Cl,8.3,Antagonist activity at CXCR2 (unknown origin) expressed in CHO-K1 cells co-expressing Galpha-16 assessed as inhibition of IL8-induced calcium mobilization measured after 10 mins by Fluo-4AM dye based FLIPR assay,CXCR2,CHEMBL3882305,CHEMBL3882244
CHEMBL3970321,Cc1c(F)cccc1NC(=O)Nc1ccc(Cl)c(S(=O)(=O)C2CCNCC2)c1O,8.3,Antagonist activity at CXCR2 (unknown origin) expressed in CHO-K1 cells co-expressing Galpha-16 assessed as inhibition of IL8-induced calcium mobilization measured after 10 mins by Fluo-4AM dye based FLIPR assay,CXCR2,CHEMBL3882305,CHEMBL3882244
CHEMBL3927944,O=C(Nc1ccccc1OC(F)(F)F)Nc1ccc(Cl)c(S(=O)(=O)C2CCNCC2)c1O,8.3,Antagonist activity at CXCR2 (unknown origin) expressed in CHO-K1 cells co-expressing Galpha-16 assessed as inhibition of IL8-induced calcium mobilization measured after 10 mins by Fluo-4AM dye based FLIPR assay,CXCR2,CHEMBL3882305,CHEMBL3882244
CHEMBL3930695,CCc1ccccc1NC(=O)Nc1ccc(Cl)c(S(=O)(=O)C2CCNCC2)c1O,8.3,Antagonist activity at CXCR2 (unknown origin) expressed in CHO-K1 cells co-expressing Galpha-16 assessed as inhibition of IL8-induced calcium mobilization measured after 10 mins by Fluo-4AM dye based FLIPR assay,CXCR2,CHEMBL3882305,CHEMBL3882244
CHEMBL3892206,O=C(Nc1cccnc1Cl)Nc1ccc(Cl)c(S(=O)(=O)C2CCNCC2)c1O,8.3,Antagonist activity at CXCR2 (unknown origin) expressed in CHO-K1 cells co-expressing Galpha-16 assessed as inhibition of IL8-induced calcium mobilization measured after 10 mins by Fluo-4AM dye based FLIPR assay,CXCR2,CHEMBL3882305,CHEMBL3882244
CHEMBL3892666,O=C(Nc1ccc(Cl)c(S(=O)(=O)C2CCNCC2)c1O)Nc1cccc2c1OC(F)(F)O2,8.3,Antagonist activity at CXCR2 (unknown origin) expressed in CHO-K1 cells co-expressing Galpha-16 assessed as inhibition of IL8-induced calcium mobilization measured after 10 mins by Fluo-4AM dye based FLIPR assay,CXCR2,CHEMBL3882305,CHEMBL3882244
CHEMBL3973880,O=C(Nc1cccnc1Cl)Nc1ccc(Cl)c(S(=O)(=O)[C@H]2CCNC2)c1O,8.3,Antagonist activity at CXCR2 (unknown origin) expressed in CHO-K1 cells co-expressing Galpha-16 assessed as inhibition of IL8-induced calcium mobilization measured after 10 mins by Fluo-4AM dye based FLIPR assay,CXCR2,CHEMBL3882305,CHEMBL3882244
CHEMBL3971309,Cc1c(F)cccc1NC(=O)Nc1ccc(Cl)c(S(=O)(=O)[C@H]2CCNC2)c1O,8.3,Antagonist activity at CXCR2 (unknown origin) expressed in CHO-K1 cells co-expressing Galpha-16 assessed as inhibition of IL8-induced calcium mobilization measured after 10 mins by Fluo-4AM dye based FLIPR assay,CXCR2,CHEMBL3882305,CHEMBL3882244
CHEMBL3912983,O=C(Nc1ccc(Cl)c(S(=O)(=O)[C@H]2CCNC2)c1O)Nc1cccc(F)c1Cl,8.3,Antagonist activity at CXCR2 (unknown origin) expressed in CHO-K1 cells co-expressing Galpha-16 assessed as inhibition of IL8-induced calcium mobilization measured after 10 mins by Fluo-4AM dye based FLIPR assay,CXCR2,CHEMBL3882305,CHEMBL3882244
CHEMBL3910320,O=C(Nc1ccccc1Oc1ccccc1)Nc1ccc(Cl)c(S(=O)(=O)[C@H]2CCNC2)c1O,8.3,Antagonist activity at CXCR2 (unknown origin) expressed in CHO-K1 cells co-expressing Galpha-16 assessed as inhibition of IL8-induced calcium mobilization measured after 10 mins by Fluo-4AM dye based FLIPR assay,CXCR2,CHEMBL3882305,CHEMBL3882244
CHEMBL3957549,CCOC(=O)N1CCC(S(=O)(=O)c2c(Cl)ccc(NC(=O)Nc3ccccc3Oc3ccccc3)c2O)CC1,8.3,Antagonist activity at CXCR2 (unknown origin) expressed in CHO-K1 cells co-expressing Galpha-16 assessed as inhibition of IL8-induced calcium mobilization measured after 10 mins by Fluo-4AM dye based FLIPR assay,CXCR2,CHEMBL3882305,CHEMBL3882244
CHEMBL3948111,O=C(Nc1ccccc1Oc1ccccc1)Nc1ccc(Cl)c(S(=O)(=O)C2CCNCC2)c1O,8.3,Antagonist activity at CXCR2 (unknown origin) expressed in CHO-K1 cells co-expressing Galpha-16 assessed as inhibition of IL8-induced calcium mobilization measured after 10 mins by Fluo-4AM dye based FLIPR assay,CXCR2,CHEMBL3882305,CHEMBL3882244
CHEMBL3895808,CCOC(=O)N1CCC(S(=O)(=O)c2c(Cl)ccc(NC(=O)Nc3cccc(F)c3Cl)c2O)CC1,8.3,Antagonist activity at CXCR2 (unknown origin) expressed in CHO-K1 cells co-expressing Galpha-16 assessed as inhibition of IL8-induced calcium mobilization measured after 10 mins by Fluo-4AM dye based FLIPR assay,CXCR2,CHEMBL3882305,CHEMBL3882244
CHEMBL3936567,O=C(Nc1ccc(Cl)c(S(=O)(=O)C2C[C@H]3CC[C@@H](C2)N3)c1O)Nc1cccc(F)c1Cl,8.3,Antagonist activity at CXCR2 (unknown origin) expressed in CHO-K1 cells co-expressing Galpha-16 assessed as inhibition of IL8-induced calcium mobilization measured after 10 mins by Fluo-4AM dye based FLIPR assay,CXCR2,CHEMBL3882305,CHEMBL3882244
CHEMBL3933806,CCOC(=O)N1CCC(S(=O)(=O)c2c(Cl)ccc(NC(=O)Nc3cccc(F)c3C)c2O)CC1,8.3,Antagonist activity at CXCR2 (unknown origin) expressed in CHO-K1 cells co-expressing Galpha-16 assessed as inhibition of IL8-induced calcium mobilization measured after 10 mins by Fluo-4AM dye based FLIPR assay,CXCR2,CHEMBL3882305,CHEMBL3882244
CHEMBL3912422,O=C(Nc1ccccc1Oc1ccccc1)Nc1ccc(Cl)c(S(=O)(=O)C2C[C@H]3CC[C@@H](C2)N3)c1O,8.3,Antagonist activity at CXCR2 (unknown origin) expressed in CHO-K1 cells co-expressing Galpha-16 assessed as inhibition of IL8-induced calcium mobilization measured after 10 mins by Fluo-4AM dye based FLIPR assay,CXCR2,CHEMBL3882305,CHEMBL3882244
CHEMBL3915083,O=C(Nc1ccccc1OC(F)(F)F)Nc1ccc(Cl)c(S(=O)(=O)[C@@H]2CCNC2)c1O,8.3,Antagonist activity at CXCR2 (unknown origin) expressed in CHO-K1 cells co-expressing Galpha-16 assessed as inhibition of IL8-induced calcium mobilization measured after 10 mins by Fluo-4AM dye based FLIPR assay,CXCR2,CHEMBL3882305,CHEMBL3882244
CHEMBL3950195,O=C(Nc1ccc(Cl)c(S(=O)(=O)[C@@H]2CCNC2)c1O)Nc1cccc2c1OC(F)(F)O2,8.3,Antagonist activity at CXCR2 (unknown origin) expressed in CHO-K1 cells co-expressing Galpha-16 assessed as inhibition of IL8-induced calcium mobilization measured after 10 mins by Fluo-4AM dye based FLIPR assay,CXCR2,CHEMBL3882305,CHEMBL3882244
CHEMBL3952903,Cc1c(F)cccc1NC(=O)Nc1ccc(Cl)c(S(=O)(=O)C2C[C@H]3CC[C@@H](C2)N3)c1O,8.3,Antagonist activity at CXCR2 (unknown origin) expressed in CHO-K1 cells co-expressing Galpha-16 assessed as inhibition of IL8-induced calcium mobilization measured after 10 mins by Fluo-4AM dye based FLIPR assay,CXCR2,CHEMBL3882305,CHEMBL3882244
CHEMBL3890888,CCc1ccccc1NC(=O)Nc1ccc(Cl)c(S(=O)(=O)[C@@H]2CCNC2)c1O,8.3,Antagonist activity at CXCR2 (unknown origin) expressed in CHO-K1 cells co-expressing Galpha-16 assessed as inhibition of IL8-induced calcium mobilization measured after 10 mins by Fluo-4AM dye based FLIPR assay,CXCR2,CHEMBL3882305,CHEMBL3882244
CHEMBL3948929,O=C(Nc1cccnc1Cl)Nc1ccc(Cl)c(S(=O)(=O)C2C[C@H]3CC[C@@H](C2)N3)c1O,8.3,Antagonist activity at CXCR2 (unknown origin) expressed in CHO-K1 cells co-expressing Galpha-16 assessed as inhibition of IL8-induced calcium mobilization measured after 10 mins by Fluo-4AM dye based FLIPR assay,CXCR2,CHEMBL3882305,CHEMBL3882244
CHEMBL3966527,O=C(Nc1ccc(Cl)c(S(=O)(=O)[C@@H]2CCNC2)c1O)Nc1cccc(F)c1Cl,8.3,Antagonist activity at CXCR2 (unknown origin) expressed in CHO-K1 cells co-expressing Galpha-16 assessed as inhibition of IL8-induced calcium mobilization measured after 10 mins by Fluo-4AM dye based FLIPR assay,CXCR2,CHEMBL3882305,CHEMBL3882244
CHEMBL3645130,CC(C)(NC(=O)c1sc2ccccc2c1OCCOc1ccccc1)C(=O)O,5.75,Calcium Fluorescence Assay (FLIPR) : CXCR2 inhibition using calcium fluorescence assay (FLIPR).,CXCR2,CHEMBL3705309,CHEMBL3638729
CHEMBL3645131,CC(CCc1ccccc1)Oc1c(C(=O)NC2(C(=O)O)CCCC2)ccc2ccccc12,6.04,Calcium Fluorescence Assay (FLIPR) : CXCR2 inhibition using calcium fluorescence assay (FLIPR).,CXCR2,CHEMBL3705309,CHEMBL3638729
CHEMBL3645132,CC(C)CC(C)(NC(=O)c1ccc2ccccc2c1OCCOc1ccccc1)C(=O)O,5.59,Calcium Fluorescence Assay (FLIPR) : CXCR2 inhibition using calcium fluorescence assay (FLIPR).,CXCR2,CHEMBL3705309,CHEMBL3638729
CHEMBL3645133,CC(C)(NC(=O)c1ccc2ccccc2c1OCCOc1ccc(F)c(Cl)c1)C(=O)O,5.9,Calcium Fluorescence Assay (FLIPR) : CXCR2 inhibition using calcium fluorescence assay (FLIPR).,CXCR2,CHEMBL3705309,CHEMBL3638729
CHEMBL3645134,O=C(NC1(C(=O)O)CCC1)c1ccc2ccccc2c1OCCOc1ccc(F)cc1,5.49,Calcium Fluorescence Assay (FLIPR) : CXCR2 inhibition using calcium fluorescence assay (FLIPR).,CXCR2,CHEMBL3705309,CHEMBL3638729
CHEMBL3645135,CC(C)(NC(=O)c1ccc2ccccc2c1C#CCCCc1ccccc1)C(=O)O,5.78,Calcium Fluorescence Assay (FLIPR) : CXCR2 inhibition using calcium fluorescence assay (FLIPR).,CXCR2,CHEMBL3705309,CHEMBL3638729
CHEMBL3648347,CCC(NC(=O)c1ccc2ccccc2c1OCc1ccc(C(F)(F)F)cc1)(C(=O)O)c1ccccc1,5.66,"Calicum Fluorescence Assay: The assay is based on the detection of intracellular calcium changes detected by the selective, calcium-chelating dye, Fluo-4 (Molecular Probes).",CXCR2,CHEMBL3705069,CHEMBL3639002
CHEMBL3648348,O=C(NC1(C(=O)O)CCOCC1)c1cc(F)c2ccccc2c1OCc1ccc(SC(F)(F)F)cc1,5.22,"Calicum Fluorescence Assay: The assay is based on the detection of intracellular calcium changes detected by the selective, calcium-chelating dye, Fluo-4 (Molecular Probes).",CXCR2,CHEMBL3705069,CHEMBL3639002
CHEMBL3654433,CC(C)(NC(=O)c1ccc2c(c1OCCC1CCCCC1)CCCC2)C(=O)O,5.85,"Calcium Fluorescence Assay: The assay is based on the detection of intracellular calcium changes detected by the selective, calcium-chelating dye, Fluo-4 (Molecular Probes). A large fluorescence intensity increase is observed upon calcium association with Fluo-4. The dye is delivered to the cell interior using an acetoxymethylester form of Fluo-4, where the intracellular esterase activity results in the charged species being released and trapped within the cytoplasm of the cell. hence, influx of calcium to this cytoplasmic pocket, via release from intracellular pools and the phospholipase C cascade can be detected. By co-expressing the CXCR2 receptor and the promiscuous Galpha 16 protein, activation of this chemokine receptor is directed into this phospholipase C cascade resulting in intracellular calcium mobilization.The CHOK1 cells stably transfected with human CXCR2 and the promiscuous Galpha 16 protein were maintained in a log phase of growth at 37 C. and 5% CO2 in the following media: Iscove's.",CXCR2,CHEMBL3705676,CHEMBL3638454
CHEMBL3654434,CC(C)(NC(=O)c1ccc2c(c1OCCOc1ccccc1)CCCC2)C(=O)O,6.0,"Calcium Fluorescence Assay: The assay is based on the detection of intracellular calcium changes detected by the selective, calcium-chelating dye, Fluo-4 (Molecular Probes). A large fluorescence intensity increase is observed upon calcium association with Fluo-4. The dye is delivered to the cell interior using an acetoxymethylester form of Fluo-4, where the intracellular esterase activity results in the charged species being released and trapped within the cytoplasm of the cell. hence, influx of calcium to this cytoplasmic pocket, via release from intracellular pools and the phospholipase C cascade can be detected. By co-expressing the CXCR2 receptor and the promiscuous Galpha 16 protein, activation of this chemokine receptor is directed into this phospholipase C cascade resulting in intracellular calcium mobilization.The CHOK1 cells stably transfected with human CXCR2 and the promiscuous Galpha 16 protein were maintained in a log phase of growth at 37 C. and 5% CO2 in the following media: Iscove's.",CXCR2,CHEMBL3705676,CHEMBL3638454
CHEMBL3654435,CC(C)(NC(=O)c1ccc2c(c1OCCCCc1ccccc1)CCCC2)C(=O)O,5.7,"Calcium Fluorescence Assay: The assay is based on the detection of intracellular calcium changes detected by the selective, calcium-chelating dye, Fluo-4 (Molecular Probes). A large fluorescence intensity increase is observed upon calcium association with Fluo-4. The dye is delivered to the cell interior using an acetoxymethylester form of Fluo-4, where the intracellular esterase activity results in the charged species being released and trapped within the cytoplasm of the cell. hence, influx of calcium to this cytoplasmic pocket, via release from intracellular pools and the phospholipase C cascade can be detected. By co-expressing the CXCR2 receptor and the promiscuous Galpha 16 protein, activation of this chemokine receptor is directed into this phospholipase C cascade resulting in intracellular calcium mobilization.The CHOK1 cells stably transfected with human CXCR2 and the promiscuous Galpha 16 protein were maintained in a log phase of growth at 37 C. and 5% CO2 in the following media: Iscove's.",CXCR2,CHEMBL3705676,CHEMBL3638454
CHEMBL3654436,CC(C)(NC(=O)c1ccc2c(c1OCCCOc1ccccc1)CCCC2)C(=O)O,5.68,"Calcium Fluorescence Assay: The assay is based on the detection of intracellular calcium changes detected by the selective, calcium-chelating dye, Fluo-4 (Molecular Probes). A large fluorescence intensity increase is observed upon calcium association with Fluo-4. The dye is delivered to the cell interior using an acetoxymethylester form of Fluo-4, where the intracellular esterase activity results in the charged species being released and trapped within the cytoplasm of the cell. hence, influx of calcium to this cytoplasmic pocket, via release from intracellular pools and the phospholipase C cascade can be detected. By co-expressing the CXCR2 receptor and the promiscuous Galpha 16 protein, activation of this chemokine receptor is directed into this phospholipase C cascade resulting in intracellular calcium mobilization.The CHOK1 cells stably transfected with human CXCR2 and the promiscuous Galpha 16 protein were maintained in a log phase of growth at 37 C. and 5% CO2 in the following media: Iscove's.",CXCR2,CHEMBL3705676,CHEMBL3638454
CHEMBL3654437,CC(C)(NC(=O)c1ccc2ccsc2c1OCCCc1ccccc1)C(=O)O,6.22,"Calcium Fluorescence Assay: The assay is based on the detection of intracellular calcium changes detected by the selective, calcium-chelating dye, Fluo-4 (Molecular Probes). A large fluorescence intensity increase is observed upon calcium association with Fluo-4. The dye is delivered to the cell interior using an acetoxymethylester form of Fluo-4, where the intracellular esterase activity results in the charged species being released and trapped within the cytoplasm of the cell. hence, influx of calcium to this cytoplasmic pocket, via release from intracellular pools and the phospholipase C cascade can be detected. By co-expressing the CXCR2 receptor and the promiscuous Galpha 16 protein, activation of this chemokine receptor is directed into this phospholipase C cascade resulting in intracellular calcium mobilization.The CHOK1 cells stably transfected with human CXCR2 and the promiscuous Galpha 16 protein were maintained in a log phase of growth at 37 C. and 5% CO2 in the following media: Iscove's.",CXCR2,CHEMBL3705676,CHEMBL3638454
CHEMBL3654438,CC(C)(NC(=O)c1ccc2ccsc2c1OCCOc1ccc(F)cc1)C(=O)O,6.1,"Calcium Fluorescence Assay: The assay is based on the detection of intracellular calcium changes detected by the selective, calcium-chelating dye, Fluo-4 (Molecular Probes). A large fluorescence intensity increase is observed upon calcium association with Fluo-4. The dye is delivered to the cell interior using an acetoxymethylester form of Fluo-4, where the intracellular esterase activity results in the charged species being released and trapped within the cytoplasm of the cell. hence, influx of calcium to this cytoplasmic pocket, via release from intracellular pools and the phospholipase C cascade can be detected. By co-expressing the CXCR2 receptor and the promiscuous Galpha 16 protein, activation of this chemokine receptor is directed into this phospholipase C cascade resulting in intracellular calcium mobilization.The CHOK1 cells stably transfected with human CXCR2 and the promiscuous Galpha 16 protein were maintained in a log phase of growth at 37 C. and 5% CO2 in the following media: Iscove's.",CXCR2,CHEMBL3705676,CHEMBL3638454
CHEMBL3654439,CC(C)(NC(=O)c1ccc2sccc2c1OCCOc1ccccc1)C(=O)O,5.77,"Calcium Fluorescence Assay: The assay is based on the detection of intracellular calcium changes detected by the selective, calcium-chelating dye, Fluo-4 (Molecular Probes). A large fluorescence intensity increase is observed upon calcium association with Fluo-4. The dye is delivered to the cell interior using an acetoxymethylester form of Fluo-4, where the intracellular esterase activity results in the charged species being released and trapped within the cytoplasm of the cell. hence, influx of calcium to this cytoplasmic pocket, via release from intracellular pools and the phospholipase C cascade can be detected. By co-expressing the CXCR2 receptor and the promiscuous Galpha 16 protein, activation of this chemokine receptor is directed into this phospholipase C cascade resulting in intracellular calcium mobilization.The CHOK1 cells stably transfected with human CXCR2 and the promiscuous Galpha 16 protein were maintained in a log phase of growth at 37 C. and 5% CO2 in the following media: Iscove's.",CXCR2,CHEMBL3705676,CHEMBL3638454
CHEMBL3342269,O=C(Nc1ccc(F)cc1)c1ccc(SCc2ccccc2B(O)O)nc1,7.42,"In Vitro Inhibition Assay: An in vitro assay showed inhibition of CXCR2-mediated intracellular calcium release. Briefly, human neutrophils were suspended in HBSS- (without Ca2+ and Mg2+) containing 10 mM HEPES and FLIPR Calcium 3 dye (3.1x107 cells in total volume 1.7 mL). Cells were aliquoted (200 uL of the cell suspension per tube, 8 tubes total) and 2 uL of the designated compound (with appropriate dilutions) were added to each of 6 tubes. As controls, 2 uL of DMSO (1% final concentration) were added to 2 other tubes. Cells were incubated for 30 min at 37 C. After dye loading, tubes were centrifuged at 6,000 rpm for 1 min, supernatant was removed and the cell pellet was re-suspended in 200 uL of HBSS+ (with Ca2+ and Mg2+) containing 10 mM HEPES. The test compound or DMSO (control) was added again at the same concentrations that were used during cell loading. The cell suspension was aliquoted into a 96-well Reading Plate (Corning) in a volume of 90 uL (105 cells/well).",CXCR2,CHEMBL3705746,CHEMBL3639254
CHEMBL3426944,O=C(Nc1ccc(F)cc1)c1ccc(SCc2cc(OC(F)(F)F)ccc2B(O)O)nc1,7.66,"In Vitro Inhibition Assay: An in vitro assay showed inhibition of CXCR2-mediated intracellular calcium release. Briefly, human neutrophils were suspended in HBSS- (without Ca2+ and Mg2+) containing 10 mM HEPES and FLIPR Calcium 3 dye (3.1x107 cells in total volume 1.7 mL). Cells were aliquoted (200 uL of the cell suspension per tube, 8 tubes total) and 2 uL of the designated compound (with appropriate dilutions) were added to each of 6 tubes. As controls, 2 uL of DMSO (1% final concentration) were added to 2 other tubes. Cells were incubated for 30 min at 37 C. After dye loading, tubes were centrifuged at 6,000 rpm for 1 min, supernatant was removed and the cell pellet was re-suspended in 200 uL of HBSS+ (with Ca2+ and Mg2+) containing 10 mM HEPES. The test compound or DMSO (control) was added again at the same concentrations that were used during cell loading. The cell suspension was aliquoted into a 96-well Reading Plate (Corning) in a volume of 90 uL (105 cells/well).",CXCR2,CHEMBL3705746,CHEMBL3639254
CHEMBL3426949,O=C(Nc1ccc(F)cc1)c1ccc(SCc2cc(F)ccc2B(O)O)nc1,7.28,"In Vitro Inhibition Assay: An in vitro assay showed inhibition of CXCR2-mediated intracellular calcium release. Briefly, human neutrophils were suspended in HBSS- (without Ca2+ and Mg2+) containing 10 mM HEPES and FLIPR Calcium 3 dye (3.1x107 cells in total volume 1.7 mL). Cells were aliquoted (200 uL of the cell suspension per tube, 8 tubes total) and 2 uL of the designated compound (with appropriate dilutions) were added to each of 6 tubes. As controls, 2 uL of DMSO (1% final concentration) were added to 2 other tubes. Cells were incubated for 30 min at 37 C. After dye loading, tubes were centrifuged at 6,000 rpm for 1 min, supernatant was removed and the cell pellet was re-suspended in 200 uL of HBSS+ (with Ca2+ and Mg2+) containing 10 mM HEPES. The test compound or DMSO (control) was added again at the same concentrations that were used during cell loading. The cell suspension was aliquoted into a 96-well Reading Plate (Corning) in a volume of 90 uL (105 cells/well).",CXCR2,CHEMBL3705746,CHEMBL3639254
CHEMBL3426945,COc1ccc(B(O)O)c(CSc2ccc(C(=O)Nc3ccc(F)cc3)cn2)c1,7.1,"In Vitro Inhibition Assay: An in vitro assay showed inhibition of CXCR2-mediated intracellular calcium release. Briefly, human neutrophils were suspended in HBSS- (without Ca2+ and Mg2+) containing 10 mM HEPES and FLIPR Calcium 3 dye (3.1x107 cells in total volume 1.7 mL). Cells were aliquoted (200 uL of the cell suspension per tube, 8 tubes total) and 2 uL of the designated compound (with appropriate dilutions) were added to each of 6 tubes. As controls, 2 uL of DMSO (1% final concentration) were added to 2 other tubes. Cells were incubated for 30 min at 37 C. After dye loading, tubes were centrifuged at 6,000 rpm for 1 min, supernatant was removed and the cell pellet was re-suspended in 200 uL of HBSS+ (with Ca2+ and Mg2+) containing 10 mM HEPES. The test compound or DMSO (control) was added again at the same concentrations that were used during cell loading. The cell suspension was aliquoted into a 96-well Reading Plate (Corning) in a volume of 90 uL (105 cells/well).",CXCR2,CHEMBL3705746,CHEMBL3639254
CHEMBL3426948,O=C(Nc1ccc(F)cc1)c1ccc(SCc2cccc(B(O)O)c2)nc1,5.71,"In Vitro Inhibition Assay: An in vitro assay showed inhibition of CXCR2-mediated intracellular calcium release. Briefly, human neutrophils were suspended in HBSS- (without Ca2+ and Mg2+) containing 10 mM HEPES and FLIPR Calcium 3 dye (3.1x107 cells in total volume 1.7 mL). Cells were aliquoted (200 uL of the cell suspension per tube, 8 tubes total) and 2 uL of the designated compound (with appropriate dilutions) were added to each of 6 tubes. As controls, 2 uL of DMSO (1% final concentration) were added to 2 other tubes. Cells were incubated for 30 min at 37 C. After dye loading, tubes were centrifuged at 6,000 rpm for 1 min, supernatant was removed and the cell pellet was re-suspended in 200 uL of HBSS+ (with Ca2+ and Mg2+) containing 10 mM HEPES. The test compound or DMSO (control) was added again at the same concentrations that were used during cell loading. The cell suspension was aliquoted into a 96-well Reading Plate (Corning) in a volume of 90 uL (105 cells/well).",CXCR2,CHEMBL3705746,CHEMBL3639254
CHEMBL3426952,O=C(Nc1ccc(F)cc1)c1ccc(SCc2ccc(B(O)O)cc2)nc1,6.05,"In Vitro Inhibition Assay: An in vitro assay showed inhibition of CXCR2-mediated intracellular calcium release. Briefly, human neutrophils were suspended in HBSS- (without Ca2+ and Mg2+) containing 10 mM HEPES and FLIPR Calcium 3 dye (3.1x107 cells in total volume 1.7 mL). Cells were aliquoted (200 uL of the cell suspension per tube, 8 tubes total) and 2 uL of the designated compound (with appropriate dilutions) were added to each of 6 tubes. As controls, 2 uL of DMSO (1% final concentration) were added to 2 other tubes. Cells were incubated for 30 min at 37 C. After dye loading, tubes were centrifuged at 6,000 rpm for 1 min, supernatant was removed and the cell pellet was re-suspended in 200 uL of HBSS+ (with Ca2+ and Mg2+) containing 10 mM HEPES. The test compound or DMSO (control) was added again at the same concentrations that were used during cell loading. The cell suspension was aliquoted into a 96-well Reading Plate (Corning) in a volume of 90 uL (105 cells/well).",CXCR2,CHEMBL3705746,CHEMBL3639254
CHEMBL3426951,O=C(Nc1ccc(F)cc1)c1ccc(SCCc2ccccc2B(O)O)nc1,6.41,"In Vitro Inhibition Assay: An in vitro assay showed inhibition of CXCR2-mediated intracellular calcium release. Briefly, human neutrophils were suspended in HBSS- (without Ca2+ and Mg2+) containing 10 mM HEPES and FLIPR Calcium 3 dye (3.1x107 cells in total volume 1.7 mL). Cells were aliquoted (200 uL of the cell suspension per tube, 8 tubes total) and 2 uL of the designated compound (with appropriate dilutions) were added to each of 6 tubes. As controls, 2 uL of DMSO (1% final concentration) were added to 2 other tubes. Cells were incubated for 30 min at 37 C. After dye loading, tubes were centrifuged at 6,000 rpm for 1 min, supernatant was removed and the cell pellet was re-suspended in 200 uL of HBSS+ (with Ca2+ and Mg2+) containing 10 mM HEPES. The test compound or DMSO (control) was added again at the same concentrations that were used during cell loading. The cell suspension was aliquoted into a 96-well Reading Plate (Corning) in a volume of 90 uL (105 cells/well).",CXCR2,CHEMBL3705746,CHEMBL3639254
CHEMBL3426947,O=C(Nc1ccc(F)cc1)c1ccc(SCCCCB(O)O)nc1,6.16,"In Vitro Inhibition Assay: An in vitro assay showed inhibition of CXCR2-mediated intracellular calcium release. Briefly, human neutrophils were suspended in HBSS- (without Ca2+ and Mg2+) containing 10 mM HEPES and FLIPR Calcium 3 dye (3.1x107 cells in total volume 1.7 mL). Cells were aliquoted (200 uL of the cell suspension per tube, 8 tubes total) and 2 uL of the designated compound (with appropriate dilutions) were added to each of 6 tubes. As controls, 2 uL of DMSO (1% final concentration) were added to 2 other tubes. Cells were incubated for 30 min at 37 C. After dye loading, tubes were centrifuged at 6,000 rpm for 1 min, supernatant was removed and the cell pellet was re-suspended in 200 uL of HBSS+ (with Ca2+ and Mg2+) containing 10 mM HEPES. The test compound or DMSO (control) was added again at the same concentrations that were used during cell loading. The cell suspension was aliquoted into a 96-well Reading Plate (Corning) in a volume of 90 uL (105 cells/well).",CXCR2,CHEMBL3705746,CHEMBL3639254
CHEMBL3342291,O=C(Nc1ccc(F)cc1)c1ccc(SCc2ccccc2)nc1,6.41,"In Vitro Inhibition Assay: An in vitro assay showed inhibition of CXCR2-mediated intracellular calcium release. Briefly, human neutrophils were suspended in HBSS- (without Ca2+ and Mg2+) containing 10 mM HEPES and FLIPR Calcium 3 dye (3.1x107 cells in total volume 1.7 mL). Cells were aliquoted (200 uL of the cell suspension per tube, 8 tubes total) and 2 uL of the designated compound (with appropriate dilutions) were added to each of 6 tubes. As controls, 2 uL of DMSO (1% final concentration) were added to 2 other tubes. Cells were incubated for 30 min at 37 C. After dye loading, tubes were centrifuged at 6,000 rpm for 1 min, supernatant was removed and the cell pellet was re-suspended in 200 uL of HBSS+ (with Ca2+ and Mg2+) containing 10 mM HEPES. The test compound or DMSO (control) was added again at the same concentrations that were used during cell loading. The cell suspension was aliquoted into a 96-well Reading Plate (Corning) in a volume of 90 uL (105 cells/well).",CXCR2,CHEMBL3705746,CHEMBL3639254
CHEMBL3342304,O=C(Nc1ccc(F)cc1)c1ccc(SCc2ccccc2O)nc1,6.56,"In Vitro Inhibition Assay: An in vitro assay showed inhibition of CXCR2-mediated intracellular calcium release. Briefly, human neutrophils were suspended in HBSS- (without Ca2+ and Mg2+) containing 10 mM HEPES and FLIPR Calcium 3 dye (3.1x107 cells in total volume 1.7 mL). Cells were aliquoted (200 uL of the cell suspension per tube, 8 tubes total) and 2 uL of the designated compound (with appropriate dilutions) were added to each of 6 tubes. As controls, 2 uL of DMSO (1% final concentration) were added to 2 other tubes. Cells were incubated for 30 min at 37 C. After dye loading, tubes were centrifuged at 6,000 rpm for 1 min, supernatant was removed and the cell pellet was re-suspended in 200 uL of HBSS+ (with Ca2+ and Mg2+) containing 10 mM HEPES. The test compound or DMSO (control) was added again at the same concentrations that were used during cell loading. The cell suspension was aliquoted into a 96-well Reading Plate (Corning) in a volume of 90 uL (105 cells/well).",CXCR2,CHEMBL3705746,CHEMBL3639254
CHEMBL3654441,O=C(Nc1ccc(F)cc1)c1ccc(SCc2cc(OC(F)(F)F)ccc2O)nc1,7.55,"In Vitro Inhibition Assay: An in vitro assay showed inhibition of CXCR2-mediated intracellular calcium release. Briefly, human neutrophils were suspended in HBSS- (without Ca2+ and Mg2+) containing 10 mM HEPES and FLIPR Calcium 3 dye (3.1x107 cells in total volume 1.7 mL). Cells were aliquoted (200 uL of the cell suspension per tube, 8 tubes total) and 2 uL of the designated compound (with appropriate dilutions) were added to each of 6 tubes. As controls, 2 uL of DMSO (1% final concentration) were added to 2 other tubes. Cells were incubated for 30 min at 37 C. After dye loading, tubes were centrifuged at 6,000 rpm for 1 min, supernatant was removed and the cell pellet was re-suspended in 200 uL of HBSS+ (with Ca2+ and Mg2+) containing 10 mM HEPES. The test compound or DMSO (control) was added again at the same concentrations that were used during cell loading. The cell suspension was aliquoted into a 96-well Reading Plate (Corning) in a volume of 90 uL (105 cells/well).",CXCR2,CHEMBL3705746,CHEMBL3639254
CHEMBL3654442,CC(=O)Oc1ccc(OC(F)(F)F)cc1CSc1ccc(C(=O)Nc2ccc(F)cc2)cn1,5.97,"In Vitro Inhibition Assay: An in vitro assay showed inhibition of CXCR2-mediated intracellular calcium release. Briefly, human neutrophils were suspended in HBSS- (without Ca2+ and Mg2+) containing 10 mM HEPES and FLIPR Calcium 3 dye (3.1x107 cells in total volume 1.7 mL). Cells were aliquoted (200 uL of the cell suspension per tube, 8 tubes total) and 2 uL of the designated compound (with appropriate dilutions) were added to each of 6 tubes. As controls, 2 uL of DMSO (1% final concentration) were added to 2 other tubes. Cells were incubated for 30 min at 37 C. After dye loading, tubes were centrifuged at 6,000 rpm for 1 min, supernatant was removed and the cell pellet was re-suspended in 200 uL of HBSS+ (with Ca2+ and Mg2+) containing 10 mM HEPES. The test compound or DMSO (control) was added again at the same concentrations that were used during cell loading. The cell suspension was aliquoted into a 96-well Reading Plate (Corning) in a volume of 90 uL (105 cells/well).",CXCR2,CHEMBL3705746,CHEMBL3639254
CHEMBL3654443,CC1(C)OB(c2ccccc2CCSc2ccc(C(=O)Nc3ccc(F)cc3)cn2)OC1(C)C,6.21,"In Vitro Inhibition Assay: An in vitro assay showed inhibition of CXCR2-mediated intracellular calcium release. Briefly, human neutrophils were suspended in HBSS- (without Ca2+ and Mg2+) containing 10 mM HEPES and FLIPR Calcium 3 dye (3.1x107 cells in total volume 1.7 mL). Cells were aliquoted (200 uL of the cell suspension per tube, 8 tubes total) and 2 uL of the designated compound (with appropriate dilutions) were added to each of 6 tubes. As controls, 2 uL of DMSO (1% final concentration) were added to 2 other tubes. Cells were incubated for 30 min at 37 C. After dye loading, tubes were centrifuged at 6,000 rpm for 1 min, supernatant was removed and the cell pellet was re-suspended in 200 uL of HBSS+ (with Ca2+ and Mg2+) containing 10 mM HEPES. The test compound or DMSO (control) was added again at the same concentrations that were used during cell loading. The cell suspension was aliquoted into a 96-well Reading Plate (Corning) in a volume of 90 uL (105 cells/well).",CXCR2,CHEMBL3705746,CHEMBL3639254
CHEMBL3342313,CC1(C)OB(c2ccccc2CSc2ccc(C(=O)Nc3ccc(F)cc3)cn2)OC1(C)C,6.56,"In Vitro Inhibition Assay: An in vitro assay showed inhibition of CXCR2-mediated intracellular calcium release. Briefly, human neutrophils were suspended in HBSS- (without Ca2+ and Mg2+) containing 10 mM HEPES and FLIPR Calcium 3 dye (3.1x107 cells in total volume 1.7 mL). Cells were aliquoted (200 uL of the cell suspension per tube, 8 tubes total) and 2 uL of the designated compound (with appropriate dilutions) were added to each of 6 tubes. As controls, 2 uL of DMSO (1% final concentration) were added to 2 other tubes. Cells were incubated for 30 min at 37 C. After dye loading, tubes were centrifuged at 6,000 rpm for 1 min, supernatant was removed and the cell pellet was re-suspended in 200 uL of HBSS+ (with Ca2+ and Mg2+) containing 10 mM HEPES. The test compound or DMSO (control) was added again at the same concentrations that were used during cell loading. The cell suspension was aliquoted into a 96-well Reading Plate (Corning) in a volume of 90 uL (105 cells/well).",CXCR2,CHEMBL3705746,CHEMBL3639254
CHEMBL3654444,CC1(C)C2CC3OB(c4ccccc4CSc4ccc(C(=O)Nc5ccc(F)cc5)cn4)OC3(C)C1C2,7.23,"In Vitro Inhibition Assay: An in vitro assay showed inhibition of CXCR2-mediated intracellular calcium release. Briefly, human neutrophils were suspended in HBSS- (without Ca2+ and Mg2+) containing 10 mM HEPES and FLIPR Calcium 3 dye (3.1x107 cells in total volume 1.7 mL). Cells were aliquoted (200 uL of the cell suspension per tube, 8 tubes total) and 2 uL of the designated compound (with appropriate dilutions) were added to each of 6 tubes. As controls, 2 uL of DMSO (1% final concentration) were added to 2 other tubes. Cells were incubated for 30 min at 37 C. After dye loading, tubes were centrifuged at 6,000 rpm for 1 min, supernatant was removed and the cell pellet was re-suspended in 200 uL of HBSS+ (with Ca2+ and Mg2+) containing 10 mM HEPES. The test compound or DMSO (control) was added again at the same concentrations that were used during cell loading. The cell suspension was aliquoted into a 96-well Reading Plate (Corning) in a volume of 90 uL (105 cells/well).",CXCR2,CHEMBL3705746,CHEMBL3639254
CHEMBL3654445,CC1(C)OB(c2ccc(F)cc2CSc2ccc(C(=O)Nc3ccc(F)cc3)cn2)OC1(C)C,5.91,"In Vitro Inhibition Assay: An in vitro assay showed inhibition of CXCR2-mediated intracellular calcium release. Briefly, human neutrophils were suspended in HBSS- (without Ca2+ and Mg2+) containing 10 mM HEPES and FLIPR Calcium 3 dye (3.1x107 cells in total volume 1.7 mL). Cells were aliquoted (200 uL of the cell suspension per tube, 8 tubes total) and 2 uL of the designated compound (with appropriate dilutions) were added to each of 6 tubes. As controls, 2 uL of DMSO (1% final concentration) were added to 2 other tubes. Cells were incubated for 30 min at 37 C. After dye loading, tubes were centrifuged at 6,000 rpm for 1 min, supernatant was removed and the cell pellet was re-suspended in 200 uL of HBSS+ (with Ca2+ and Mg2+) containing 10 mM HEPES. The test compound or DMSO (control) was added again at the same concentrations that were used during cell loading. The cell suspension was aliquoted into a 96-well Reading Plate (Corning) in a volume of 90 uL (105 cells/well).",CXCR2,CHEMBL3705746,CHEMBL3639254
CHEMBL3654446,CC1(C)OB(c2ccc(OC(F)(F)F)cc2CSc2ccc(C(=O)Nc3ccc(F)cc3)cn2)OC1(C)C,7.14,"In Vitro Inhibition Assay: An in vitro assay showed inhibition of CXCR2-mediated intracellular calcium release. Briefly, human neutrophils were suspended in HBSS- (without Ca2+ and Mg2+) containing 10 mM HEPES and FLIPR Calcium 3 dye (3.1x107 cells in total volume 1.7 mL). Cells were aliquoted (200 uL of the cell suspension per tube, 8 tubes total) and 2 uL of the designated compound (with appropriate dilutions) were added to each of 6 tubes. As controls, 2 uL of DMSO (1% final concentration) were added to 2 other tubes. Cells were incubated for 30 min at 37 C. After dye loading, tubes were centrifuged at 6,000 rpm for 1 min, supernatant was removed and the cell pellet was re-suspended in 200 uL of HBSS+ (with Ca2+ and Mg2+) containing 10 mM HEPES. The test compound or DMSO (control) was added again at the same concentrations that were used during cell loading. The cell suspension was aliquoted into a 96-well Reading Plate (Corning) in a volume of 90 uL (105 cells/well).",CXCR2,CHEMBL3705746,CHEMBL3639254
CHEMBL3658241,CC1(C)OB(c2ccc(CSc3ccc(C(=O)Nc4ccc(F)cc4)cn3)cc2)OC1(C)C,6.95,"In Vitro Inhibition Assay: An in vitro assay showed inhibition of CXCR2-mediated intracellular calcium release. Briefly, human neutrophils were suspended in HBSS- (without Ca2+ and Mg2+) containing 10 mM HEPES and FLIPR Calcium 3 dye (3.1x107 cells in total volume 1.7 mL). Cells were aliquoted (200 uL of the cell suspension per tube, 8 tubes total) and 2 uL of the designated compound (with appropriate dilutions) were added to each of 6 tubes. As controls, 2 uL of DMSO (1% final concentration) were added to 2 other tubes. Cells were incubated for 30 min at 37 C. After dye loading, tubes were centrifuged at 6,000 rpm for 1 min, supernatant was removed and the cell pellet was re-suspended in 200 uL of HBSS+ (with Ca2+ and Mg2+) containing 10 mM HEPES. The test compound or DMSO (control) was added again at the same concentrations that were used during cell loading. The cell suspension was aliquoted into a 96-well Reading Plate (Corning) in a volume of 90 uL (105 cells/well).",CXCR2,CHEMBL3705746,CHEMBL3639254
CHEMBL3342310,COC(=O)c1ccccc1CSc1ccc(C(=O)Nc2ccc(F)cc2)cn1,6.12,"In Vitro Inhibition Assay: An in vitro assay showed inhibition of CXCR2-mediated intracellular calcium release. Briefly, human neutrophils were suspended in HBSS- (without Ca2+ and Mg2+) containing 10 mM HEPES and FLIPR Calcium 3 dye (3.1x107 cells in total volume 1.7 mL). Cells were aliquoted (200 uL of the cell suspension per tube, 8 tubes total) and 2 uL of the designated compound (with appropriate dilutions) were added to each of 6 tubes. As controls, 2 uL of DMSO (1% final concentration) were added to 2 other tubes. Cells were incubated for 30 min at 37 C. After dye loading, tubes were centrifuged at 6,000 rpm for 1 min, supernatant was removed and the cell pellet was re-suspended in 200 uL of HBSS+ (with Ca2+ and Mg2+) containing 10 mM HEPES. The test compound or DMSO (control) was added again at the same concentrations that were used during cell loading. The cell suspension was aliquoted into a 96-well Reading Plate (Corning) in a volume of 90 uL (105 cells/well).",CXCR2,CHEMBL3705746,CHEMBL3639254
CHEMBL3342311,O=C(Nc1ccc(F)cc1)c1ccc(SCc2ccccc2C(=O)O)nc1,5.83,"In Vitro Inhibition Assay: An in vitro assay showed inhibition of CXCR2-mediated intracellular calcium release. Briefly, human neutrophils were suspended in HBSS- (without Ca2+ and Mg2+) containing 10 mM HEPES and FLIPR Calcium 3 dye (3.1x107 cells in total volume 1.7 mL). Cells were aliquoted (200 uL of the cell suspension per tube, 8 tubes total) and 2 uL of the designated compound (with appropriate dilutions) were added to each of 6 tubes. As controls, 2 uL of DMSO (1% final concentration) were added to 2 other tubes. Cells were incubated for 30 min at 37 C. After dye loading, tubes were centrifuged at 6,000 rpm for 1 min, supernatant was removed and the cell pellet was re-suspended in 200 uL of HBSS+ (with Ca2+ and Mg2+) containing 10 mM HEPES. The test compound or DMSO (control) was added again at the same concentrations that were used during cell loading. The cell suspension was aliquoted into a 96-well Reading Plate (Corning) in a volume of 90 uL (105 cells/well).",CXCR2,CHEMBL3705746,CHEMBL3639254
CHEMBL3342309,O=C(O)c1cccc(CSc2ccc(C(=O)Nc3ccc(F)cc3)cn2)c1,5.67,"In Vitro Inhibition Assay: An in vitro assay showed inhibition of CXCR2-mediated intracellular calcium release. Briefly, human neutrophils were suspended in HBSS- (without Ca2+ and Mg2+) containing 10 mM HEPES and FLIPR Calcium 3 dye (3.1x107 cells in total volume 1.7 mL). Cells were aliquoted (200 uL of the cell suspension per tube, 8 tubes total) and 2 uL of the designated compound (with appropriate dilutions) were added to each of 6 tubes. As controls, 2 uL of DMSO (1% final concentration) were added to 2 other tubes. Cells were incubated for 30 min at 37 C. After dye loading, tubes were centrifuged at 6,000 rpm for 1 min, supernatant was removed and the cell pellet was re-suspended in 200 uL of HBSS+ (with Ca2+ and Mg2+) containing 10 mM HEPES. The test compound or DMSO (control) was added again at the same concentrations that were used during cell loading. The cell suspension was aliquoted into a 96-well Reading Plate (Corning) in a volume of 90 uL (105 cells/well).",CXCR2,CHEMBL3705746,CHEMBL3639254
CHEMBL3342312,O=C(Nc1ccc(F)cc1)c1ccc(SCc2ccccc2-c2nn[nH]n2)nc1,6.76,"In Vitro Inhibition Assay: An in vitro assay showed inhibition of CXCR2-mediated intracellular calcium release. Briefly, human neutrophils were suspended in HBSS- (without Ca2+ and Mg2+) containing 10 mM HEPES and FLIPR Calcium 3 dye (3.1x107 cells in total volume 1.7 mL). Cells were aliquoted (200 uL of the cell suspension per tube, 8 tubes total) and 2 uL of the designated compound (with appropriate dilutions) were added to each of 6 tubes. As controls, 2 uL of DMSO (1% final concentration) were added to 2 other tubes. Cells were incubated for 30 min at 37 C. After dye loading, tubes were centrifuged at 6,000 rpm for 1 min, supernatant was removed and the cell pellet was re-suspended in 200 uL of HBSS+ (with Ca2+ and Mg2+) containing 10 mM HEPES. The test compound or DMSO (control) was added again at the same concentrations that were used during cell loading. The cell suspension was aliquoted into a 96-well Reading Plate (Corning) in a volume of 90 uL (105 cells/well).",CXCR2,CHEMBL3705746,CHEMBL3639254
CHEMBL3342303,O=C(Nc1ccc(F)cc1)c1ccc(SCc2ccc(Cl)c(Cl)c2)nc1,5.79,"In Vitro Inhibition Assay: An in vitro assay showed inhibition of CXCR2-mediated intracellular calcium release. Briefly, human neutrophils were suspended in HBSS- (without Ca2+ and Mg2+) containing 10 mM HEPES and FLIPR Calcium 3 dye (3.1x107 cells in total volume 1.7 mL). Cells were aliquoted (200 uL of the cell suspension per tube, 8 tubes total) and 2 uL of the designated compound (with appropriate dilutions) were added to each of 6 tubes. As controls, 2 uL of DMSO (1% final concentration) were added to 2 other tubes. Cells were incubated for 30 min at 37 C. After dye loading, tubes were centrifuged at 6,000 rpm for 1 min, supernatant was removed and the cell pellet was re-suspended in 200 uL of HBSS+ (with Ca2+ and Mg2+) containing 10 mM HEPES. The test compound or DMSO (control) was added again at the same concentrations that were used during cell loading. The cell suspension was aliquoted into a 96-well Reading Plate (Corning) in a volume of 90 uL (105 cells/well).",CXCR2,CHEMBL3705746,CHEMBL3639254
CHEMBL3342270,O=C(Nc1ccc(F)cc1)c1ccc(SCc2nn[nH]n2)nc1,5.41,"In Vitro Inhibition Assay: An in vitro assay showed inhibition of CXCR2-mediated intracellular calcium release. Briefly, human neutrophils were suspended in HBSS- (without Ca2+ and Mg2+) containing 10 mM HEPES and FLIPR Calcium 3 dye (3.1x107 cells in total volume 1.7 mL). Cells were aliquoted (200 uL of the cell suspension per tube, 8 tubes total) and 2 uL of the designated compound (with appropriate dilutions) were added to each of 6 tubes. As controls, 2 uL of DMSO (1% final concentration) were added to 2 other tubes. Cells were incubated for 30 min at 37 C. After dye loading, tubes were centrifuged at 6,000 rpm for 1 min, supernatant was removed and the cell pellet was re-suspended in 200 uL of HBSS+ (with Ca2+ and Mg2+) containing 10 mM HEPES. The test compound or DMSO (control) was added again at the same concentrations that were used during cell loading. The cell suspension was aliquoted into a 96-well Reading Plate (Corning) in a volume of 90 uL (105 cells/well).",CXCR2,CHEMBL3705746,CHEMBL3639254
CHEMBL3658245,O=C(Nc1ccc(F)cc1)c1ccc(SCc2cccc3c2OCCCO3)nc1,6.46,"In Vitro Inhibition Assay: An in vitro assay showed inhibition of CXCR2-mediated intracellular calcium release. Briefly, human neutrophils were suspended in HBSS- (without Ca2+ and Mg2+) containing 10 mM HEPES and FLIPR Calcium 3 dye (3.1x107 cells in total volume 1.7 mL). Cells were aliquoted (200 uL of the cell suspension per tube, 8 tubes total) and 2 uL of the designated compound (with appropriate dilutions) were added to each of 6 tubes. As controls, 2 uL of DMSO (1% final concentration) were added to 2 other tubes. Cells were incubated for 30 min at 37 C. After dye loading, tubes were centrifuged at 6,000 rpm for 1 min, supernatant was removed and the cell pellet was re-suspended in 200 uL of HBSS+ (with Ca2+ and Mg2+) containing 10 mM HEPES. The test compound or DMSO (control) was added again at the same concentrations that were used during cell loading. The cell suspension was aliquoted into a 96-well Reading Plate (Corning) in a volume of 90 uL (105 cells/well).",CXCR2,CHEMBL3705746,CHEMBL3639254
CHEMBL3658246,O=C(Nc1ccc(F)cc1)c1ccc(SCC2COc3ccccc3O2)nc1,6.12,"In Vitro Inhibition Assay: An in vitro assay showed inhibition of CXCR2-mediated intracellular calcium release. Briefly, human neutrophils were suspended in HBSS- (without Ca2+ and Mg2+) containing 10 mM HEPES and FLIPR Calcium 3 dye (3.1x107 cells in total volume 1.7 mL). Cells were aliquoted (200 uL of the cell suspension per tube, 8 tubes total) and 2 uL of the designated compound (with appropriate dilutions) were added to each of 6 tubes. As controls, 2 uL of DMSO (1% final concentration) were added to 2 other tubes. Cells were incubated for 30 min at 37 C. After dye loading, tubes were centrifuged at 6,000 rpm for 1 min, supernatant was removed and the cell pellet was re-suspended in 200 uL of HBSS+ (with Ca2+ and Mg2+) containing 10 mM HEPES. The test compound or DMSO (control) was added again at the same concentrations that were used during cell loading. The cell suspension was aliquoted into a 96-well Reading Plate (Corning) in a volume of 90 uL (105 cells/well).",CXCR2,CHEMBL3705746,CHEMBL3639254
CHEMBL3658247,O=C(Nc1ccc(F)cc1)c1ccc(SCCOc2cccc3c2OCCO3)nc1,5.8,"In Vitro Inhibition Assay: An in vitro assay showed inhibition of CXCR2-mediated intracellular calcium release. Briefly, human neutrophils were suspended in HBSS- (without Ca2+ and Mg2+) containing 10 mM HEPES and FLIPR Calcium 3 dye (3.1x107 cells in total volume 1.7 mL). Cells were aliquoted (200 uL of the cell suspension per tube, 8 tubes total) and 2 uL of the designated compound (with appropriate dilutions) were added to each of 6 tubes. As controls, 2 uL of DMSO (1% final concentration) were added to 2 other tubes. Cells were incubated for 30 min at 37 C. After dye loading, tubes were centrifuged at 6,000 rpm for 1 min, supernatant was removed and the cell pellet was re-suspended in 200 uL of HBSS+ (with Ca2+ and Mg2+) containing 10 mM HEPES. The test compound or DMSO (control) was added again at the same concentrations that were used during cell loading. The cell suspension was aliquoted into a 96-well Reading Plate (Corning) in a volume of 90 uL (105 cells/well).",CXCR2,CHEMBL3705746,CHEMBL3639254
CHEMBL3658260,O=C(Nc1ccc(F)cc1)c1ccc(SCc2ccc3nonc3c2)nc1,6.67,"In Vitro Inhibition Assay: An in vitro assay showed inhibition of CXCR2-mediated intracellular calcium release. Briefly, human neutrophils were suspended in HBSS- (without Ca2+ and Mg2+) containing 10 mM HEPES and FLIPR Calcium 3 dye (3.1x107 cells in total volume 1.7 mL). Cells were aliquoted (200 uL of the cell suspension per tube, 8 tubes total) and 2 uL of the designated compound (with appropriate dilutions) were added to each of 6 tubes. As controls, 2 uL of DMSO (1% final concentration) were added to 2 other tubes. Cells were incubated for 30 min at 37 C. After dye loading, tubes were centrifuged at 6,000 rpm for 1 min, supernatant was removed and the cell pellet was re-suspended in 200 uL of HBSS+ (with Ca2+ and Mg2+) containing 10 mM HEPES. The test compound or DMSO (control) was added again at the same concentrations that were used during cell loading. The cell suspension was aliquoted into a 96-well Reading Plate (Corning) in a volume of 90 uL (105 cells/well).",CXCR2,CHEMBL3705746,CHEMBL3639254
CHEMBL3342290,Cc1nc(-c2ccccc2)sc1CSc1ccc(C(=O)Nc2ccc(F)cc2)cn1,5.92,"In Vitro Inhibition Assay: An in vitro assay showed inhibition of CXCR2-mediated intracellular calcium release. Briefly, human neutrophils were suspended in HBSS- (without Ca2+ and Mg2+) containing 10 mM HEPES and FLIPR Calcium 3 dye (3.1x107 cells in total volume 1.7 mL). Cells were aliquoted (200 uL of the cell suspension per tube, 8 tubes total) and 2 uL of the designated compound (with appropriate dilutions) were added to each of 6 tubes. As controls, 2 uL of DMSO (1% final concentration) were added to 2 other tubes. Cells were incubated for 30 min at 37 C. After dye loading, tubes were centrifuged at 6,000 rpm for 1 min, supernatant was removed and the cell pellet was re-suspended in 200 uL of HBSS+ (with Ca2+ and Mg2+) containing 10 mM HEPES. The test compound or DMSO (control) was added again at the same concentrations that were used during cell loading. The cell suspension was aliquoted into a 96-well Reading Plate (Corning) in a volume of 90 uL (105 cells/well).",CXCR2,CHEMBL3705746,CHEMBL3639254
CHEMBL3342282,O=C(Nc1ccc(F)cc1)c1ccc(SCC2CCCO2)nc1,6.27,"In Vitro Inhibition Assay: An in vitro assay showed inhibition of CXCR2-mediated intracellular calcium release. Briefly, human neutrophils were suspended in HBSS- (without Ca2+ and Mg2+) containing 10 mM HEPES and FLIPR Calcium 3 dye (3.1x107 cells in total volume 1.7 mL). Cells were aliquoted (200 uL of the cell suspension per tube, 8 tubes total) and 2 uL of the designated compound (with appropriate dilutions) were added to each of 6 tubes. As controls, 2 uL of DMSO (1% final concentration) were added to 2 other tubes. Cells were incubated for 30 min at 37 C. After dye loading, tubes were centrifuged at 6,000 rpm for 1 min, supernatant was removed and the cell pellet was re-suspended in 200 uL of HBSS+ (with Ca2+ and Mg2+) containing 10 mM HEPES. The test compound or DMSO (control) was added again at the same concentrations that were used during cell loading. The cell suspension was aliquoted into a 96-well Reading Plate (Corning) in a volume of 90 uL (105 cells/well).",CXCR2,CHEMBL3705746,CHEMBL3639254
CHEMBL3658273,O=C(CSc1ccc(C(=O)Nc2ccc(F)cc2)cn1)c1cccc(Br)c1,6.07,"In Vitro Inhibition Assay: An in vitro assay showed inhibition of CXCR2-mediated intracellular calcium release. Briefly, human neutrophils were suspended in HBSS- (without Ca2+ and Mg2+) containing 10 mM HEPES and FLIPR Calcium 3 dye (3.1x107 cells in total volume 1.7 mL). Cells were aliquoted (200 uL of the cell suspension per tube, 8 tubes total) and 2 uL of the designated compound (with appropriate dilutions) were added to each of 6 tubes. As controls, 2 uL of DMSO (1% final concentration) were added to 2 other tubes. Cells were incubated for 30 min at 37 C. After dye loading, tubes were centrifuged at 6,000 rpm for 1 min, supernatant was removed and the cell pellet was re-suspended in 200 uL of HBSS+ (with Ca2+ and Mg2+) containing 10 mM HEPES. The test compound or DMSO (control) was added again at the same concentrations that were used during cell loading. The cell suspension was aliquoted into a 96-well Reading Plate (Corning) in a volume of 90 uL (105 cells/well).",CXCR2,CHEMBL3705746,CHEMBL3639254
CHEMBL3658274,O=C(CSc1ccc(C(=O)Nc2ccc(F)cc2)cn1)c1cccc(Cl)c1,6.68,"In Vitro Inhibition Assay: An in vitro assay showed inhibition of CXCR2-mediated intracellular calcium release. Briefly, human neutrophils were suspended in HBSS- (without Ca2+ and Mg2+) containing 10 mM HEPES and FLIPR Calcium 3 dye (3.1x107 cells in total volume 1.7 mL). Cells were aliquoted (200 uL of the cell suspension per tube, 8 tubes total) and 2 uL of the designated compound (with appropriate dilutions) were added to each of 6 tubes. As controls, 2 uL of DMSO (1% final concentration) were added to 2 other tubes. Cells were incubated for 30 min at 37 C. After dye loading, tubes were centrifuged at 6,000 rpm for 1 min, supernatant was removed and the cell pellet was re-suspended in 200 uL of HBSS+ (with Ca2+ and Mg2+) containing 10 mM HEPES. The test compound or DMSO (control) was added again at the same concentrations that were used during cell loading. The cell suspension was aliquoted into a 96-well Reading Plate (Corning) in a volume of 90 uL (105 cells/well).",CXCR2,CHEMBL3705746,CHEMBL3639254
CHEMBL3658277,O=C(CSc1ccc(C(=O)Nc2ccc(F)cc2)cn1)c1ccc(Cl)c(Cl)c1,5.73,"In Vitro Inhibition Assay: An in vitro assay showed inhibition of CXCR2-mediated intracellular calcium release. Briefly, human neutrophils were suspended in HBSS- (without Ca2+ and Mg2+) containing 10 mM HEPES and FLIPR Calcium 3 dye (3.1x107 cells in total volume 1.7 mL). Cells were aliquoted (200 uL of the cell suspension per tube, 8 tubes total) and 2 uL of the designated compound (with appropriate dilutions) were added to each of 6 tubes. As controls, 2 uL of DMSO (1% final concentration) were added to 2 other tubes. Cells were incubated for 30 min at 37 C. After dye loading, tubes were centrifuged at 6,000 rpm for 1 min, supernatant was removed and the cell pellet was re-suspended in 200 uL of HBSS+ (with Ca2+ and Mg2+) containing 10 mM HEPES. The test compound or DMSO (control) was added again at the same concentrations that were used during cell loading. The cell suspension was aliquoted into a 96-well Reading Plate (Corning) in a volume of 90 uL (105 cells/well).",CXCR2,CHEMBL3705746,CHEMBL3639254
CHEMBL3658278,O=C(CSc1ccc(C(=O)Nc2ccc(F)cc2)cn1)c1ccc(Cl)c([N+](=O)[O-])c1,7.8,"In Vitro Inhibition Assay: An in vitro assay showed inhibition of CXCR2-mediated intracellular calcium release. Briefly, human neutrophils were suspended in HBSS- (without Ca2+ and Mg2+) containing 10 mM HEPES and FLIPR Calcium 3 dye (3.1x107 cells in total volume 1.7 mL). Cells were aliquoted (200 uL of the cell suspension per tube, 8 tubes total) and 2 uL of the designated compound (with appropriate dilutions) were added to each of 6 tubes. As controls, 2 uL of DMSO (1% final concentration) were added to 2 other tubes. Cells were incubated for 30 min at 37 C. After dye loading, tubes were centrifuged at 6,000 rpm for 1 min, supernatant was removed and the cell pellet was re-suspended in 200 uL of HBSS+ (with Ca2+ and Mg2+) containing 10 mM HEPES. The test compound or DMSO (control) was added again at the same concentrations that were used during cell loading. The cell suspension was aliquoted into a 96-well Reading Plate (Corning) in a volume of 90 uL (105 cells/well).",CXCR2,CHEMBL3705746,CHEMBL3639254
CHEMBL3658288,O=C(CSc1ccc(C(=O)Nc2ccc(F)cc2)cn1)c1ccc(-c2nn[nH]n2)cc1,5.94,"In Vitro Inhibition Assay: An in vitro assay showed inhibition of CXCR2-mediated intracellular calcium release. Briefly, human neutrophils were suspended in HBSS- (without Ca2+ and Mg2+) containing 10 mM HEPES and FLIPR Calcium 3 dye (3.1x107 cells in total volume 1.7 mL). Cells were aliquoted (200 uL of the cell suspension per tube, 8 tubes total) and 2 uL of the designated compound (with appropriate dilutions) were added to each of 6 tubes. As controls, 2 uL of DMSO (1% final concentration) were added to 2 other tubes. Cells were incubated for 30 min at 37 C. After dye loading, tubes were centrifuged at 6,000 rpm for 1 min, supernatant was removed and the cell pellet was re-suspended in 200 uL of HBSS+ (with Ca2+ and Mg2+) containing 10 mM HEPES. The test compound or DMSO (control) was added again at the same concentrations that were used during cell loading. The cell suspension was aliquoted into a 96-well Reading Plate (Corning) in a volume of 90 uL (105 cells/well).",CXCR2,CHEMBL3705746,CHEMBL3639254
CHEMBL3658296,CCc1cc2c(cc1C(=O)CSc1ccc(C(=O)Nc3ccc(F)cc3)cn1)C(C)(C)CCC2(C)C,5.43,"In Vitro Inhibition Assay: An in vitro assay showed inhibition of CXCR2-mediated intracellular calcium release. Briefly, human neutrophils were suspended in HBSS- (without Ca2+ and Mg2+) containing 10 mM HEPES and FLIPR Calcium 3 dye (3.1x107 cells in total volume 1.7 mL). Cells were aliquoted (200 uL of the cell suspension per tube, 8 tubes total) and 2 uL of the designated compound (with appropriate dilutions) were added to each of 6 tubes. As controls, 2 uL of DMSO (1% final concentration) were added to 2 other tubes. Cells were incubated for 30 min at 37 C. After dye loading, tubes were centrifuged at 6,000 rpm for 1 min, supernatant was removed and the cell pellet was re-suspended in 200 uL of HBSS+ (with Ca2+ and Mg2+) containing 10 mM HEPES. The test compound or DMSO (control) was added again at the same concentrations that were used during cell loading. The cell suspension was aliquoted into a 96-well Reading Plate (Corning) in a volume of 90 uL (105 cells/well).",CXCR2,CHEMBL3705746,CHEMBL3639254
CHEMBL3658303,O=C(Nc1ccc(F)cc1)c1ccc(SCC(=O)c2cc3ccc(Br)cc3o2)nc1,6.01,"In Vitro Inhibition Assay: An in vitro assay showed inhibition of CXCR2-mediated intracellular calcium release. Briefly, human neutrophils were suspended in HBSS- (without Ca2+ and Mg2+) containing 10 mM HEPES and FLIPR Calcium 3 dye (3.1x107 cells in total volume 1.7 mL). Cells were aliquoted (200 uL of the cell suspension per tube, 8 tubes total) and 2 uL of the designated compound (with appropriate dilutions) were added to each of 6 tubes. As controls, 2 uL of DMSO (1% final concentration) were added to 2 other tubes. Cells were incubated for 30 min at 37 C. After dye loading, tubes were centrifuged at 6,000 rpm for 1 min, supernatant was removed and the cell pellet was re-suspended in 200 uL of HBSS+ (with Ca2+ and Mg2+) containing 10 mM HEPES. The test compound or DMSO (control) was added again at the same concentrations that were used during cell loading. The cell suspension was aliquoted into a 96-well Reading Plate (Corning) in a volume of 90 uL (105 cells/well).",CXCR2,CHEMBL3705746,CHEMBL3639254
CHEMBL3658311,O=C(Nc1ccc(F)cc1)c1ccc(SCC(=O)c2csc3ccc(Br)cc23)nc1,5.9,"In Vitro Inhibition Assay: An in vitro assay showed inhibition of CXCR2-mediated intracellular calcium release. Briefly, human neutrophils were suspended in HBSS- (without Ca2+ and Mg2+) containing 10 mM HEPES and FLIPR Calcium 3 dye (3.1x107 cells in total volume 1.7 mL). Cells were aliquoted (200 uL of the cell suspension per tube, 8 tubes total) and 2 uL of the designated compound (with appropriate dilutions) were added to each of 6 tubes. As controls, 2 uL of DMSO (1% final concentration) were added to 2 other tubes. Cells were incubated for 30 min at 37 C. After dye loading, tubes were centrifuged at 6,000 rpm for 1 min, supernatant was removed and the cell pellet was re-suspended in 200 uL of HBSS+ (with Ca2+ and Mg2+) containing 10 mM HEPES. The test compound or DMSO (control) was added again at the same concentrations that were used during cell loading. The cell suspension was aliquoted into a 96-well Reading Plate (Corning) in a volume of 90 uL (105 cells/well).",CXCR2,CHEMBL3705746,CHEMBL3639254
CHEMBL3658312,O=C(Nc1ccc(F)cc1)c1ccc(SCC(=O)c2cc3ccccc3s2)nc1,5.74,"In Vitro Inhibition Assay: An in vitro assay showed inhibition of CXCR2-mediated intracellular calcium release. Briefly, human neutrophils were suspended in HBSS- (without Ca2+ and Mg2+) containing 10 mM HEPES and FLIPR Calcium 3 dye (3.1x107 cells in total volume 1.7 mL). Cells were aliquoted (200 uL of the cell suspension per tube, 8 tubes total) and 2 uL of the designated compound (with appropriate dilutions) were added to each of 6 tubes. As controls, 2 uL of DMSO (1% final concentration) were added to 2 other tubes. Cells were incubated for 30 min at 37 C. After dye loading, tubes were centrifuged at 6,000 rpm for 1 min, supernatant was removed and the cell pellet was re-suspended in 200 uL of HBSS+ (with Ca2+ and Mg2+) containing 10 mM HEPES. The test compound or DMSO (control) was added again at the same concentrations that were used during cell loading. The cell suspension was aliquoted into a 96-well Reading Plate (Corning) in a volume of 90 uL (105 cells/well).",CXCR2,CHEMBL3705746,CHEMBL3639254
CHEMBL3658316,Cc1c(C(=O)CSc2ccc(C(=O)Nc3ccc(F)cc3)cn2)sc2ccc(Cl)cc12,6.11,"In Vitro Inhibition Assay: An in vitro assay showed inhibition of CXCR2-mediated intracellular calcium release. Briefly, human neutrophils were suspended in HBSS- (without Ca2+ and Mg2+) containing 10 mM HEPES and FLIPR Calcium 3 dye (3.1x107 cells in total volume 1.7 mL). Cells were aliquoted (200 uL of the cell suspension per tube, 8 tubes total) and 2 uL of the designated compound (with appropriate dilutions) were added to each of 6 tubes. As controls, 2 uL of DMSO (1% final concentration) were added to 2 other tubes. Cells were incubated for 30 min at 37 C. After dye loading, tubes were centrifuged at 6,000 rpm for 1 min, supernatant was removed and the cell pellet was re-suspended in 200 uL of HBSS+ (with Ca2+ and Mg2+) containing 10 mM HEPES. The test compound or DMSO (control) was added again at the same concentrations that were used during cell loading. The cell suspension was aliquoted into a 96-well Reading Plate (Corning) in a volume of 90 uL (105 cells/well).",CXCR2,CHEMBL3705746,CHEMBL3639254
CHEMBL3658321,COC(=O)c1cc(C(=O)CSc2ccc(C(=O)Nc3ccc(F)cc3)cn2)on1,7.85,"In Vitro Inhibition Assay: An in vitro assay showed inhibition of CXCR2-mediated intracellular calcium release. Briefly, human neutrophils were suspended in HBSS- (without Ca2+ and Mg2+) containing 10 mM HEPES and FLIPR Calcium 3 dye (3.1x107 cells in total volume 1.7 mL). Cells were aliquoted (200 uL of the cell suspension per tube, 8 tubes total) and 2 uL of the designated compound (with appropriate dilutions) were added to each of 6 tubes. As controls, 2 uL of DMSO (1% final concentration) were added to 2 other tubes. Cells were incubated for 30 min at 37 C. After dye loading, tubes were centrifuged at 6,000 rpm for 1 min, supernatant was removed and the cell pellet was re-suspended in 200 uL of HBSS+ (with Ca2+ and Mg2+) containing 10 mM HEPES. The test compound or DMSO (control) was added again at the same concentrations that were used during cell loading. The cell suspension was aliquoted into a 96-well Reading Plate (Corning) in a volume of 90 uL (105 cells/well).",CXCR2,CHEMBL3705746,CHEMBL3639254
CHEMBL3639571,O=C(Nc1ccc(F)cc1)c1ccc(SCC(=O)c2cc(C(=O)O)no2)nc1,7.09,"In Vitro Inhibition Assay: An in vitro assay showed inhibition of CXCR2-mediated intracellular calcium release. Briefly, human neutrophils were suspended in HBSS- (without Ca2+ and Mg2+) containing 10 mM HEPES and FLIPR Calcium 3 dye (3.1x107 cells in total volume 1.7 mL). Cells were aliquoted (200 uL of the cell suspension per tube, 8 tubes total) and 2 uL of the designated compound (with appropriate dilutions) were added to each of 6 tubes. As controls, 2 uL of DMSO (1% final concentration) were added to 2 other tubes. Cells were incubated for 30 min at 37 C. After dye loading, tubes were centrifuged at 6,000 rpm for 1 min, supernatant was removed and the cell pellet was re-suspended in 200 uL of HBSS+ (with Ca2+ and Mg2+) containing 10 mM HEPES. The test compound or DMSO (control) was added again at the same concentrations that were used during cell loading. The cell suspension was aliquoted into a 96-well Reading Plate (Corning) in a volume of 90 uL (105 cells/well).",CXCR2,CHEMBL3705746,CHEMBL3639254
CHEMBL3658323,O=C(CSc1ccc(C(=O)Nc2ccc(F)cc2)cn1)c1ccc2c(c1)OCCO2,6.71,"In Vitro Inhibition Assay: An in vitro assay showed inhibition of CXCR2-mediated intracellular calcium release. Briefly, human neutrophils were suspended in HBSS- (without Ca2+ and Mg2+) containing 10 mM HEPES and FLIPR Calcium 3 dye (3.1x107 cells in total volume 1.7 mL). Cells were aliquoted (200 uL of the cell suspension per tube, 8 tubes total) and 2 uL of the designated compound (with appropriate dilutions) were added to each of 6 tubes. As controls, 2 uL of DMSO (1% final concentration) were added to 2 other tubes. Cells were incubated for 30 min at 37 C. After dye loading, tubes were centrifuged at 6,000 rpm for 1 min, supernatant was removed and the cell pellet was re-suspended in 200 uL of HBSS+ (with Ca2+ and Mg2+) containing 10 mM HEPES. The test compound or DMSO (control) was added again at the same concentrations that were used during cell loading. The cell suspension was aliquoted into a 96-well Reading Plate (Corning) in a volume of 90 uL (105 cells/well).",CXCR2,CHEMBL3705746,CHEMBL3639254
CHEMBL3658327,O=C(Nc1ccc(F)cc1)c1ccc(SCC(=O)c2ccsn2)nc1,5.65,"In Vitro Inhibition Assay: An in vitro assay showed inhibition of CXCR2-mediated intracellular calcium release. Briefly, human neutrophils were suspended in HBSS- (without Ca2+ and Mg2+) containing 10 mM HEPES and FLIPR Calcium 3 dye (3.1x107 cells in total volume 1.7 mL). Cells were aliquoted (200 uL of the cell suspension per tube, 8 tubes total) and 2 uL of the designated compound (with appropriate dilutions) were added to each of 6 tubes. As controls, 2 uL of DMSO (1% final concentration) were added to 2 other tubes. Cells were incubated for 30 min at 37 C. After dye loading, tubes were centrifuged at 6,000 rpm for 1 min, supernatant was removed and the cell pellet was re-suspended in 200 uL of HBSS+ (with Ca2+ and Mg2+) containing 10 mM HEPES. The test compound or DMSO (control) was added again at the same concentrations that were used during cell loading. The cell suspension was aliquoted into a 96-well Reading Plate (Corning) in a volume of 90 uL (105 cells/well).",CXCR2,CHEMBL3705746,CHEMBL3639254
CHEMBL3658334,Cn1c(C(=O)CSc2ccc(C(=O)Nc3ccc(F)cc3)cn2)nc2ccccc21,6.15,"In Vitro Inhibition Assay: An in vitro assay showed inhibition of CXCR2-mediated intracellular calcium release. Briefly, human neutrophils were suspended in HBSS- (without Ca2+ and Mg2+) containing 10 mM HEPES and FLIPR Calcium 3 dye (3.1x107 cells in total volume 1.7 mL). Cells were aliquoted (200 uL of the cell suspension per tube, 8 tubes total) and 2 uL of the designated compound (with appropriate dilutions) were added to each of 6 tubes. As controls, 2 uL of DMSO (1% final concentration) were added to 2 other tubes. Cells were incubated for 30 min at 37 C. After dye loading, tubes were centrifuged at 6,000 rpm for 1 min, supernatant was removed and the cell pellet was re-suspended in 200 uL of HBSS+ (with Ca2+ and Mg2+) containing 10 mM HEPES. The test compound or DMSO (control) was added again at the same concentrations that were used during cell loading. The cell suspension was aliquoted into a 96-well Reading Plate (Corning) in a volume of 90 uL (105 cells/well).",CXCR2,CHEMBL3705746,CHEMBL3639254
CHEMBL3658335,O=C(Nc1ccc(F)cc1)c1ccc(SCC(=O)c2cc(Br)cc3c2OCC3)nc1,6.28,"In Vitro Inhibition Assay: An in vitro assay showed inhibition of CXCR2-mediated intracellular calcium release. Briefly, human neutrophils were suspended in HBSS- (without Ca2+ and Mg2+) containing 10 mM HEPES and FLIPR Calcium 3 dye (3.1x107 cells in total volume 1.7 mL). Cells were aliquoted (200 uL of the cell suspension per tube, 8 tubes total) and 2 uL of the designated compound (with appropriate dilutions) were added to each of 6 tubes. As controls, 2 uL of DMSO (1% final concentration) were added to 2 other tubes. Cells were incubated for 30 min at 37 C. After dye loading, tubes were centrifuged at 6,000 rpm for 1 min, supernatant was removed and the cell pellet was re-suspended in 200 uL of HBSS+ (with Ca2+ and Mg2+) containing 10 mM HEPES. The test compound or DMSO (control) was added again at the same concentrations that were used during cell loading. The cell suspension was aliquoted into a 96-well Reading Plate (Corning) in a volume of 90 uL (105 cells/well).",CXCR2,CHEMBL3705746,CHEMBL3639254
CHEMBL3658336,O=C(Nc1ccc(F)cc1)c1ccc(SCC(=O)C(c2ccccc2)c2ccccc2)nc1,5.91,"In Vitro Inhibition Assay: An in vitro assay showed inhibition of CXCR2-mediated intracellular calcium release. Briefly, human neutrophils were suspended in HBSS- (without Ca2+ and Mg2+) containing 10 mM HEPES and FLIPR Calcium 3 dye (3.1x107 cells in total volume 1.7 mL). Cells were aliquoted (200 uL of the cell suspension per tube, 8 tubes total) and 2 uL of the designated compound (with appropriate dilutions) were added to each of 6 tubes. As controls, 2 uL of DMSO (1% final concentration) were added to 2 other tubes. Cells were incubated for 30 min at 37 C. After dye loading, tubes were centrifuged at 6,000 rpm for 1 min, supernatant was removed and the cell pellet was re-suspended in 200 uL of HBSS+ (with Ca2+ and Mg2+) containing 10 mM HEPES. The test compound or DMSO (control) was added again at the same concentrations that were used during cell loading. The cell suspension was aliquoted into a 96-well Reading Plate (Corning) in a volume of 90 uL (105 cells/well).",CXCR2,CHEMBL3705746,CHEMBL3639254
CHEMBL3342320,O=C(c1ccc(SCc2ccccc2B(O)O)nc1)N(Cc1ccccn1)c1ccc(F)cc1,7.11,"In Vitro Inhibition Assay: An in vitro assay showed inhibition of CXCR2-mediated intracellular calcium release. Briefly, human neutrophils were suspended in HBSS- (without Ca2+ and Mg2+) containing 10 mM HEPES and FLIPR Calcium 3 dye (3.1x107 cells in total volume 1.7 mL). Cells were aliquoted (200 uL of the cell suspension per tube, 8 tubes total) and 2 uL of the designated compound (with appropriate dilutions) were added to each of 6 tubes. As controls, 2 uL of DMSO (1% final concentration) were added to 2 other tubes. Cells were incubated for 30 min at 37 C. After dye loading, tubes were centrifuged at 6,000 rpm for 1 min, supernatant was removed and the cell pellet was re-suspended in 200 uL of HBSS+ (with Ca2+ and Mg2+) containing 10 mM HEPES. The test compound or DMSO (control) was added again at the same concentrations that were used during cell loading. The cell suspension was aliquoted into a 96-well Reading Plate (Corning) in a volume of 90 uL (105 cells/well).",CXCR2,CHEMBL3705746,CHEMBL3639254
CHEMBL3342321,O=C(c1ccc(SCc2ccccc2B(O)O)nc1)N(Cc1ccncc1)c1ccc(F)cc1,6.05,"In Vitro Inhibition Assay: An in vitro assay showed inhibition of CXCR2-mediated intracellular calcium release. Briefly, human neutrophils were suspended in HBSS- (without Ca2+ and Mg2+) containing 10 mM HEPES and FLIPR Calcium 3 dye (3.1x107 cells in total volume 1.7 mL). Cells were aliquoted (200 uL of the cell suspension per tube, 8 tubes total) and 2 uL of the designated compound (with appropriate dilutions) were added to each of 6 tubes. As controls, 2 uL of DMSO (1% final concentration) were added to 2 other tubes. Cells were incubated for 30 min at 37 C. After dye loading, tubes were centrifuged at 6,000 rpm for 1 min, supernatant was removed and the cell pellet was re-suspended in 200 uL of HBSS+ (with Ca2+ and Mg2+) containing 10 mM HEPES. The test compound or DMSO (control) was added again at the same concentrations that were used during cell loading. The cell suspension was aliquoted into a 96-well Reading Plate (Corning) in a volume of 90 uL (105 cells/well).",CXCR2,CHEMBL3705746,CHEMBL3639254
CHEMBL3342323,O=C(O)CN(C(=O)c1ccc(SCc2ccccc2B(O)O)nc1)c1ccc(F)cc1,5.7,"In Vitro Inhibition Assay: An in vitro assay showed inhibition of CXCR2-mediated intracellular calcium release. Briefly, human neutrophils were suspended in HBSS- (without Ca2+ and Mg2+) containing 10 mM HEPES and FLIPR Calcium 3 dye (3.1x107 cells in total volume 1.7 mL). Cells were aliquoted (200 uL of the cell suspension per tube, 8 tubes total) and 2 uL of the designated compound (with appropriate dilutions) were added to each of 6 tubes. As controls, 2 uL of DMSO (1% final concentration) were added to 2 other tubes. Cells were incubated for 30 min at 37 C. After dye loading, tubes were centrifuged at 6,000 rpm for 1 min, supernatant was removed and the cell pellet was re-suspended in 200 uL of HBSS+ (with Ca2+ and Mg2+) containing 10 mM HEPES. The test compound or DMSO (control) was added again at the same concentrations that were used during cell loading. The cell suspension was aliquoted into a 96-well Reading Plate (Corning) in a volume of 90 uL (105 cells/well).",CXCR2,CHEMBL3705746,CHEMBL3639254
CHEMBL3342314,O=C(Nc1ccc(OC(F)(F)F)cc1)c1ccc(SCc2ccccc2B(O)O)nc1,6.56,"In Vitro Inhibition Assay: An in vitro assay showed inhibition of CXCR2-mediated intracellular calcium release. Briefly, human neutrophils were suspended in HBSS- (without Ca2+ and Mg2+) containing 10 mM HEPES and FLIPR Calcium 3 dye (3.1x107 cells in total volume 1.7 mL). Cells were aliquoted (200 uL of the cell suspension per tube, 8 tubes total) and 2 uL of the designated compound (with appropriate dilutions) were added to each of 6 tubes. As controls, 2 uL of DMSO (1% final concentration) were added to 2 other tubes. Cells were incubated for 30 min at 37 C. After dye loading, tubes were centrifuged at 6,000 rpm for 1 min, supernatant was removed and the cell pellet was re-suspended in 200 uL of HBSS+ (with Ca2+ and Mg2+) containing 10 mM HEPES. The test compound or DMSO (control) was added again at the same concentrations that were used during cell loading. The cell suspension was aliquoted into a 96-well Reading Plate (Corning) in a volume of 90 uL (105 cells/well).",CXCR2,CHEMBL3705746,CHEMBL3639254
CHEMBL3342317,O=C(Nc1ccncc1)c1ccc(SCc2ccccc2B(O)O)nc1,6.28,"In Vitro Inhibition Assay: An in vitro assay showed inhibition of CXCR2-mediated intracellular calcium release. Briefly, human neutrophils were suspended in HBSS- (without Ca2+ and Mg2+) containing 10 mM HEPES and FLIPR Calcium 3 dye (3.1x107 cells in total volume 1.7 mL). Cells were aliquoted (200 uL of the cell suspension per tube, 8 tubes total) and 2 uL of the designated compound (with appropriate dilutions) were added to each of 6 tubes. As controls, 2 uL of DMSO (1% final concentration) were added to 2 other tubes. Cells were incubated for 30 min at 37 C. After dye loading, tubes were centrifuged at 6,000 rpm for 1 min, supernatant was removed and the cell pellet was re-suspended in 200 uL of HBSS+ (with Ca2+ and Mg2+) containing 10 mM HEPES. The test compound or DMSO (control) was added again at the same concentrations that were used during cell loading. The cell suspension was aliquoted into a 96-well Reading Plate (Corning) in a volume of 90 uL (105 cells/well).",CXCR2,CHEMBL3705746,CHEMBL3639254
CHEMBL3342318,O=C(Nc1ccc(O)cc1)c1ccc(SCc2ccccc2B(O)O)nc1,6.98,"In Vitro Inhibition Assay: An in vitro assay showed inhibition of CXCR2-mediated intracellular calcium release. Briefly, human neutrophils were suspended in HBSS- (without Ca2+ and Mg2+) containing 10 mM HEPES and FLIPR Calcium 3 dye (3.1x107 cells in total volume 1.7 mL). Cells were aliquoted (200 uL of the cell suspension per tube, 8 tubes total) and 2 uL of the designated compound (with appropriate dilutions) were added to each of 6 tubes. As controls, 2 uL of DMSO (1% final concentration) were added to 2 other tubes. Cells were incubated for 30 min at 37 C. After dye loading, tubes were centrifuged at 6,000 rpm for 1 min, supernatant was removed and the cell pellet was re-suspended in 200 uL of HBSS+ (with Ca2+ and Mg2+) containing 10 mM HEPES. The test compound or DMSO (control) was added again at the same concentrations that were used during cell loading. The cell suspension was aliquoted into a 96-well Reading Plate (Corning) in a volume of 90 uL (105 cells/well).",CXCR2,CHEMBL3705746,CHEMBL3639254
CHEMBL3342319,O=C(Nc1ccc(F)cn1)c1ccc(SCc2ccccc2B(O)O)nc1,6.53,"In Vitro Inhibition Assay: An in vitro assay showed inhibition of CXCR2-mediated intracellular calcium release. Briefly, human neutrophils were suspended in HBSS- (without Ca2+ and Mg2+) containing 10 mM HEPES and FLIPR Calcium 3 dye (3.1x107 cells in total volume 1.7 mL). Cells were aliquoted (200 uL of the cell suspension per tube, 8 tubes total) and 2 uL of the designated compound (with appropriate dilutions) were added to each of 6 tubes. As controls, 2 uL of DMSO (1% final concentration) were added to 2 other tubes. Cells were incubated for 30 min at 37 C. After dye loading, tubes were centrifuged at 6,000 rpm for 1 min, supernatant was removed and the cell pellet was re-suspended in 200 uL of HBSS+ (with Ca2+ and Mg2+) containing 10 mM HEPES. The test compound or DMSO (control) was added again at the same concentrations that were used during cell loading. The cell suspension was aliquoted into a 96-well Reading Plate (Corning) in a volume of 90 uL (105 cells/well).",CXCR2,CHEMBL3705746,CHEMBL3639254
CHEMBL3658338,O=C(Nc1ccc(F)cc1O)c1ccc(SCc2ccccc2B(O)O)nc1,7.43,"In Vitro Inhibition Assay: An in vitro assay showed inhibition of CXCR2-mediated intracellular calcium release. Briefly, human neutrophils were suspended in HBSS- (without Ca2+ and Mg2+) containing 10 mM HEPES and FLIPR Calcium 3 dye (3.1x107 cells in total volume 1.7 mL). Cells were aliquoted (200 uL of the cell suspension per tube, 8 tubes total) and 2 uL of the designated compound (with appropriate dilutions) were added to each of 6 tubes. As controls, 2 uL of DMSO (1% final concentration) were added to 2 other tubes. Cells were incubated for 30 min at 37 C. After dye loading, tubes were centrifuged at 6,000 rpm for 1 min, supernatant was removed and the cell pellet was re-suspended in 200 uL of HBSS+ (with Ca2+ and Mg2+) containing 10 mM HEPES. The test compound or DMSO (control) was added again at the same concentrations that were used during cell loading. The cell suspension was aliquoted into a 96-well Reading Plate (Corning) in a volume of 90 uL (105 cells/well).",CXCR2,CHEMBL3705746,CHEMBL3639254
CHEMBL3658340,O=C(Nc1ccc(F)cn1)c1cnc(SCc2ccccc2B(O)O)nc1,6.94,"In Vitro Inhibition Assay: An in vitro assay showed inhibition of CXCR2-mediated intracellular calcium release. Briefly, human neutrophils were suspended in HBSS- (without Ca2+ and Mg2+) containing 10 mM HEPES and FLIPR Calcium 3 dye (3.1x107 cells in total volume 1.7 mL). Cells were aliquoted (200 uL of the cell suspension per tube, 8 tubes total) and 2 uL of the designated compound (with appropriate dilutions) were added to each of 6 tubes. As controls, 2 uL of DMSO (1% final concentration) were added to 2 other tubes. Cells were incubated for 30 min at 37 C. After dye loading, tubes were centrifuged at 6,000 rpm for 1 min, supernatant was removed and the cell pellet was re-suspended in 200 uL of HBSS+ (with Ca2+ and Mg2+) containing 10 mM HEPES. The test compound or DMSO (control) was added again at the same concentrations that were used during cell loading. The cell suspension was aliquoted into a 96-well Reading Plate (Corning) in a volume of 90 uL (105 cells/well).",CXCR2,CHEMBL3705746,CHEMBL3639254
CHEMBL3658341,O=C(Nc1ccc(F)cn1)c1ccc(OCc2ccccc2B(O)O)nc1,7.5,"In Vitro Inhibition Assay: An in vitro assay showed inhibition of CXCR2-mediated intracellular calcium release. Briefly, human neutrophils were suspended in HBSS- (without Ca2+ and Mg2+) containing 10 mM HEPES and FLIPR Calcium 3 dye (3.1x107 cells in total volume 1.7 mL). Cells were aliquoted (200 uL of the cell suspension per tube, 8 tubes total) and 2 uL of the designated compound (with appropriate dilutions) were added to each of 6 tubes. As controls, 2 uL of DMSO (1% final concentration) were added to 2 other tubes. Cells were incubated for 30 min at 37 C. After dye loading, tubes were centrifuged at 6,000 rpm for 1 min, supernatant was removed and the cell pellet was re-suspended in 200 uL of HBSS+ (with Ca2+ and Mg2+) containing 10 mM HEPES. The test compound or DMSO (control) was added again at the same concentrations that were used during cell loading. The cell suspension was aliquoted into a 96-well Reading Plate (Corning) in a volume of 90 uL (105 cells/well).",CXCR2,CHEMBL3705746,CHEMBL3639254
CHEMBL3658342,O=C(Nc1ccc(F)cn1)c1ccc(OCc2ccccc2)nc1,5.51,"In Vitro Inhibition Assay: An in vitro assay showed inhibition of CXCR2-mediated intracellular calcium release. Briefly, human neutrophils were suspended in HBSS- (without Ca2+ and Mg2+) containing 10 mM HEPES and FLIPR Calcium 3 dye (3.1x107 cells in total volume 1.7 mL). Cells were aliquoted (200 uL of the cell suspension per tube, 8 tubes total) and 2 uL of the designated compound (with appropriate dilutions) were added to each of 6 tubes. As controls, 2 uL of DMSO (1% final concentration) were added to 2 other tubes. Cells were incubated for 30 min at 37 C. After dye loading, tubes were centrifuged at 6,000 rpm for 1 min, supernatant was removed and the cell pellet was re-suspended in 200 uL of HBSS+ (with Ca2+ and Mg2+) containing 10 mM HEPES. The test compound or DMSO (control) was added again at the same concentrations that were used during cell loading. The cell suspension was aliquoted into a 96-well Reading Plate (Corning) in a volume of 90 uL (105 cells/well).",CXCR2,CHEMBL3705746,CHEMBL3639254
CHEMBL3658343,O=C(Nc1ccc(F)cn1)c1cnc(SCc2ccccc2B(O)O)c(Cl)c1,6.78,"In Vitro Inhibition Assay: An in vitro assay showed inhibition of CXCR2-mediated intracellular calcium release. Briefly, human neutrophils were suspended in HBSS- (without Ca2+ and Mg2+) containing 10 mM HEPES and FLIPR Calcium 3 dye (3.1x107 cells in total volume 1.7 mL). Cells were aliquoted (200 uL of the cell suspension per tube, 8 tubes total) and 2 uL of the designated compound (with appropriate dilutions) were added to each of 6 tubes. As controls, 2 uL of DMSO (1% final concentration) were added to 2 other tubes. Cells were incubated for 30 min at 37 C. After dye loading, tubes were centrifuged at 6,000 rpm for 1 min, supernatant was removed and the cell pellet was re-suspended in 200 uL of HBSS+ (with Ca2+ and Mg2+) containing 10 mM HEPES. The test compound or DMSO (control) was added again at the same concentrations that were used during cell loading. The cell suspension was aliquoted into a 96-well Reading Plate (Corning) in a volume of 90 uL (105 cells/well).",CXCR2,CHEMBL3705746,CHEMBL3639254
CHEMBL3658346,O=C(Nc1ccc(F)cn1)c1ccc([S+]([O-])Cc2ccccc2O)nc1,5.14,"In Vitro Inhibition Assay: An in vitro assay showed inhibition of CXCR2-mediated intracellular calcium release. Briefly, human neutrophils were suspended in HBSS- (without Ca2+ and Mg2+) containing 10 mM HEPES and FLIPR Calcium 3 dye (3.1x107 cells in total volume 1.7 mL). Cells were aliquoted (200 uL of the cell suspension per tube, 8 tubes total) and 2 uL of the designated compound (with appropriate dilutions) were added to each of 6 tubes. As controls, 2 uL of DMSO (1% final concentration) were added to 2 other tubes. Cells were incubated for 30 min at 37 C. After dye loading, tubes were centrifuged at 6,000 rpm for 1 min, supernatant was removed and the cell pellet was re-suspended in 200 uL of HBSS+ (with Ca2+ and Mg2+) containing 10 mM HEPES. The test compound or DMSO (control) was added again at the same concentrations that were used during cell loading. The cell suspension was aliquoted into a 96-well Reading Plate (Corning) in a volume of 90 uL (105 cells/well).",CXCR2,CHEMBL3705746,CHEMBL3639254
CHEMBL3658347,O=C(Nc1ccc(F)cn1)c1ccc(S(=O)(=O)Cc2ccccc2O)nc1,4.99,"In Vitro Inhibition Assay: An in vitro assay showed inhibition of CXCR2-mediated intracellular calcium release. Briefly, human neutrophils were suspended in HBSS- (without Ca2+ and Mg2+) containing 10 mM HEPES and FLIPR Calcium 3 dye (3.1x107 cells in total volume 1.7 mL). Cells were aliquoted (200 uL of the cell suspension per tube, 8 tubes total) and 2 uL of the designated compound (with appropriate dilutions) were added to each of 6 tubes. As controls, 2 uL of DMSO (1% final concentration) were added to 2 other tubes. Cells were incubated for 30 min at 37 C. After dye loading, tubes were centrifuged at 6,000 rpm for 1 min, supernatant was removed and the cell pellet was re-suspended in 200 uL of HBSS+ (with Ca2+ and Mg2+) containing 10 mM HEPES. The test compound or DMSO (control) was added again at the same concentrations that were used during cell loading. The cell suspension was aliquoted into a 96-well Reading Plate (Corning) in a volume of 90 uL (105 cells/well).",CXCR2,CHEMBL3705746,CHEMBL3639254
CHEMBL3658348,O=C(Nc1ccc(F)cn1)c1ccc([S+]([O-])Cc2cc(OC(F)(F)F)ccc2O)nc1,5.91,"In Vitro Inhibition Assay: An in vitro assay showed inhibition of CXCR2-mediated intracellular calcium release. Briefly, human neutrophils were suspended in HBSS- (without Ca2+ and Mg2+) containing 10 mM HEPES and FLIPR Calcium 3 dye (3.1x107 cells in total volume 1.7 mL). Cells were aliquoted (200 uL of the cell suspension per tube, 8 tubes total) and 2 uL of the designated compound (with appropriate dilutions) were added to each of 6 tubes. As controls, 2 uL of DMSO (1% final concentration) were added to 2 other tubes. Cells were incubated for 30 min at 37 C. After dye loading, tubes were centrifuged at 6,000 rpm for 1 min, supernatant was removed and the cell pellet was re-suspended in 200 uL of HBSS+ (with Ca2+ and Mg2+) containing 10 mM HEPES. The test compound or DMSO (control) was added again at the same concentrations that were used during cell loading. The cell suspension was aliquoted into a 96-well Reading Plate (Corning) in a volume of 90 uL (105 cells/well).",CXCR2,CHEMBL3705746,CHEMBL3639254
CHEMBL3658349,O=C(Nc1ccc(F)cn1)c1ccc(S(=O)(=O)Cc2cc(OC(F)(F)F)ccc2O)nc1,5.92,"In Vitro Inhibition Assay: An in vitro assay showed inhibition of CXCR2-mediated intracellular calcium release. Briefly, human neutrophils were suspended in HBSS- (without Ca2+ and Mg2+) containing 10 mM HEPES and FLIPR Calcium 3 dye (3.1x107 cells in total volume 1.7 mL). Cells were aliquoted (200 uL of the cell suspension per tube, 8 tubes total) and 2 uL of the designated compound (with appropriate dilutions) were added to each of 6 tubes. As controls, 2 uL of DMSO (1% final concentration) were added to 2 other tubes. Cells were incubated for 30 min at 37 C. After dye loading, tubes were centrifuged at 6,000 rpm for 1 min, supernatant was removed and the cell pellet was re-suspended in 200 uL of HBSS+ (with Ca2+ and Mg2+) containing 10 mM HEPES. The test compound or DMSO (control) was added again at the same concentrations that were used during cell loading. The cell suspension was aliquoted into a 96-well Reading Plate (Corning) in a volume of 90 uL (105 cells/well).",CXCR2,CHEMBL3705746,CHEMBL3639254
CHEMBL3943808,Cc1ccc(C(Nc2c(Nc3cccc(C(=O)N(C)C)c3O)c(=O)c2=O)C2CCOCC2)o1,6.67,"In Vitro Assay: The in vitro affinity of the compounds of the present invention for the CXCR1 and CXCR2 receptors was determined on a functional test of the beta -arrestin recruitment after receptor activation type.It was demonstrated that the activation by CXCL8 of the CXCR2 receptor in cells of the PathHunter HEK293-CXCR2 line or of the CXCR1 receptor in cells of the U2OS h CXCR1 beta -arrestin line results in the recruitment of beta -arrestin (Richardson et al. 2003 Role of the cytoplasmic tails of CXCR1 and CXCR2 in mediating leukocyte migration, activation, and regulation.>>J. Immunol. 170: 2904-2911).In order to evaluate the direct interaction of the CXCR2 or CXCR1 receptor with beta -arrestin 2, a beta -arrestin 2 recruitment test for CXCR2 or CXCR1 based on beta -galactosidase enzyme complementation (Olson K R, Eglen R M. Beta galactosidase complementation: a cell-based luminescent assay platform for drug discovery. Assay Drug Dev Technol. 2007 February; 5(1); 137-44).",CXCR2,CHEMBL3887210,CHEMBL3886212
CHEMBL3915853,Cc1ccc(C(Nc2c(Nc3cccc(C(=O)N(C)C)c3O)c(=O)c2=O)C2CCSCC2)o1,6.96,"In Vitro Assay: The in vitro affinity of the compounds of the present invention for the CXCR1 and CXCR2 receptors was determined on a functional test of the beta -arrestin recruitment after receptor activation type.It was demonstrated that the activation by CXCL8 of the CXCR2 receptor in cells of the PathHunter HEK293-CXCR2 line or of the CXCR1 receptor in cells of the U2OS h CXCR1 beta -arrestin line results in the recruitment of beta -arrestin (Richardson et al. 2003 Role of the cytoplasmic tails of CXCR1 and CXCR2 in mediating leukocyte migration, activation, and regulation.>>J. Immunol. 170: 2904-2911).In order to evaluate the direct interaction of the CXCR2 or CXCR1 receptor with beta -arrestin 2, a beta -arrestin 2 recruitment test for CXCR2 or CXCR1 based on beta -galactosidase enzyme complementation (Olson K R, Eglen R M. Beta galactosidase complementation: a cell-based luminescent assay platform for drug discovery. Assay Drug Dev Technol. 2007 February; 5(1); 137-44).",CXCR2,CHEMBL3887210,CHEMBL3886212
CHEMBL3938406,Cc1ccc(C(Nc2c(Nc3cccc(C(=O)N(C)C)c3O)c(=O)c2=O)C2(C)CCOCC2)o1,6.8,"In Vitro Assay: The in vitro affinity of the compounds of the present invention for the CXCR1 and CXCR2 receptors was determined on a functional test of the beta -arrestin recruitment after receptor activation type.It was demonstrated that the activation by CXCL8 of the CXCR2 receptor in cells of the PathHunter HEK293-CXCR2 line or of the CXCR1 receptor in cells of the U2OS h CXCR1 beta -arrestin line results in the recruitment of beta -arrestin (Richardson et al. 2003 Role of the cytoplasmic tails of CXCR1 and CXCR2 in mediating leukocyte migration, activation, and regulation.>>J. Immunol. 170: 2904-2911).In order to evaluate the direct interaction of the CXCR2 or CXCR1 receptor with beta -arrestin 2, a beta -arrestin 2 recruitment test for CXCR2 or CXCR1 based on beta -galactosidase enzyme complementation (Olson K R, Eglen R M. Beta galactosidase complementation: a cell-based luminescent assay platform for drug discovery. Assay Drug Dev Technol. 2007 February; 5(1); 137-44).",CXCR2,CHEMBL3887210,CHEMBL3886212
CHEMBL3979652,Cc1ccc(C(Nc2c(Nc3cccc(C(=O)N(C)C)c3O)c(=O)c2=O)C2(C)CCCO2)o1,7.28,"In Vitro Affinity Assay: â¿¿PathHunter HEK293-CXCR2â¿ or â¿¿U2OS hCXCR1 β-arrestinâ¿ cells (DiscoveRx Corporation) were seeded overnight at 10 000 cells/well (384-well format) in 20 μl of Opti MEM I medium. A preincubation with the antagonist or the vehicle for 30 min at 37° C. and 5% CO2 was followed by 60 minutes of stimulation with CXCL8 at 37° C. and 5% CO2. The cells were then placed at ambient temperature for 30 minutes. The PathHunter detection reagent (DiscoveRx Corporation) was added. After incubation for 60 min at ambient temperature, the β-galactosidase induced by the luminescence during the β-arrestin-CXCR2 interaction was measured for 0.3 s in an Envision 2102 Multilabel Reader (PerkinElmer Life and Analytical Sciences).",CXCR2,CHEMBL3888717,CHEMBL3886800
CHEMBL3979652,Cc1ccc(C(Nc2c(Nc3cccc(C(=O)N(C)C)c3O)c(=O)c2=O)C2(C)CCCO2)o1,7.05,"In Vitro Affinity Assay: â¿¿PathHunter HEK293-CXCR2â¿ or â¿¿U2OS hCXCR1 β-arrestinâ¿ cells (DiscoveRx Corporation) were seeded overnight at 10 000 cells/well (384-well format) in 20 μl of Opti MEM I medium. A preincubation with the antagonist or the vehicle for 30 min at 37° C. and 5% CO2 was followed by 60 minutes of stimulation with CXCL8 at 37° C. and 5% CO2. The cells were then placed at ambient temperature for 30 minutes. The PathHunter detection reagent (DiscoveRx Corporation) was added. After incubation for 60 min at ambient temperature, the β-galactosidase induced by the luminescence during the β-arrestin-CXCR2 interaction was measured for 0.3 s in an Envision 2102 Multilabel Reader (PerkinElmer Life and Analytical Sciences).",CXCR2,CHEMBL3888717,CHEMBL3886800
CHEMBL3979652,Cc1ccc(C(Nc2c(Nc3cccc(C(=O)N(C)C)c3O)c(=O)c2=O)C2(C)CCCO2)o1,7.03,"In Vitro Affinity Assay: â¿¿PathHunter HEK293-CXCR2â¿ or â¿¿U2OS hCXCR1 β-arrestinâ¿ cells (DiscoveRx Corporation) were seeded overnight at 10 000 cells/well (384-well format) in 20 μl of Opti MEM I medium. A preincubation with the antagonist or the vehicle for 30 min at 37° C. and 5% CO2 was followed by 60 minutes of stimulation with CXCL8 at 37° C. and 5% CO2. The cells were then placed at ambient temperature for 30 minutes. The PathHunter detection reagent (DiscoveRx Corporation) was added. After incubation for 60 min at ambient temperature, the β-galactosidase induced by the luminescence during the β-arrestin-CXCR2 interaction was measured for 0.3 s in an Envision 2102 Multilabel Reader (PerkinElmer Life and Analytical Sciences).",CXCR2,CHEMBL3888717,CHEMBL3886800
CHEMBL3951994,Cc1ccc(C(Nc2c(Nc3cccc(C(=O)N(C)C)c3O)c(=O)c2=O)C2CCCS2)o1,7.82,"In Vitro Affinity Assay: â¿¿PathHunter HEK293-CXCR2â¿ or â¿¿U2OS hCXCR1 β-arrestinâ¿ cells (DiscoveRx Corporation) were seeded overnight at 10 000 cells/well (384-well format) in 20 μl of Opti MEM I medium. A preincubation with the antagonist or the vehicle for 30 min at 37° C. and 5% CO2 was followed by 60 minutes of stimulation with CXCL8 at 37° C. and 5% CO2. The cells were then placed at ambient temperature for 30 minutes. The PathHunter detection reagent (DiscoveRx Corporation) was added. After incubation for 60 min at ambient temperature, the β-galactosidase induced by the luminescence during the β-arrestin-CXCR2 interaction was measured for 0.3 s in an Envision 2102 Multilabel Reader (PerkinElmer Life and Analytical Sciences).",CXCR2,CHEMBL3888717,CHEMBL3886800
CHEMBL3951994,Cc1ccc(C(Nc2c(Nc3cccc(C(=O)N(C)C)c3O)c(=O)c2=O)C2CCCS2)o1,7.46,"In Vitro Affinity Assay: â¿¿PathHunter HEK293-CXCR2â¿ or â¿¿U2OS hCXCR1 β-arrestinâ¿ cells (DiscoveRx Corporation) were seeded overnight at 10 000 cells/well (384-well format) in 20 μl of Opti MEM I medium. A preincubation with the antagonist or the vehicle for 30 min at 37° C. and 5% CO2 was followed by 60 minutes of stimulation with CXCL8 at 37° C. and 5% CO2. The cells were then placed at ambient temperature for 30 minutes. The PathHunter detection reagent (DiscoveRx Corporation) was added. After incubation for 60 min at ambient temperature, the β-galactosidase induced by the luminescence during the β-arrestin-CXCR2 interaction was measured for 0.3 s in an Envision 2102 Multilabel Reader (PerkinElmer Life and Analytical Sciences).",CXCR2,CHEMBL3888717,CHEMBL3886800
CHEMBL3951994,Cc1ccc(C(Nc2c(Nc3cccc(C(=O)N(C)C)c3O)c(=O)c2=O)C2CCCS2)o1,7.25,"In Vitro Affinity Assay: â¿¿PathHunter HEK293-CXCR2â¿ or â¿¿U2OS hCXCR1 β-arrestinâ¿ cells (DiscoveRx Corporation) were seeded overnight at 10 000 cells/well (384-well format) in 20 μl of Opti MEM I medium. A preincubation with the antagonist or the vehicle for 30 min at 37° C. and 5% CO2 was followed by 60 minutes of stimulation with CXCL8 at 37° C. and 5% CO2. The cells were then placed at ambient temperature for 30 minutes. The PathHunter detection reagent (DiscoveRx Corporation) was added. After incubation for 60 min at ambient temperature, the β-galactosidase induced by the luminescence during the β-arrestin-CXCR2 interaction was measured for 0.3 s in an Envision 2102 Multilabel Reader (PerkinElmer Life and Analytical Sciences).",CXCR2,CHEMBL3888717,CHEMBL3886800
CHEMBL3951994,Cc1ccc(C(Nc2c(Nc3cccc(C(=O)N(C)C)c3O)c(=O)c2=O)C2CCCS2)o1,6.87,"In Vitro Affinity Assay: â¿¿PathHunter HEK293-CXCR2â¿ or â¿¿U2OS hCXCR1 β-arrestinâ¿ cells (DiscoveRx Corporation) were seeded overnight at 10 000 cells/well (384-well format) in 20 μl of Opti MEM I medium. A preincubation with the antagonist or the vehicle for 30 min at 37° C. and 5% CO2 was followed by 60 minutes of stimulation with CXCL8 at 37° C. and 5% CO2. The cells were then placed at ambient temperature for 30 minutes. The PathHunter detection reagent (DiscoveRx Corporation) was added. After incubation for 60 min at ambient temperature, the β-galactosidase induced by the luminescence during the β-arrestin-CXCR2 interaction was measured for 0.3 s in an Envision 2102 Multilabel Reader (PerkinElmer Life and Analytical Sciences).",CXCR2,CHEMBL3888717,CHEMBL3886800
CHEMBL3951994,Cc1ccc(C(Nc2c(Nc3cccc(C(=O)N(C)C)c3O)c(=O)c2=O)C2CCCS2)o1,6.87,"In Vitro Affinity Assay: â¿¿PathHunter HEK293-CXCR2â¿ or â¿¿U2OS hCXCR1 β-arrestinâ¿ cells (DiscoveRx Corporation) were seeded overnight at 10 000 cells/well (384-well format) in 20 μl of Opti MEM I medium. A preincubation with the antagonist or the vehicle for 30 min at 37° C. and 5% CO2 was followed by 60 minutes of stimulation with CXCL8 at 37° C. and 5% CO2. The cells were then placed at ambient temperature for 30 minutes. The PathHunter detection reagent (DiscoveRx Corporation) was added. After incubation for 60 min at ambient temperature, the β-galactosidase induced by the luminescence during the β-arrestin-CXCR2 interaction was measured for 0.3 s in an Envision 2102 Multilabel Reader (PerkinElmer Life and Analytical Sciences).",CXCR2,CHEMBL3888717,CHEMBL3886800
CHEMBL3951994,Cc1ccc(C(Nc2c(Nc3cccc(C(=O)N(C)C)c3O)c(=O)c2=O)C2CCCS2)o1,6.56,"In Vitro Affinity Assay: â¿¿PathHunter HEK293-CXCR2â¿ or â¿¿U2OS hCXCR1 β-arrestinâ¿ cells (DiscoveRx Corporation) were seeded overnight at 10 000 cells/well (384-well format) in 20 μl of Opti MEM I medium. A preincubation with the antagonist or the vehicle for 30 min at 37° C. and 5% CO2 was followed by 60 minutes of stimulation with CXCL8 at 37° C. and 5% CO2. The cells were then placed at ambient temperature for 30 minutes. The PathHunter detection reagent (DiscoveRx Corporation) was added. After incubation for 60 min at ambient temperature, the β-galactosidase induced by the luminescence during the β-arrestin-CXCR2 interaction was measured for 0.3 s in an Envision 2102 Multilabel Reader (PerkinElmer Life and Analytical Sciences).",CXCR2,CHEMBL3888717,CHEMBL3886800
CHEMBL3891755,COC(=O)[C@@H]1CCCN1C(=O)c1cccc(Nc2c(NC(c3ccc(C)o3)[C@H]3CCCS3)c(=O)c2=O)c1F,6.71,"In Vitro Affinity Assay: â¿¿PathHunter HEK293-CXCR2â¿ or â¿¿U2OS hCXCR1 β-arrestinâ¿ cells (DiscoveRx Corporation) were seeded overnight at 10 000 cells/well (384-well format) in 20 μl of Opti MEM I medium. A preincubation with the antagonist or the vehicle for 30 min at 37° C. and 5% CO2 was followed by 60 minutes of stimulation with CXCL8 at 37° C. and 5% CO2. The cells were then placed at ambient temperature for 30 minutes. The PathHunter detection reagent (DiscoveRx Corporation) was added. After incubation for 60 min at ambient temperature, the β-galactosidase induced by the luminescence during the β-arrestin-CXCR2 interaction was measured for 0.3 s in an Envision 2102 Multilabel Reader (PerkinElmer Life and Analytical Sciences).",CXCR2,CHEMBL3888717,CHEMBL3886800
CHEMBL3900726,COC(=O)C1CCCN1C(=O)c1cccc(Nc2c(NC(c3ccc(C)o3)C3CCCS3)c(=O)c2=O)c1F,6.66,"In Vitro Affinity Assay: â¿¿PathHunter HEK293-CXCR2â¿ or â¿¿U2OS hCXCR1 β-arrestinâ¿ cells (DiscoveRx Corporation) were seeded overnight at 10 000 cells/well (384-well format) in 20 μl of Opti MEM I medium. A preincubation with the antagonist or the vehicle for 30 min at 37° C. and 5% CO2 was followed by 60 minutes of stimulation with CXCL8 at 37° C. and 5% CO2. The cells were then placed at ambient temperature for 30 minutes. The PathHunter detection reagent (DiscoveRx Corporation) was added. After incubation for 60 min at ambient temperature, the β-galactosidase induced by the luminescence during the β-arrestin-CXCR2 interaction was measured for 0.3 s in an Envision 2102 Multilabel Reader (PerkinElmer Life and Analytical Sciences).",CXCR2,CHEMBL3888717,CHEMBL3886800
CHEMBL3968340,COC(=O)[C@@H]1CCCN1C(=O)c1cccc(Nc2c(N[C@H](c3ccc(C)o3)[C@@H]3CCCS3)c(=O)c2=O)c1F,6.01,"In Vitro Affinity Assay: â¿¿PathHunter HEK293-CXCR2â¿ or â¿¿U2OS hCXCR1 β-arrestinâ¿ cells (DiscoveRx Corporation) were seeded overnight at 10 000 cells/well (384-well format) in 20 μl of Opti MEM I medium. A preincubation with the antagonist or the vehicle for 30 min at 37° C. and 5% CO2 was followed by 60 minutes of stimulation with CXCL8 at 37° C. and 5% CO2. The cells were then placed at ambient temperature for 30 minutes. The PathHunter detection reagent (DiscoveRx Corporation) was added. After incubation for 60 min at ambient temperature, the β-galactosidase induced by the luminescence during the β-arrestin-CXCR2 interaction was measured for 0.3 s in an Envision 2102 Multilabel Reader (PerkinElmer Life and Analytical Sciences).",CXCR2,CHEMBL3888717,CHEMBL3886800
CHEMBL3976863,Cc1ccc(C(Nc2c(Nc3cccc(C(=O)N4CCC[C@H]4C(=O)OC(C)C)c3F)c(=O)c2=O)C2CCCS2)o1,6.96,"In Vitro Affinity Assay: â¿¿PathHunter HEK293-CXCR2â¿ or â¿¿U2OS hCXCR1 β-arrestinâ¿ cells (DiscoveRx Corporation) were seeded overnight at 10 000 cells/well (384-well format) in 20 μl of Opti MEM I medium. A preincubation with the antagonist or the vehicle for 30 min at 37° C. and 5% CO2 was followed by 60 minutes of stimulation with CXCL8 at 37° C. and 5% CO2. The cells were then placed at ambient temperature for 30 minutes. The PathHunter detection reagent (DiscoveRx Corporation) was added. After incubation for 60 min at ambient temperature, the β-galactosidase induced by the luminescence during the β-arrestin-CXCR2 interaction was measured for 0.3 s in an Envision 2102 Multilabel Reader (PerkinElmer Life and Analytical Sciences).",CXCR2,CHEMBL3888717,CHEMBL3886800
CHEMBL3906175,CCOC(=O)[C@@H]1CCCN1C(=O)c1cccc(Nc2c(NC(c3ccc(C)o3)C3CCCS3)c(=O)c2=O)c1F,6.97,"In Vitro Affinity Assay: â¿¿PathHunter HEK293-CXCR2â¿ or â¿¿U2OS hCXCR1 β-arrestinâ¿ cells (DiscoveRx Corporation) were seeded overnight at 10 000 cells/well (384-well format) in 20 μl of Opti MEM I medium. A preincubation with the antagonist or the vehicle for 30 min at 37° C. and 5% CO2 was followed by 60 minutes of stimulation with CXCL8 at 37° C. and 5% CO2. The cells were then placed at ambient temperature for 30 minutes. The PathHunter detection reagent (DiscoveRx Corporation) was added. After incubation for 60 min at ambient temperature, the β-galactosidase induced by the luminescence during the β-arrestin-CXCR2 interaction was measured for 0.3 s in an Envision 2102 Multilabel Reader (PerkinElmer Life and Analytical Sciences).",CXCR2,CHEMBL3888717,CHEMBL3886800
CHEMBL3901913,COC(=O)[C@H]1CCCN1C(=O)c1cccc(Nc2c(NC(c3ccc(C)o3)C3CCCS3)c(=O)c2=O)c1O,7.52,"In Vitro Affinity Assay: â¿¿PathHunter HEK293-CXCR2â¿ or â¿¿U2OS hCXCR1 β-arrestinâ¿ cells (DiscoveRx Corporation) were seeded overnight at 10 000 cells/well (384-well format) in 20 μl of Opti MEM I medium. A preincubation with the antagonist or the vehicle for 30 min at 37° C. and 5% CO2 was followed by 60 minutes of stimulation with CXCL8 at 37° C. and 5% CO2. The cells were then placed at ambient temperature for 30 minutes. The PathHunter detection reagent (DiscoveRx Corporation) was added. After incubation for 60 min at ambient temperature, the β-galactosidase induced by the luminescence during the β-arrestin-CXCR2 interaction was measured for 0.3 s in an Envision 2102 Multilabel Reader (PerkinElmer Life and Analytical Sciences).",CXCR2,CHEMBL3888717,CHEMBL3886800
CHEMBL3915145,COC(=O)[C@@H]1CCCN1C(=O)c1cccc(Nc2c(NC(c3ccc(C)o3)C3CCCS3)c(=O)c2=O)c1O,7.43,"In Vitro Affinity Assay: â¿¿PathHunter HEK293-CXCR2â¿ or â¿¿U2OS hCXCR1 β-arrestinâ¿ cells (DiscoveRx Corporation) were seeded overnight at 10 000 cells/well (384-well format) in 20 μl of Opti MEM I medium. A preincubation with the antagonist or the vehicle for 30 min at 37° C. and 5% CO2 was followed by 60 minutes of stimulation with CXCL8 at 37° C. and 5% CO2. The cells were then placed at ambient temperature for 30 minutes. The PathHunter detection reagent (DiscoveRx Corporation) was added. After incubation for 60 min at ambient temperature, the β-galactosidase induced by the luminescence during the β-arrestin-CXCR2 interaction was measured for 0.3 s in an Envision 2102 Multilabel Reader (PerkinElmer Life and Analytical Sciences).",CXCR2,CHEMBL3888717,CHEMBL3886800
CHEMBL3901913,COC(=O)[C@H]1CCCN1C(=O)c1cccc(Nc2c(NC(c3ccc(C)o3)C3CCCS3)c(=O)c2=O)c1O,7.07,"In Vitro Affinity Assay: â¿¿PathHunter HEK293-CXCR2â¿ or â¿¿U2OS hCXCR1 β-arrestinâ¿ cells (DiscoveRx Corporation) were seeded overnight at 10 000 cells/well (384-well format) in 20 μl of Opti MEM I medium. A preincubation with the antagonist or the vehicle for 30 min at 37° C. and 5% CO2 was followed by 60 minutes of stimulation with CXCL8 at 37° C. and 5% CO2. The cells were then placed at ambient temperature for 30 minutes. The PathHunter detection reagent (DiscoveRx Corporation) was added. After incubation for 60 min at ambient temperature, the β-galactosidase induced by the luminescence during the β-arrestin-CXCR2 interaction was measured for 0.3 s in an Envision 2102 Multilabel Reader (PerkinElmer Life and Analytical Sciences).",CXCR2,CHEMBL3888717,CHEMBL3886800
CHEMBL3909470,Cc1ccc([C@H](Nc2c(Nc3cccc(C(=O)N(C)CC(F)(F)F)c3O)c(=O)c2=O)C2CCCS2)o1,7.33,"In Vitro Affinity Assay: â¿¿PathHunter HEK293-CXCR2â¿ or â¿¿U2OS hCXCR1 β-arrestinâ¿ cells (DiscoveRx Corporation) were seeded overnight at 10 000 cells/well (384-well format) in 20 μl of Opti MEM I medium. A preincubation with the antagonist or the vehicle for 30 min at 37° C. and 5% CO2 was followed by 60 minutes of stimulation with CXCL8 at 37° C. and 5% CO2. The cells were then placed at ambient temperature for 30 minutes. The PathHunter detection reagent (DiscoveRx Corporation) was added. After incubation for 60 min at ambient temperature, the β-galactosidase induced by the luminescence during the β-arrestin-CXCR2 interaction was measured for 0.3 s in an Envision 2102 Multilabel Reader (PerkinElmer Life and Analytical Sciences).",CXCR2,CHEMBL3888717,CHEMBL3886800
CHEMBL3902863,Cc1ccc([C@@H](Nc2c(Nc3cccc(C(=O)N(C)CC(F)(F)F)c3O)c(=O)c2=O)C2CCCS2)o1,6.94,"In Vitro Affinity Assay: â¿¿PathHunter HEK293-CXCR2â¿ or â¿¿U2OS hCXCR1 β-arrestinâ¿ cells (DiscoveRx Corporation) were seeded overnight at 10 000 cells/well (384-well format) in 20 μl of Opti MEM I medium. A preincubation with the antagonist or the vehicle for 30 min at 37° C. and 5% CO2 was followed by 60 minutes of stimulation with CXCL8 at 37° C. and 5% CO2. The cells were then placed at ambient temperature for 30 minutes. The PathHunter detection reagent (DiscoveRx Corporation) was added. After incubation for 60 min at ambient temperature, the β-galactosidase induced by the luminescence during the β-arrestin-CXCR2 interaction was measured for 0.3 s in an Envision 2102 Multilabel Reader (PerkinElmer Life and Analytical Sciences).",CXCR2,CHEMBL3888717,CHEMBL3886800
CHEMBL3935902,COC(=O)CNCC(=O)c1cccc(Nc2c(NC(c3ccc(C)o3)C3CCCS3)c(=O)c2=O)c1O,7.1,"In Vitro Affinity Assay: â¿¿PathHunter HEK293-CXCR2â¿ or â¿¿U2OS hCXCR1 β-arrestinâ¿ cells (DiscoveRx Corporation) were seeded overnight at 10 000 cells/well (384-well format) in 20 μl of Opti MEM I medium. A preincubation with the antagonist or the vehicle for 30 min at 37° C. and 5% CO2 was followed by 60 minutes of stimulation with CXCL8 at 37° C. and 5% CO2. The cells were then placed at ambient temperature for 30 minutes. The PathHunter detection reagent (DiscoveRx Corporation) was added. After incubation for 60 min at ambient temperature, the β-galactosidase induced by the luminescence during the β-arrestin-CXCR2 interaction was measured for 0.3 s in an Envision 2102 Multilabel Reader (PerkinElmer Life and Analytical Sciences).",CXCR2,CHEMBL3888717,CHEMBL3886800
CHEMBL3935902,COC(=O)CNCC(=O)c1cccc(Nc2c(NC(c3ccc(C)o3)C3CCCS3)c(=O)c2=O)c1O,6.82,"In Vitro Affinity Assay: â¿¿PathHunter HEK293-CXCR2â¿ or â¿¿U2OS hCXCR1 β-arrestinâ¿ cells (DiscoveRx Corporation) were seeded overnight at 10 000 cells/well (384-well format) in 20 μl of Opti MEM I medium. A preincubation with the antagonist or the vehicle for 30 min at 37° C. and 5% CO2 was followed by 60 minutes of stimulation with CXCL8 at 37° C. and 5% CO2. The cells were then placed at ambient temperature for 30 minutes. The PathHunter detection reagent (DiscoveRx Corporation) was added. After incubation for 60 min at ambient temperature, the β-galactosidase induced by the luminescence during the β-arrestin-CXCR2 interaction was measured for 0.3 s in an Envision 2102 Multilabel Reader (PerkinElmer Life and Analytical Sciences).",CXCR2,CHEMBL3888717,CHEMBL3886800
CHEMBL3913959,Cc1ccc(C(Nc2c(Nc3ccc(Cl)c(S(=O)(=O)N(C)C)c3O)c(=O)c2=O)C2CCCS2)o1,7.8,"In Vitro Affinity Assay: â¿¿PathHunter HEK293-CXCR2â¿ or â¿¿U2OS hCXCR1 β-arrestinâ¿ cells (DiscoveRx Corporation) were seeded overnight at 10 000 cells/well (384-well format) in 20 μl of Opti MEM I medium. A preincubation with the antagonist or the vehicle for 30 min at 37° C. and 5% CO2 was followed by 60 minutes of stimulation with CXCL8 at 37° C. and 5% CO2. The cells were then placed at ambient temperature for 30 minutes. The PathHunter detection reagent (DiscoveRx Corporation) was added. After incubation for 60 min at ambient temperature, the β-galactosidase induced by the luminescence during the β-arrestin-CXCR2 interaction was measured for 0.3 s in an Envision 2102 Multilabel Reader (PerkinElmer Life and Analytical Sciences).",CXCR2,CHEMBL3888717,CHEMBL3886800
CHEMBL3913959,Cc1ccc(C(Nc2c(Nc3ccc(Cl)c(S(=O)(=O)N(C)C)c3O)c(=O)c2=O)C2CCCS2)o1,6.57,"In Vitro Affinity Assay: â¿¿PathHunter HEK293-CXCR2â¿ or â¿¿U2OS hCXCR1 β-arrestinâ¿ cells (DiscoveRx Corporation) were seeded overnight at 10 000 cells/well (384-well format) in 20 μl of Opti MEM I medium. A preincubation with the antagonist or the vehicle for 30 min at 37° C. and 5% CO2 was followed by 60 minutes of stimulation with CXCL8 at 37° C. and 5% CO2. The cells were then placed at ambient temperature for 30 minutes. The PathHunter detection reagent (DiscoveRx Corporation) was added. After incubation for 60 min at ambient temperature, the β-galactosidase induced by the luminescence during the β-arrestin-CXCR2 interaction was measured for 0.3 s in an Envision 2102 Multilabel Reader (PerkinElmer Life and Analytical Sciences).",CXCR2,CHEMBL3888717,CHEMBL3886800
CHEMBL4106677,Cc1ccc(C(Nc2c(Nc3cccc(C(=O)N(C)C)c3O)c(=O)c2=O)[C@H]2CCCO2)o1,6.75,"In Vitro Affinity Assay: â¿¿PathHunter HEK293-CXCR2â¿ or â¿¿U2OS hCXCR1 β-arrestinâ¿ cells (DiscoveRx Corporation) were seeded overnight at 10 000 cells/well (384-well format) in 20 μl of Opti MEM I medium. A preincubation with the antagonist or the vehicle for 30 min at 37° C. and 5% CO2 was followed by 60 minutes of stimulation with CXCL8 at 37° C. and 5% CO2. The cells were then placed at ambient temperature for 30 minutes. The PathHunter detection reagent (DiscoveRx Corporation) was added. After incubation for 60 min at ambient temperature, the β-galactosidase induced by the luminescence during the β-arrestin-CXCR2 interaction was measured for 0.3 s in an Envision 2102 Multilabel Reader (PerkinElmer Life and Analytical Sciences).",CXCR2,CHEMBL3888717,CHEMBL3886800
CHEMBL3934321,Cc1ccc(C(Nc2c(Nc3cccc(C(=O)N(C)C)c3O)c(=O)c2=O)[C@@H]2CCCO2)o1,7.08,"In Vitro Affinity Assay: â¿¿PathHunter HEK293-CXCR2â¿ or â¿¿U2OS hCXCR1 β-arrestinâ¿ cells (DiscoveRx Corporation) were seeded overnight at 10 000 cells/well (384-well format) in 20 μl of Opti MEM I medium. A preincubation with the antagonist or the vehicle for 30 min at 37° C. and 5% CO2 was followed by 60 minutes of stimulation with CXCL8 at 37° C. and 5% CO2. The cells were then placed at ambient temperature for 30 minutes. The PathHunter detection reagent (DiscoveRx Corporation) was added. After incubation for 60 min at ambient temperature, the β-galactosidase induced by the luminescence during the β-arrestin-CXCR2 interaction was measured for 0.3 s in an Envision 2102 Multilabel Reader (PerkinElmer Life and Analytical Sciences).",CXCR2,CHEMBL3888717,CHEMBL3886800
CHEMBL3980279,CN(C)C(=O)c1cccc(Nc2c(NC(c3ccccc3)C3CCCO3)c(=O)c2=O)c1O,6.77,"In Vitro Affinity Assay: â¿¿PathHunter HEK293-CXCR2â¿ or â¿¿U2OS hCXCR1 β-arrestinâ¿ cells (DiscoveRx Corporation) were seeded overnight at 10 000 cells/well (384-well format) in 20 μl of Opti MEM I medium. A preincubation with the antagonist or the vehicle for 30 min at 37° C. and 5% CO2 was followed by 60 minutes of stimulation with CXCL8 at 37° C. and 5% CO2. The cells were then placed at ambient temperature for 30 minutes. The PathHunter detection reagent (DiscoveRx Corporation) was added. After incubation for 60 min at ambient temperature, the β-galactosidase induced by the luminescence during the β-arrestin-CXCR2 interaction was measured for 0.3 s in an Envision 2102 Multilabel Reader (PerkinElmer Life and Analytical Sciences).",CXCR2,CHEMBL3888717,CHEMBL3886800
CHEMBL3956663,Cc1ccc(C(Nc2c(Nc3cccc(C(=O)N(C)C)c3O)c(=O)c2=O)[C@@H]2COC(C)(C)O2)o1,5.9,"In Vitro Affinity Assay: â¿¿PathHunter HEK293-CXCR2â¿ or â¿¿U2OS hCXCR1 β-arrestinâ¿ cells (DiscoveRx Corporation) were seeded overnight at 10 000 cells/well (384-well format) in 20 μl of Opti MEM I medium. A preincubation with the antagonist or the vehicle for 30 min at 37° C. and 5% CO2 was followed by 60 minutes of stimulation with CXCL8 at 37° C. and 5% CO2. The cells were then placed at ambient temperature for 30 minutes. The PathHunter detection reagent (DiscoveRx Corporation) was added. After incubation for 60 min at ambient temperature, the β-galactosidase induced by the luminescence during the β-arrestin-CXCR2 interaction was measured for 0.3 s in an Envision 2102 Multilabel Reader (PerkinElmer Life and Analytical Sciences).",CXCR2,CHEMBL3888717,CHEMBL3886800
CHEMBL3963336,COC(=O)[C@@H]1CCCN1C(=O)c1cccc(Nc2c(NC(c3ccc(C)o3)C3CCCS3)c(=O)c2=O)c1F,6.53,"In Vitro Affinity Assay: â¿¿PathHunter HEK293-CXCR2â¿ or â¿¿U2OS hCXCR1 β-arrestinâ¿ cells (DiscoveRx Corporation) were seeded overnight at 10 000 cells/well (384-well format) in 20 μl of Opti MEM I medium. A preincubation with the antagonist or the vehicle for 30 min at 37° C. and 5% CO2 was followed by 60 minutes of stimulation with CXCL8 at 37° C. and 5% CO2. The cells were then placed at ambient temperature for 30 minutes. The PathHunter detection reagent (DiscoveRx Corporation) was added. After incubation for 60 min at ambient temperature, the β-galactosidase induced by the luminescence during the β-arrestin-CXCR2 interaction was measured for 0.3 s in an Envision 2102 Multilabel Reader (PerkinElmer Life and Analytical Sciences).",CXCR2,CHEMBL3888717,CHEMBL3886800
CHEMBL3947915,Cc1ccc(C(Nc2c(Nc3cccnc3O)c(=O)c2=O)C2CCCS2)o1,7.64,"In Vitro Affinity Assay: â¿¿PathHunter HEK293-CXCR2â¿ or â¿¿U2OS hCXCR1 β-arrestinâ¿ cells (DiscoveRx Corporation) were seeded overnight at 10 000 cells/well (384-well format) in 20 μl of Opti MEM I medium. A preincubation with the antagonist or the vehicle for 30 min at 37° C. and 5% CO2 was followed by 60 minutes of stimulation with CXCL8 at 37° C. and 5% CO2. The cells were then placed at ambient temperature for 30 minutes. The PathHunter detection reagent (DiscoveRx Corporation) was added. After incubation for 60 min at ambient temperature, the β-galactosidase induced by the luminescence during the β-arrestin-CXCR2 interaction was measured for 0.3 s in an Envision 2102 Multilabel Reader (PerkinElmer Life and Analytical Sciences).",CXCR2,CHEMBL3888717,CHEMBL3886800
CHEMBL3986396,Cc1ccc(C(Nc2c(NC3=CC=CN(C)C3O)c(=O)c2=O)C2CCCS2)o1,7.36,"In Vitro Affinity Assay: â¿¿PathHunter HEK293-CXCR2â¿ or â¿¿U2OS hCXCR1 β-arrestinâ¿ cells (DiscoveRx Corporation) were seeded overnight at 10 000 cells/well (384-well format) in 20 μl of Opti MEM I medium. A preincubation with the antagonist or the vehicle for 30 min at 37° C. and 5% CO2 was followed by 60 minutes of stimulation with CXCL8 at 37° C. and 5% CO2. The cells were then placed at ambient temperature for 30 minutes. The PathHunter detection reagent (DiscoveRx Corporation) was added. After incubation for 60 min at ambient temperature, the β-galactosidase induced by the luminescence during the β-arrestin-CXCR2 interaction was measured for 0.3 s in an Envision 2102 Multilabel Reader (PerkinElmer Life and Analytical Sciences).",CXCR2,CHEMBL3888717,CHEMBL3886800
CHEMBL3909470,Cc1ccc([C@H](Nc2c(Nc3cccc(C(=O)N(C)CC(F)(F)F)c3O)c(=O)c2=O)C2CCCS2)o1,7.82,"In Vitro Affinity Assay: â¿¿PathHunter HEK293-CXCR2â¿ or â¿¿U2OS hCXCR1 β-arrestinâ¿ cells (DiscoveRx Corporation) were seeded overnight at 10 000 cells/well (384-well format) in 20 μl of Opti MEM I medium. A preincubation with the antagonist or the vehicle for 30 min at 37° C. and 5% CO2 was followed by 60 minutes of stimulation with CXCL8 at 37° C. and 5% CO2. The cells were then placed at ambient temperature for 30 minutes. The PathHunter detection reagent (DiscoveRx Corporation) was added. After incubation for 60 min at ambient temperature, the β-galactosidase induced by the luminescence during the β-arrestin-CXCR2 interaction was measured for 0.3 s in an Envision 2102 Multilabel Reader (PerkinElmer Life and Analytical Sciences).",CXCR2,CHEMBL3888717,CHEMBL3886800
CHEMBL3904195,COC(=O)CN(C)C(=O)c1cccc(Nc2c(N[C@@H](c3ccc(C)o3)C3CCCS3)c(=O)c2=O)c1O,7.7,"In Vitro Affinity Assay: â¿¿PathHunter HEK293-CXCR2â¿ or â¿¿U2OS hCXCR1 β-arrestinâ¿ cells (DiscoveRx Corporation) were seeded overnight at 10 000 cells/well (384-well format) in 20 μl of Opti MEM I medium. A preincubation with the antagonist or the vehicle for 30 min at 37° C. and 5% CO2 was followed by 60 minutes of stimulation with CXCL8 at 37° C. and 5% CO2. The cells were then placed at ambient temperature for 30 minutes. The PathHunter detection reagent (DiscoveRx Corporation) was added. After incubation for 60 min at ambient temperature, the β-galactosidase induced by the luminescence during the β-arrestin-CXCR2 interaction was measured for 0.3 s in an Envision 2102 Multilabel Reader (PerkinElmer Life and Analytical Sciences).",CXCR2,CHEMBL3888717,CHEMBL3886800
CHEMBL3901913,COC(=O)[C@H]1CCCN1C(=O)c1cccc(Nc2c(NC(c3ccc(C)o3)C3CCCS3)c(=O)c2=O)c1O,7.68,"In Vitro Affinity Assay: â¿¿PathHunter HEK293-CXCR2â¿ or â¿¿U2OS hCXCR1 β-arrestinâ¿ cells (DiscoveRx Corporation) were seeded overnight at 10 000 cells/well (384-well format) in 20 μl of Opti MEM I medium. A preincubation with the antagonist or the vehicle for 30 min at 37° C. and 5% CO2 was followed by 60 minutes of stimulation with CXCL8 at 37° C. and 5% CO2. The cells were then placed at ambient temperature for 30 minutes. The PathHunter detection reagent (DiscoveRx Corporation) was added. After incubation for 60 min at ambient temperature, the β-galactosidase induced by the luminescence during the β-arrestin-CXCR2 interaction was measured for 0.3 s in an Envision 2102 Multilabel Reader (PerkinElmer Life and Analytical Sciences).",CXCR2,CHEMBL3888717,CHEMBL3886800
CHEMBL3956601,Cc1ccc(C(Nc2c(Nc3ccc(Cl)c(C(=O)N(C)C)c3O)c(=O)c2=O)C2CCCS2)o1,7.16,"In Vitro Affinity Assay: â¿¿PathHunter HEK293-CXCR2â¿ or â¿¿U2OS hCXCR1 β-arrestinâ¿ cells (DiscoveRx Corporation) were seeded overnight at 10 000 cells/well (384-well format) in 20 μl of Opti MEM I medium. A preincubation with the antagonist or the vehicle for 30 min at 37° C. and 5% CO2 was followed by 60 minutes of stimulation with CXCL8 at 37° C. and 5% CO2. The cells were then placed at ambient temperature for 30 minutes. The PathHunter detection reagent (DiscoveRx Corporation) was added. After incubation for 60 min at ambient temperature, the β-galactosidase induced by the luminescence during the β-arrestin-CXCR2 interaction was measured for 0.3 s in an Envision 2102 Multilabel Reader (PerkinElmer Life and Analytical Sciences).",CXCR2,CHEMBL3888717,CHEMBL3886800
CHEMBL3952996,Cc1ccc(C(Nc2c(Nc3ccc(Cl)c(S(=O)(=O)N4CCN(C)CC4)c3O)c(=O)c2=O)C2CCCS2)o1,7.77,"In Vitro Affinity Assay: â¿¿PathHunter HEK293-CXCR2â¿ or â¿¿U2OS hCXCR1 β-arrestinâ¿ cells (DiscoveRx Corporation) were seeded overnight at 10 000 cells/well (384-well format) in 20 μl of Opti MEM I medium. A preincubation with the antagonist or the vehicle for 30 min at 37° C. and 5% CO2 was followed by 60 minutes of stimulation with CXCL8 at 37° C. and 5% CO2. The cells were then placed at ambient temperature for 30 minutes. The PathHunter detection reagent (DiscoveRx Corporation) was added. After incubation for 60 min at ambient temperature, the β-galactosidase induced by the luminescence during the β-arrestin-CXCR2 interaction was measured for 0.3 s in an Envision 2102 Multilabel Reader (PerkinElmer Life and Analytical Sciences).",CXCR2,CHEMBL3888717,CHEMBL3886800
CHEMBL4076769,CC(C)S(=O)(=O)c1c(Cl)ccc(NC(=O)NC2CCCCC2)c1O,7.3,Antagonist activity at TEV protease cleavage site linked GAL4-VP16-fused recombinant human CXCR2 expressed in cells assessed as inhibition of TEV protease tagged human CXCL1-stimulated beta-arrestin recruitment by CCF4-AM-fluorescence based FRET assay,CXCR2,CHEMBL4037524,CHEMBL4033786
CHEMBL3817901,CC(C)S(=O)(=O)c1c(Cl)ccc(NC(=O)Nc2cccc(F)c2Cl)c1O,9.4,Antagonist activity at TEV protease cleavage site linked GAL4-VP16-fused recombinant human CXCR2 expressed in cells assessed as inhibition of TEV protease tagged human CXCL1-stimulated beta-arrestin recruitment by CCF4-AM-fluorescence based FRET assay,CXCR2,CHEMBL4037524,CHEMBL4033786
CHEMBL4076053,CC1=CCC[C@H]1NC(=O)Nc1ccc(Cl)c(S(=O)(=O)C2CC3(COC3)C2)c1O,9.0,Antagonist activity at TEV protease cleavage site linked GAL4-VP16-fused recombinant human CXCR2 expressed in cells assessed as inhibition of TEV protease tagged human CXCL1-stimulated beta-arrestin recruitment by CCF4-AM-fluorescence based FRET assay,CXCR2,CHEMBL4037524,CHEMBL4033786
CHEMBL4072270,CC1=CCC[C@H]1NC(=O)Nc1ccc(Cl)c(S(=O)(=O)[C@@H]2CC[C@@H](O)C2)c1O,9.6,Antagonist activity at TEV protease cleavage site linked GAL4-VP16-fused recombinant human CXCR2 expressed in cells assessed as inhibition of TEV protease tagged human CXCL1-stimulated beta-arrestin recruitment by CCF4-AM-fluorescence based FRET assay,CXCR2,CHEMBL4037524,CHEMBL4033786
CHEMBL4089421,CC1=CCC[C@H]1NC(=O)Nc1ccc(Cl)c(S(=O)(=O)C2(F)CCOC2)c1O,9.1,Antagonist activity at TEV protease cleavage site linked GAL4-VP16-fused recombinant human CXCR2 expressed in cells assessed as inhibition of TEV protease tagged human CXCL1-stimulated beta-arrestin recruitment by CCF4-AM-fluorescence based FRET assay,CXCR2,CHEMBL4037524,CHEMBL4033786
CHEMBL4067429,CC1=CCC[C@H]1NC(=O)Nc1ccc(Cl)c(S(=O)(=O)[C@@]2(C)CCOC2)c1O,9.0,Antagonist activity at TEV protease cleavage site linked GAL4-VP16-fused recombinant human CXCR2 expressed in cells assessed as inhibition of TEV protease tagged human CXCL1-stimulated beta-arrestin recruitment by CCF4-AM-fluorescence based FRET assay,CXCR2,CHEMBL4037524,CHEMBL4033786
CHEMBL4100674,CC1=CCC[C@H]1NC(=O)Nc1ccc(Cl)c(S(=O)(=O)[C@]2(C)CCOC2)c1O,9.0,Antagonist activity at TEV protease cleavage site linked GAL4-VP16-fused recombinant human CXCR2 expressed in cells assessed as inhibition of TEV protease tagged human CXCL1-stimulated beta-arrestin recruitment by CCF4-AM-fluorescence based FRET assay,CXCR2,CHEMBL4037524,CHEMBL4033786
CHEMBL4062546,CC1=CCC[C@H]1NC(=O)Nc1ccc(Cl)c(S(=O)(=O)C2(C)CCOC2)c1O,8.9,Antagonist activity at TEV protease cleavage site linked GAL4-VP16-fused recombinant human CXCR2 expressed in cells assessed as inhibition of TEV protease tagged human CXCL1-stimulated beta-arrestin recruitment by CCF4-AM-fluorescence based FRET assay,CXCR2,CHEMBL4037524,CHEMBL4033786
CHEMBL4081963,CC1=CCC[C@H]1NC(=O)Nc1ccc(Cl)c(S(=O)(=O)C2CCCOC2)c1O,8.8,Antagonist activity at TEV protease cleavage site linked GAL4-VP16-fused recombinant human CXCR2 expressed in cells assessed as inhibition of TEV protease tagged human CXCL1-stimulated beta-arrestin recruitment by CCF4-AM-fluorescence based FRET assay,CXCR2,CHEMBL4037524,CHEMBL4033786
CHEMBL4060060,CC1=CCC[C@H]1NC(=O)Nc1ccc(Cl)c(S(=O)(=O)C2(C)CCCOC2)c1O,8.7,Antagonist activity at TEV protease cleavage site linked GAL4-VP16-fused recombinant human CXCR2 expressed in cells assessed as inhibition of TEV protease tagged human CXCL1-stimulated beta-arrestin recruitment by CCF4-AM-fluorescence based FRET assay,CXCR2,CHEMBL4037524,CHEMBL4033786
CHEMBL4070629,CC1=CCC[C@H]1NC(=O)Nc1ccc(Cl)c(S(=O)(=O)C2(CCF)CCOCC2)c1O,7.5,Antagonist activity at TEV protease cleavage site linked GAL4-VP16-fused recombinant human CXCR2 expressed in cells assessed as inhibition of TEV protease tagged human CXCL1-stimulated beta-arrestin recruitment by CCF4-AM-fluorescence based FRET assay,CXCR2,CHEMBL4037524,CHEMBL4033786
CHEMBL4079718,CC1=CCC[C@H]1NC(=O)Nc1ccc(Cl)c(S(=O)(=O)C2(CF)CCOCC2)c1O,8.9,Antagonist activity at TEV protease cleavage site linked GAL4-VP16-fused recombinant human CXCR2 expressed in cells assessed as inhibition of TEV protease tagged human CXCL1-stimulated beta-arrestin recruitment by CCF4-AM-fluorescence based FRET assay,CXCR2,CHEMBL4037524,CHEMBL4033786
CHEMBL4098864,CC1=CCC[C@H]1NC(=O)Nc1ccc(Cl)c(S(=O)(=O)C2(F)CCOCC2)c1O,9.7,Antagonist activity at TEV protease cleavage site linked GAL4-VP16-fused recombinant human CXCR2 expressed in cells assessed as inhibition of TEV protease tagged human CXCL1-stimulated beta-arrestin recruitment by CCF4-AM-fluorescence based FRET assay,CXCR2,CHEMBL4037524,CHEMBL4033786
CHEMBL4077201,CCC1(S(=O)(=O)c2c(Cl)ccc(NC(=O)N[C@@H]3CCC=C3C)c2O)CCOCC1,9.5,Antagonist activity at TEV protease cleavage site linked GAL4-VP16-fused recombinant human CXCR2 expressed in cells assessed as inhibition of TEV protease tagged human CXCL1-stimulated beta-arrestin recruitment by CCF4-AM-fluorescence based FRET assay,CXCR2,CHEMBL4037524,CHEMBL4033786
CHEMBL4066510,CC1=CCC[C@H]1NC(=O)Nc1ccc(Cl)c(S(=O)(=O)C2(C)CCOCC2)c1O,9.3,Antagonist activity at TEV protease cleavage site linked GAL4-VP16-fused recombinant human CXCR2 expressed in cells assessed as inhibition of TEV protease tagged human CXCL1-stimulated beta-arrestin recruitment by CCF4-AM-fluorescence based FRET assay,CXCR2,CHEMBL4037524,CHEMBL4033786
CHEMBL4088551,CC1=CCC[C@H]1NC(=O)Nc1ccc(Cl)c(S(=O)(=O)C(C)(C)C2CCOCC2)c1O,9.3,Antagonist activity at TEV protease cleavage site linked GAL4-VP16-fused recombinant human CXCR2 expressed in cells assessed as inhibition of TEV protease tagged human CXCL1-stimulated beta-arrestin recruitment by CCF4-AM-fluorescence based FRET assay,CXCR2,CHEMBL4037524,CHEMBL4033786
CHEMBL4076478,CC1=CCC[C@H]1NC(=O)Nc1ccc(Cl)c(S(=O)(=O)C(C)(C)[C@@H]2CCOC2)c1O,8.9,Antagonist activity at TEV protease cleavage site linked GAL4-VP16-fused recombinant human CXCR2 expressed in cells assessed as inhibition of TEV protease tagged human CXCL1-stimulated beta-arrestin recruitment by CCF4-AM-fluorescence based FRET assay,CXCR2,CHEMBL4037524,CHEMBL4033786
CHEMBL4084135,CC1=CCC[C@H]1NC(=O)Nc1ccc(Cl)c(S(=O)(=O)C(C)(C)[C@H]2CCOC2)c1O,8.8,Antagonist activity at TEV protease cleavage site linked GAL4-VP16-fused recombinant human CXCR2 expressed in cells assessed as inhibition of TEV protease tagged human CXCL1-stimulated beta-arrestin recruitment by CCF4-AM-fluorescence based FRET assay,CXCR2,CHEMBL4037524,CHEMBL4033786
CHEMBL4062361,CC1=CCC[C@H]1NC(=O)Nc1ccc(Cl)c(S(=O)(=O)C(C)(C)C2COC2)c1O,9.6,Antagonist activity at TEV protease cleavage site linked GAL4-VP16-fused recombinant human CXCR2 expressed in cells assessed as inhibition of TEV protease tagged human CXCL1-stimulated beta-arrestin recruitment by CCF4-AM-fluorescence based FRET assay,CXCR2,CHEMBL4037524,CHEMBL4033786
CHEMBL4084077,COCC(C)S(=O)(=O)c1c(Cl)ccc(NC(=O)N[C@@H]2CCC=C2C)c1O,8.9,Antagonist activity at TEV protease cleavage site linked GAL4-VP16-fused recombinant human CXCR2 expressed in cells assessed as inhibition of TEV protease tagged human CXCL1-stimulated beta-arrestin recruitment by CCF4-AM-fluorescence based FRET assay,CXCR2,CHEMBL4037524,CHEMBL4033786
CHEMBL4066904,CC1=CCC[C@H]1NC(=O)Nc1ccc(C#N)c(S(=O)(=O)C(C)(C)CC(F)(F)F)c1O,9.8,Antagonist activity at TEV protease cleavage site linked GAL4-VP16-fused recombinant human CXCR2 expressed in cells assessed as inhibition of TEV protease tagged human CXCL1-stimulated beta-arrestin recruitment by CCF4-AM-fluorescence based FRET assay,CXCR2,CHEMBL4037524,CHEMBL4033786
CHEMBL4082136,CC1=CCC[C@H]1NC(=O)Nc1ccc(C#N)c(S(=O)(=O)C(C)(C)C)c1O,9.7,Antagonist activity at TEV protease cleavage site linked GAL4-VP16-fused recombinant human CXCR2 expressed in cells assessed as inhibition of TEV protease tagged human CXCL1-stimulated beta-arrestin recruitment by CCF4-AM-fluorescence based FRET assay,CXCR2,CHEMBL4037524,CHEMBL4033786
CHEMBL4076428,CC1=CCC[C@H]1NC(=O)Nc1ccc(Cl)c(S(=O)(=O)[C@H]2C[C@H](N3CCCC3)C2)c1O,9.0,Antagonist activity at TEV protease cleavage site linked GAL4-VP16-fused recombinant human CXCR2 expressed in cells assessed as inhibition of TEV protease tagged human CXCL1-stimulated beta-arrestin recruitment by CCF4-AM-fluorescence based FRET assay,CXCR2,CHEMBL4037524,CHEMBL4033786
CHEMBL4097602,CC1=CCC[C@H]1NC(=O)Nc1ccc(Cl)c(S(=O)(=O)[C@H]2C[C@H](N(C)C)C2)c1O,9.0,Antagonist activity at TEV protease cleavage site linked GAL4-VP16-fused recombinant human CXCR2 expressed in cells assessed as inhibition of TEV protease tagged human CXCL1-stimulated beta-arrestin recruitment by CCF4-AM-fluorescence based FRET assay,CXCR2,CHEMBL4037524,CHEMBL4033786
CHEMBL4092148,CC1=CCC[C@H]1NC(=O)Nc1ccc(Cl)c(S(=O)(=O)C2(C)CCN(C3CCC3)CC2)c1O,8.4,Antagonist activity at TEV protease cleavage site linked GAL4-VP16-fused recombinant human CXCR2 expressed in cells assessed as inhibition of TEV protease tagged human CXCL1-stimulated beta-arrestin recruitment by CCF4-AM-fluorescence based FRET assay,CXCR2,CHEMBL4037524,CHEMBL4033786
CHEMBL4070506,CC1=CCC[C@H]1NC(=O)Nc1ccc(Cl)c(S(=O)(=O)C2CCN(C3CCC3)CC2)c1O,9.4,Antagonist activity at TEV protease cleavage site linked GAL4-VP16-fused recombinant human CXCR2 expressed in cells assessed as inhibition of TEV protease tagged human CXCL1-stimulated beta-arrestin recruitment by CCF4-AM-fluorescence based FRET assay,CXCR2,CHEMBL4037524,CHEMBL4033786
CHEMBL4060778,CC1=CCC[C@H]1NC(=O)Nc1ccc(Cl)c(S(=O)(=O)C2CCN(CC(F)(F)F)CC2)c1O,6.5,Antagonist activity at TEV protease cleavage site linked GAL4-VP16-fused recombinant human CXCR2 expressed in cells assessed as inhibition of TEV protease tagged human CXCL1-stimulated beta-arrestin recruitment by CCF4-AM-fluorescence based FRET assay,CXCR2,CHEMBL4037524,CHEMBL4033786
CHEMBL4076676,CC1=CCC[C@H]1NC(=O)Nc1ccc(Cl)c(S(=O)(=O)C2CCN(CC(F)F)CC2)c1O,8.6,Antagonist activity at TEV protease cleavage site linked GAL4-VP16-fused recombinant human CXCR2 expressed in cells assessed as inhibition of TEV protease tagged human CXCL1-stimulated beta-arrestin recruitment by CCF4-AM-fluorescence based FRET assay,CXCR2,CHEMBL4037524,CHEMBL4033786
CHEMBL4098979,CC1=CCC[C@H]1NC(=O)Nc1ccc(Cl)c(S(=O)(=O)C2CCN(CCF)CC2)c1O,9.2,Antagonist activity at TEV protease cleavage site linked GAL4-VP16-fused recombinant human CXCR2 expressed in cells assessed as inhibition of TEV protease tagged human CXCL1-stimulated beta-arrestin recruitment by CCF4-AM-fluorescence based FRET assay,CXCR2,CHEMBL4037524,CHEMBL4033786
CHEMBL4072010,CC1=CCC[C@H]1NC(=O)Nc1ccc(Cl)c(S(=O)(=O)C(F)(F)CN(C)C)c1O,8.7,Antagonist activity at TEV protease cleavage site linked GAL4-VP16-fused recombinant human CXCR2 expressed in cells assessed as inhibition of TEV protease tagged human CXCL1-stimulated beta-arrestin recruitment by CCF4-AM-fluorescence based FRET assay,CXCR2,CHEMBL4037524,CHEMBL4033786
CHEMBL4065522,CC1=CCC[C@H]1NC(=O)Nc1ccc(Cl)c(S(=O)(=O)C(C)(C)CN(C)C)c1O,6.9,Antagonist activity at TEV protease cleavage site linked GAL4-VP16-fused recombinant human CXCR2 expressed in cells assessed as inhibition of TEV protease tagged human CXCL1-stimulated beta-arrestin recruitment by CCF4-AM-fluorescence based FRET assay,CXCR2,CHEMBL4037524,CHEMBL4033786
CHEMBL4086957,CC1=CCC[C@H]1NC(=O)Nc1ccc(Cl)c(S(=O)(=O)C(C)(F)F)c1O,9.4,Antagonist activity at TEV protease cleavage site linked GAL4-VP16-fused recombinant human CXCR2 expressed in cells assessed as inhibition of TEV protease tagged human CXCL1-stimulated beta-arrestin recruitment by CCF4-AM-fluorescence based FRET assay,CXCR2,CHEMBL4037524,CHEMBL4033786
CHEMBL4103349,CC1=CCC[C@H]1NC(=O)Nc1ccc(Cl)c(S(=O)(=O)C(C)(C)C(F)(F)F)c1O,9.3,Antagonist activity at TEV protease cleavage site linked GAL4-VP16-fused recombinant human CXCR2 expressed in cells assessed as inhibition of TEV protease tagged human CXCL1-stimulated beta-arrestin recruitment by CCF4-AM-fluorescence based FRET assay,CXCR2,CHEMBL4037524,CHEMBL4033786
CHEMBL4079102,CC1=CCC[C@H]1NC(=O)Nc1ccc(Cl)c(S(=O)(=O)C(C)(C)CF)c1O,9.2,Antagonist activity at TEV protease cleavage site linked GAL4-VP16-fused recombinant human CXCR2 expressed in cells assessed as inhibition of TEV protease tagged human CXCL1-stimulated beta-arrestin recruitment by CCF4-AM-fluorescence based FRET assay,CXCR2,CHEMBL4037524,CHEMBL4033786
CHEMBL4095602,CC1=CCC[C@H]1NC(=O)Nc1ccc(Cl)c(S(=O)(=O)C(C)(C)C)c1O,9.0,Antagonist activity at TEV protease cleavage site linked GAL4-VP16-fused recombinant human CXCR2 expressed in cells assessed as inhibition of TEV protease tagged human CXCL1-stimulated beta-arrestin recruitment by CCF4-AM-fluorescence based FRET assay,CXCR2,CHEMBL4037524,CHEMBL4033786
CHEMBL4068230,O=C(Nc1ccc(Cl)c(S(=O)(=O)C2COC2)c1O)N[C@H]1CCC=C1Cl,5.6,Antagonist activity at TEV protease cleavage site linked GAL4-VP16-fused recombinant human CXCR2 expressed in cells assessed as inhibition of TEV protease tagged human CXCL1-stimulated beta-arrestin recruitment by CCF4-AM-fluorescence based FRET assay,CXCR2,CHEMBL4037524,CHEMBL4033786
CHEMBL4087900,O=C(Nc1ccc(Cl)c(S(=O)(=O)C2(F)CCOCC2)c1O)N[C@H]1CCC=C1Cl,7.0,Antagonist activity at TEV protease cleavage site linked GAL4-VP16-fused recombinant human CXCR2 expressed in cells assessed as inhibition of TEV protease tagged human CXCL1-stimulated beta-arrestin recruitment by CCF4-AM-fluorescence based FRET assay,CXCR2,CHEMBL4037524,CHEMBL4033786
CHEMBL4059587,CC(C)(CCO)S(=O)(=O)c1c(Cl)ccc(NC(=O)N[C@H]2CCC=C2Cl)c1O,7.1,Antagonist activity at TEV protease cleavage site linked GAL4-VP16-fused recombinant human CXCR2 expressed in cells assessed as inhibition of TEV protease tagged human CXCL1-stimulated beta-arrestin recruitment by CCF4-AM-fluorescence based FRET assay,CXCR2,CHEMBL4037524,CHEMBL4033786
CHEMBL4085524,CC(C)(CO)S(=O)(=O)c1c(Cl)ccc(NC(=O)N[C@H]2CCC=C2Cl)c1O,6.3,Antagonist activity at TEV protease cleavage site linked GAL4-VP16-fused recombinant human CXCR2 expressed in cells assessed as inhibition of TEV protease tagged human CXCL1-stimulated beta-arrestin recruitment by CCF4-AM-fluorescence based FRET assay,CXCR2,CHEMBL4037524,CHEMBL4033786
CHEMBL4063949,O=C(Nc1ccc(Cl)c(S(=O)(=O)C2COC2)c1O)N[C@@H]1CCC=C1Cl,6.5,Antagonist activity at TEV protease cleavage site linked GAL4-VP16-fused recombinant human CXCR2 expressed in cells assessed as inhibition of TEV protease tagged human CXCL1-stimulated beta-arrestin recruitment by CCF4-AM-fluorescence based FRET assay,CXCR2,CHEMBL4037524,CHEMBL4033786
CHEMBL4082031,O=C(Nc1ccc(Cl)c(S(=O)(=O)C2(F)CCOCC2)c1O)N[C@@H]1CCC=C1Cl,9.3,Antagonist activity at TEV protease cleavage site linked GAL4-VP16-fused recombinant human CXCR2 expressed in cells assessed as inhibition of TEV protease tagged human CXCL1-stimulated beta-arrestin recruitment by CCF4-AM-fluorescence based FRET assay,CXCR2,CHEMBL4037524,CHEMBL4033786
CHEMBL4060139,CC(C)(CCO)S(=O)(=O)c1c(Cl)ccc(NC(=O)N[C@@H]2CCC=C2Cl)c1O,9.6,Antagonist activity at TEV protease cleavage site linked GAL4-VP16-fused recombinant human CXCR2 expressed in cells assessed as inhibition of TEV protease tagged human CXCL1-stimulated beta-arrestin recruitment by CCF4-AM-fluorescence based FRET assay,CXCR2,CHEMBL4037524,CHEMBL4033786
CHEMBL4089896,CC(C)(CO)S(=O)(=O)c1c(Cl)ccc(NC(=O)N[C@@H]2CCC=C2Cl)c1O,8.4,Antagonist activity at TEV protease cleavage site linked GAL4-VP16-fused recombinant human CXCR2 expressed in cells assessed as inhibition of TEV protease tagged human CXCL1-stimulated beta-arrestin recruitment by CCF4-AM-fluorescence based FRET assay,CXCR2,CHEMBL4037524,CHEMBL4033786
CHEMBL4068799,CC(C)S(=O)(=O)c1c(Cl)ccc(NC(=O)NC2CCCC=C2Cl)c1O,8.0,Antagonist activity at TEV protease cleavage site linked GAL4-VP16-fused recombinant human CXCR2 expressed in cells assessed as inhibition of TEV protease tagged human CXCL1-stimulated beta-arrestin recruitment by CCF4-AM-fluorescence based FRET assay,CXCR2,CHEMBL4037524,CHEMBL4033786
CHEMBL4062881,CC1=CCCCC1NC(=O)Nc1ccc(Cl)c(S(=O)(=O)C(C)C)c1O,7.9,Antagonist activity at TEV protease cleavage site linked GAL4-VP16-fused recombinant human CXCR2 expressed in cells assessed as inhibition of TEV protease tagged human CXCL1-stimulated beta-arrestin recruitment by CCF4-AM-fluorescence based FRET assay,CXCR2,CHEMBL4037524,CHEMBL4033786
CHEMBL4090813,CC(C)S(=O)(=O)c1c(Cl)ccc(NC(=O)NC2C=CCCC2)c1O,8.0,Antagonist activity at TEV protease cleavage site linked GAL4-VP16-fused recombinant human CXCR2 expressed in cells assessed as inhibition of TEV protease tagged human CXCL1-stimulated beta-arrestin recruitment by CCF4-AM-fluorescence based FRET assay,CXCR2,CHEMBL4037524,CHEMBL4033786
CHEMBL4071499,CC1=C(Cl)CCC1NC(=O)Nc1ccc(Cl)c(S(=O)(=O)C(C)C)c1O,8.5,Antagonist activity at TEV protease cleavage site linked GAL4-VP16-fused recombinant human CXCR2 expressed in cells assessed as inhibition of TEV protease tagged human CXCL1-stimulated beta-arrestin recruitment by CCF4-AM-fluorescence based FRET assay,CXCR2,CHEMBL4037524,CHEMBL4033786
CHEMBL4098536,CC1=C(F)CCC1NC(=O)Nc1ccc(Cl)c(S(=O)(=O)C(C)C)c1O,8.8,Antagonist activity at TEV protease cleavage site linked GAL4-VP16-fused recombinant human CXCR2 expressed in cells assessed as inhibition of TEV protease tagged human CXCL1-stimulated beta-arrestin recruitment by CCF4-AM-fluorescence based FRET assay,CXCR2,CHEMBL4037524,CHEMBL4033786
CHEMBL4064349,CC(C)S(=O)(=O)c1c(Cl)ccc(NC(=O)NC2CCC=C2F)c1O,8.0,Antagonist activity at TEV protease cleavage site linked GAL4-VP16-fused recombinant human CXCR2 expressed in cells assessed as inhibition of TEV protease tagged human CXCL1-stimulated beta-arrestin recruitment by CCF4-AM-fluorescence based FRET assay,CXCR2,CHEMBL4037524,CHEMBL4033786
CHEMBL4091344,CC(C)S(=O)(=O)c1c(Cl)ccc(NC(=O)NC2CCC=C2C(F)(F)F)c1O,7.6,Antagonist activity at TEV protease cleavage site linked GAL4-VP16-fused recombinant human CXCR2 expressed in cells assessed as inhibition of TEV protease tagged human CXCL1-stimulated beta-arrestin recruitment by CCF4-AM-fluorescence based FRET assay,CXCR2,CHEMBL4037524,CHEMBL4033786
CHEMBL4094324,CC(C)S(=O)(=O)c1c(Cl)ccc(NC(=O)NC2CCC=C2Cl)c1O,9.0,Antagonist activity at TEV protease cleavage site linked GAL4-VP16-fused recombinant human CXCR2 expressed in cells assessed as inhibition of TEV protease tagged human CXCL1-stimulated beta-arrestin recruitment by CCF4-AM-fluorescence based FRET assay,CXCR2,CHEMBL4037524,CHEMBL4033786
CHEMBL4066818,CC1=CCCC1NC(=O)Nc1ccc(Cl)c(S(=O)(=O)C(C)C)c1O,9.4,Antagonist activity at TEV protease cleavage site linked GAL4-VP16-fused recombinant human CXCR2 expressed in cells assessed as inhibition of TEV protease tagged human CXCL1-stimulated beta-arrestin recruitment by CCF4-AM-fluorescence based FRET assay,CXCR2,CHEMBL4037524,CHEMBL4033786
CHEMBL4084412,CC(C)S(=O)(=O)c1c(Cl)ccc(NC(=O)NC2C=CCC2)c1O,8.2,Antagonist activity at TEV protease cleavage site linked GAL4-VP16-fused recombinant human CXCR2 expressed in cells assessed as inhibition of TEV protease tagged human CXCL1-stimulated beta-arrestin recruitment by CCF4-AM-fluorescence based FRET assay,CXCR2,CHEMBL4037524,CHEMBL4033786
CHEMBL4064083,CC(C)S(=O)(=O)c1c(Cl)ccc(NC(=O)NC2CCC3CC32)c1O,7.6,Antagonist activity at TEV protease cleavage site linked GAL4-VP16-fused recombinant human CXCR2 expressed in cells assessed as inhibition of TEV protease tagged human CXCL1-stimulated beta-arrestin recruitment by CCF4-AM-fluorescence based FRET assay,CXCR2,CHEMBL4037524,CHEMBL4033786
CHEMBL4085657,CC(C)S(=O)(=O)c1c(Cl)ccc(NC(=O)NC2CCCC23CC3)c1O,7.4,Antagonist activity at TEV protease cleavage site linked GAL4-VP16-fused recombinant human CXCR2 expressed in cells assessed as inhibition of TEV protease tagged human CXCL1-stimulated beta-arrestin recruitment by CCF4-AM-fluorescence based FRET assay,CXCR2,CHEMBL4037524,CHEMBL4033786
CHEMBL4072677,CC(C)S(=O)(=O)c1c(Cl)ccc(NC(=O)NC2CCCC2(C)C)c1O,6.8,Antagonist activity at TEV protease cleavage site linked GAL4-VP16-fused recombinant human CXCR2 expressed in cells assessed as inhibition of TEV protease tagged human CXCL1-stimulated beta-arrestin recruitment by CCF4-AM-fluorescence based FRET assay,CXCR2,CHEMBL4037524,CHEMBL4033786
CHEMBL4093397,CO[C@@H]1CCC[C@H]1NC(=O)Nc1ccc(Cl)c(S(=O)(=O)C(C)C)c1O,6.6,Antagonist activity at TEV protease cleavage site linked GAL4-VP16-fused recombinant human CXCR2 expressed in cells assessed as inhibition of TEV protease tagged human CXCL1-stimulated beta-arrestin recruitment by CCF4-AM-fluorescence based FRET assay,CXCR2,CHEMBL4037524,CHEMBL4033786
CHEMBL4102423,CCC1CCCC1NC(=O)Nc1ccc(Cl)c(S(=O)(=O)C(C)C)c1O,7.2,Antagonist activity at TEV protease cleavage site linked GAL4-VP16-fused recombinant human CXCR2 expressed in cells assessed as inhibition of TEV protease tagged human CXCL1-stimulated beta-arrestin recruitment by CCF4-AM-fluorescence based FRET assay,CXCR2,CHEMBL4037524,CHEMBL4033786
CHEMBL4084474,CC1CCC(NC(=O)Nc2ccc(Cl)c(S(=O)(=O)C(C)C)c2O)C1,6.7,Antagonist activity at TEV protease cleavage site linked GAL4-VP16-fused recombinant human CXCR2 expressed in cells assessed as inhibition of TEV protease tagged human CXCL1-stimulated beta-arrestin recruitment by CCF4-AM-fluorescence based FRET assay,CXCR2,CHEMBL4037524,CHEMBL4033786
CHEMBL4071768,CC1CCCC1NC(=O)Nc1ccc(Cl)c(S(=O)(=O)C(C)C)c1O,8.0,Antagonist activity at TEV protease cleavage site linked GAL4-VP16-fused recombinant human CXCR2 expressed in cells assessed as inhibition of TEV protease tagged human CXCL1-stimulated beta-arrestin recruitment by CCF4-AM-fluorescence based FRET assay,CXCR2,CHEMBL4037524,CHEMBL4033786
CHEMBL4093313,CC(C)S(=O)(=O)c1c(Cl)ccc(NC(=O)NC2CCCC2)c1O,8.0,Antagonist activity at TEV protease cleavage site linked GAL4-VP16-fused recombinant human CXCR2 expressed in cells assessed as inhibition of TEV protease tagged human CXCL1-stimulated beta-arrestin recruitment by CCF4-AM-fluorescence based FRET assay,CXCR2,CHEMBL4037524,CHEMBL4033786
CHEMBL4088965,CC(C)S(=O)(=O)c1c(Cl)ccc(NC(=O)NC2CCOCC2)c1O,5.9,Antagonist activity at TEV protease cleavage site linked GAL4-VP16-fused recombinant human CXCR2 expressed in cells assessed as inhibition of TEV protease tagged human CXCL1-stimulated beta-arrestin recruitment by CCF4-AM-fluorescence based FRET assay,CXCR2,CHEMBL4037524,CHEMBL4033786
CHEMBL4075487,CC(C)S(=O)(=O)c1c(Cl)ccc(NC(=O)NC2CCCOC2)c1O,6.2,Antagonist activity at TEV protease cleavage site linked GAL4-VP16-fused recombinant human CXCR2 expressed in cells assessed as inhibition of TEV protease tagged human CXCL1-stimulated beta-arrestin recruitment by CCF4-AM-fluorescence based FRET assay,CXCR2,CHEMBL4037524,CHEMBL4033786
CHEMBL4084545,COC1CCCCC1NC(=O)Nc1ccc(Cl)c(S(=O)(=O)C(C)C)c1O,5.8,Antagonist activity at TEV protease cleavage site linked GAL4-VP16-fused recombinant human CXCR2 expressed in cells assessed as inhibition of TEV protease tagged human CXCL1-stimulated beta-arrestin recruitment by CCF4-AM-fluorescence based FRET assay,CXCR2,CHEMBL4037524,CHEMBL4033786
CHEMBL4103634,CC1CCCCC1NC(=O)Nc1ccc(Cl)c(S(=O)(=O)C(C)C)c1O,6.5,Antagonist activity at TEV protease cleavage site linked GAL4-VP16-fused recombinant human CXCR2 expressed in cells assessed as inhibition of TEV protease tagged human CXCL1-stimulated beta-arrestin recruitment by CCF4-AM-fluorescence based FRET assay,CXCR2,CHEMBL4037524,CHEMBL4033786
CHEMBL216981,CC[C@@H](Nc1c(Nc2cccc(C(=O)N(C)C)c2O)c(=O)c1=O)c1ccc(C)o1,6.17,Antagonist activity at CXCR2 in human whole blood assessed as inhibition of GROalpha-stimulated CD11b upregulation preincubated for 15 mins followed by GROalpha stimulation measured after 15 mins by FITC-staining based FACS analysis,CXCR2,CHEMBL4037528,CHEMBL4033786
CHEMBL4067429,CC1=CCC[C@H]1NC(=O)Nc1ccc(Cl)c(S(=O)(=O)[C@@]2(C)CCOC2)c1O,7.4,Antagonist activity at CXCR2 in human whole blood assessed as inhibition of GROalpha-stimulated CD11b upregulation preincubated for 15 mins followed by GROalpha stimulation measured after 15 mins by FITC-staining based FACS analysis,CXCR2,CHEMBL4037528,CHEMBL4033786
CHEMBL4067429,CC1=CCC[C@H]1NC(=O)Nc1ccc(Cl)c(S(=O)(=O)[C@@]2(C)CCOC2)c1O,7.4,Antagonist activity at CXCR2 in human whole blood assessed as inhibition of GROalpha-stimulated CD11b upregulation preincubated for 15 mins followed by GROalpha stimulation measured after 15 mins by FITC-staining based FACS analysis,CXCR2,CHEMBL4037528,CHEMBL4033786
CHEMBL4100674,CC1=CCC[C@H]1NC(=O)Nc1ccc(Cl)c(S(=O)(=O)[C@]2(C)CCOC2)c1O,6.8,Antagonist activity at CXCR2 in human whole blood assessed as inhibition of GROalpha-stimulated CD11b upregulation preincubated for 15 mins followed by GROalpha stimulation measured after 15 mins by FITC-staining based FACS analysis,CXCR2,CHEMBL4037528,CHEMBL4033786
CHEMBL4062546,CC1=CCC[C@H]1NC(=O)Nc1ccc(Cl)c(S(=O)(=O)C2(C)CCOC2)c1O,6.9,Antagonist activity at CXCR2 in human whole blood assessed as inhibition of GROalpha-stimulated CD11b upregulation preincubated for 15 mins followed by GROalpha stimulation measured after 15 mins by FITC-staining based FACS analysis,CXCR2,CHEMBL4037528,CHEMBL4033786
CHEMBL4081963,CC1=CCC[C@H]1NC(=O)Nc1ccc(Cl)c(S(=O)(=O)C2CCCOC2)c1O,6.6,Antagonist activity at CXCR2 in human whole blood assessed as inhibition of GROalpha-stimulated CD11b upregulation preincubated for 15 mins followed by GROalpha stimulation measured after 15 mins by FITC-staining based FACS analysis,CXCR2,CHEMBL4037528,CHEMBL4033786
CHEMBL4060060,CC1=CCC[C@H]1NC(=O)Nc1ccc(Cl)c(S(=O)(=O)C2(C)CCCOC2)c1O,6.7,Antagonist activity at CXCR2 in human whole blood assessed as inhibition of GROalpha-stimulated CD11b upregulation preincubated for 15 mins followed by GROalpha stimulation measured after 15 mins by FITC-staining based FACS analysis,CXCR2,CHEMBL4037528,CHEMBL4033786
CHEMBL4079718,CC1=CCC[C@H]1NC(=O)Nc1ccc(Cl)c(S(=O)(=O)C2(CF)CCOCC2)c1O,6.6,Antagonist activity at CXCR2 in human whole blood assessed as inhibition of GROalpha-stimulated CD11b upregulation preincubated for 15 mins followed by GROalpha stimulation measured after 15 mins by FITC-staining based FACS analysis,CXCR2,CHEMBL4037528,CHEMBL4033786
CHEMBL4098864,CC1=CCC[C@H]1NC(=O)Nc1ccc(Cl)c(S(=O)(=O)C2(F)CCOCC2)c1O,7.2,Antagonist activity at CXCR2 in human whole blood assessed as inhibition of GROalpha-stimulated CD11b upregulation preincubated for 15 mins followed by GROalpha stimulation measured after 15 mins by FITC-staining based FACS analysis,CXCR2,CHEMBL4037528,CHEMBL4033786
CHEMBL4077201,CCC1(S(=O)(=O)c2c(Cl)ccc(NC(=O)N[C@@H]3CCC=C3C)c2O)CCOCC1,6.4,Antagonist activity at CXCR2 in human whole blood assessed as inhibition of GROalpha-stimulated CD11b upregulation preincubated for 15 mins followed by GROalpha stimulation measured after 15 mins by FITC-staining based FACS analysis,CXCR2,CHEMBL4037528,CHEMBL4033786
CHEMBL4070506,CC1=CCC[C@H]1NC(=O)Nc1ccc(Cl)c(S(=O)(=O)C2CCN(C3CCC3)CC2)c1O,6.3,Antagonist activity at CXCR2 in human whole blood assessed as inhibition of GROalpha-stimulated CD11b upregulation preincubated for 15 mins followed by GROalpha stimulation measured after 15 mins by FITC-staining based FACS analysis,CXCR2,CHEMBL4037528,CHEMBL4033786
CHEMBL4098979,CC1=CCC[C@H]1NC(=O)Nc1ccc(Cl)c(S(=O)(=O)C2CCN(CCF)CC2)c1O,6.7,Antagonist activity at CXCR2 in human whole blood assessed as inhibition of GROalpha-stimulated CD11b upregulation preincubated for 15 mins followed by GROalpha stimulation measured after 15 mins by FITC-staining based FACS analysis,CXCR2,CHEMBL4037528,CHEMBL4033786
CHEMBL4072010,CC1=CCC[C@H]1NC(=O)Nc1ccc(Cl)c(S(=O)(=O)C(F)(F)CN(C)C)c1O,6.2,Antagonist activity at CXCR2 in human whole blood assessed as inhibition of GROalpha-stimulated CD11b upregulation preincubated for 15 mins followed by GROalpha stimulation measured after 15 mins by FITC-staining based FACS analysis,CXCR2,CHEMBL4037528,CHEMBL4033786
CHEMBL4086957,CC1=CCC[C@H]1NC(=O)Nc1ccc(Cl)c(S(=O)(=O)C(C)(F)F)c1O,6.2,Antagonist activity at CXCR2 in human whole blood assessed as inhibition of GROalpha-stimulated CD11b upregulation preincubated for 15 mins followed by GROalpha stimulation measured after 15 mins by FITC-staining based FACS analysis,CXCR2,CHEMBL4037528,CHEMBL4033786
CHEMBL4079102,CC1=CCC[C@H]1NC(=O)Nc1ccc(Cl)c(S(=O)(=O)C(C)(C)CF)c1O,7.0,Antagonist activity at CXCR2 in human whole blood assessed as inhibition of GROalpha-stimulated CD11b upregulation preincubated for 15 mins followed by GROalpha stimulation measured after 15 mins by FITC-staining based FACS analysis,CXCR2,CHEMBL4037528,CHEMBL4033786
CHEMBL4095602,CC1=CCC[C@H]1NC(=O)Nc1ccc(Cl)c(S(=O)(=O)C(C)(C)C)c1O,6.5,Antagonist activity at CXCR2 in human whole blood assessed as inhibition of GROalpha-stimulated CD11b upregulation preincubated for 15 mins followed by GROalpha stimulation measured after 15 mins by FITC-staining based FACS analysis,CXCR2,CHEMBL4037528,CHEMBL4033786
CHEMBL4066510,CC1=CCC[C@H]1NC(=O)Nc1ccc(Cl)c(S(=O)(=O)C2(C)CCOCC2)c1O,6.7,Antagonist activity at CXCR2 in human whole blood assessed as inhibition of GROalpha-stimulated CD11b upregulation preincubated for 15 mins followed by GROalpha stimulation measured after 15 mins by FITC-staining based FACS analysis,CXCR2,CHEMBL4037528,CHEMBL4033786
CHEMBL4088551,CC1=CCC[C@H]1NC(=O)Nc1ccc(Cl)c(S(=O)(=O)C(C)(C)C2CCOCC2)c1O,6.4,Antagonist activity at CXCR2 in human whole blood assessed as inhibition of GROalpha-stimulated CD11b upregulation preincubated for 15 mins followed by GROalpha stimulation measured after 15 mins by FITC-staining based FACS analysis,CXCR2,CHEMBL4037528,CHEMBL4033786
CHEMBL4084135,CC1=CCC[C@H]1NC(=O)Nc1ccc(Cl)c(S(=O)(=O)C(C)(C)[C@H]2CCOC2)c1O,6.5,Antagonist activity at CXCR2 in human whole blood assessed as inhibition of GROalpha-stimulated CD11b upregulation preincubated for 15 mins followed by GROalpha stimulation measured after 15 mins by FITC-staining based FACS analysis,CXCR2,CHEMBL4037528,CHEMBL4033786
CHEMBL4084077,COCC(C)S(=O)(=O)c1c(Cl)ccc(NC(=O)N[C@@H]2CCC=C2C)c1O,6.4,Antagonist activity at CXCR2 in human whole blood assessed as inhibition of GROalpha-stimulated CD11b upregulation preincubated for 15 mins followed by GROalpha stimulation measured after 15 mins by FITC-staining based FACS analysis,CXCR2,CHEMBL4037528,CHEMBL4033786
CHEMBL4066904,CC1=CCC[C@H]1NC(=O)Nc1ccc(C#N)c(S(=O)(=O)C(C)(C)CC(F)(F)F)c1O,6.0,Antagonist activity at CXCR2 in human whole blood assessed as inhibition of GROalpha-stimulated CD11b upregulation preincubated for 15 mins followed by GROalpha stimulation measured after 15 mins by FITC-staining based FACS analysis,CXCR2,CHEMBL4037528,CHEMBL4033786
CHEMBL4082136,CC1=CCC[C@H]1NC(=O)Nc1ccc(C#N)c(S(=O)(=O)C(C)(C)C)c1O,6.8,Antagonist activity at CXCR2 in human whole blood assessed as inhibition of GROalpha-stimulated CD11b upregulation preincubated for 15 mins followed by GROalpha stimulation measured after 15 mins by FITC-staining based FACS analysis,CXCR2,CHEMBL4037528,CHEMBL4033786
CHEMBL4076428,CC1=CCC[C@H]1NC(=O)Nc1ccc(Cl)c(S(=O)(=O)[C@H]2C[C@H](N3CCCC3)C2)c1O,7.0,Antagonist activity at CXCR2 in human whole blood assessed as inhibition of GROalpha-stimulated CD11b upregulation preincubated for 15 mins followed by GROalpha stimulation measured after 15 mins by FITC-staining based FACS analysis,CXCR2,CHEMBL4037528,CHEMBL4033786
CHEMBL4097602,CC1=CCC[C@H]1NC(=O)Nc1ccc(Cl)c(S(=O)(=O)[C@H]2C[C@H](N(C)C)C2)c1O,6.9,Antagonist activity at CXCR2 in human whole blood assessed as inhibition of GROalpha-stimulated CD11b upregulation preincubated for 15 mins followed by GROalpha stimulation measured after 15 mins by FITC-staining based FACS analysis,CXCR2,CHEMBL4037528,CHEMBL4033786
CHEMBL4067429,CC1=CCC[C@H]1NC(=O)Nc1ccc(Cl)c(S(=O)(=O)[C@@]2(C)CCOC2)c1O,8.28,Antagonist activity at TEV protease cleavage site linked GAL4-VP16-fused recombinant human CXCR2 expressed in cells assessed as inhibition of TEV protease tagged human CXCL1-stimulated beta-arrestin recruitment by CCF4-AM-fluorescence based FRET assay,CXCR2,CHEMBL4037524,CHEMBL4033786
CHEMBL4128926,CC(C)(C)NS(=O)(=O)c1ccc(-c2sc(C(=O)N[C@H]3C[C@H](C(=O)O)C3)nc2CC2CCCCC2)c2ccccc12,9.62,Displacement of [125I]IL-8 from human recombinant CXCR2 receptor after 60 mins by scintillation counting analysis,CXCR2,CHEMBL4121480,CHEMBL4118122
CHEMBL4442431,C[C@@H](C(=O)[N-]S(C)(=O)=O)c1ccc(OS(=O)(=O)C(F)(F)F)cc1.[Na+],10.0,Inhibition of CXCR2 (unknown origin),CXCR2,CHEMBL4309943,CHEMBL4308844
CHEMBL280711,O=C(Nc1ccccc1)Nc1ccc([N+](=O)[O-])cc1O,6.5,Displacement of [125I]IL-8 from CXCR2 (unknown origin) stably expressed in CHO cells,CXCR2,CHEMBL4324668,CHEMBL4321855
CHEMBL28009,N#Cc1ccc(NC(=O)Nc2ccccc2Br)c(O)c1Br,8.22,Displacement of [125I]IL-8 from CXCR2 (unknown origin) stably expressed in CHO cells,CXCR2,CHEMBL4324668,CHEMBL4321855
CHEMBL4536494,CC(C)S(=O)(=O)c1c(Cl)ccc(Nc2nnc(-c3ccccc3)[nH]2)c1O,4.83,Antagonist activity at CXCR2 (unknown origin) stably expressed in HEK293 cells co-expressing Galpha16 assessed as reduction in IL-8-induced intracellular calcium change incubated for 10 mins by Fluo-4AM dye based fluorescence assay,CXCR2,CHEMBL4324670,CHEMBL4321855
CHEMBL4466314,O=C(c1cccc(Nc2c(NC3C[C@@H]4CC[C@H]3C4)c(=O)c2=O)c1O)N1CCCC1,7.32,Antagonist activity at CXCR2 (unknown origin) stably expressed in HEK293 cells co-expressing Galpha16 assessed as reduction in IL-8-induced intracellular calcium change incubated for 10 mins by Fluo-4AM dye based fluorescence assay,CXCR2,CHEMBL4324670,CHEMBL4321855
CHEMBL4465379,CC[C@@H](Nc1c(Nc2ccc(Cl)c(S(=O)(=O)N(C)OC)c2O)c(=O)c1=O)c1ccc(C)o1,8.7,Antagonist activity at CXCR2 (unknown origin) by [35S]-GTPgammaS binding assay,CXCR2,CHEMBL4324671,CHEMBL4321855
CHEMBL4574181,CC[C@@H](Nc1c(Nc2ccnc(C(=O)N(C)C)c2O)c(=O)c1=O)c1ccc(C)o1,8.7,Displacement of [125I]IL-8 from human CXCR2 expressed in CHO cells,CXCR2,CHEMBL4324672,CHEMBL4321855
CHEMBL577075,CCN(CC)Nc1c(Nc2cccc(C(=O)N(C)C)c2O)c(=O)c1=O,9.92,Antagonist activity at CXCR2 (unknown origin),CXCR2,CHEMBL4324666,CHEMBL4321855
CHEMBL4472754,Cc1ccc([C@H](Nc2c(Nc3cccc(S(=O)(=O)N4CCN(C)CC4)c3O)c(=O)c2=O)[C@H]2CCCS2)o1,7.77,Antagonist activity at CXCR2 (unknown origin),CXCR2,CHEMBL4324666,CHEMBL4321855
CHEMBL4473520,CCN(CC)CCCCNc1nc2cc(Cl)c(Cl)cc2nc1-c1cc2ccccc2o1,7.52,Displacement of [125I]IL-8 from CXCR2 in human neutrophils incubated for 3 hrs by gamma counting method,CXCR2,CHEMBL4324678,CHEMBL4321855
CHEMBL309253,Sc1nc(-c2ccccc2Cl)nn1Cc1cccc(Cl)c1,7.32,Antagonist activity at CXCR2 in human neutrophils assessed as reduction in GROalpha stimulated intracellular calcium mobilisation by FLIPR assay,CXCR2,CHEMBL4324673,CHEMBL4321855
CHEMBL4562144,CC1(C)CC(=O)C(C(=S)Nc2ccccc2)=C(NCc2ccccc2)C1,5.2,Antagonist activity at CXCR2 in human U2OS cells assessed as effect on beta-arrestin2 recruitment by CCF4-AM staining based Tango assay,CXCR2,CHEMBL4324680,CHEMBL4321855
CHEMBL4482876,CCSc1nnc2n(-c3ccccc3)c(=O)c3c4c(sc3n12)CCC[C@H]4C,5.11,Antagonist activity at GFP-tagged CXCR2 (unknown origin) expressed in 293T cells assessed as suppression of IL-8-induced inhibition of forskolin-stimulated cAMP accumulation preincubated for 10 mins followed by IL-8 addition and measured after 10 mins by cAMP assay,CXCR2,CHEMBL4324681,CHEMBL4321855
CHEMBL4527955,C[C@@H](NC1=C(C(=O)Nc2ccc(Cl)c(C(F)(F)F)c2)C(=O)CC(C)(C)C1)c1ccccc1,5.6,Antagonist activity at CXCR2 (unknown origin) expressed in human U2OS cells cp-expressing betaarrestin-2/TEV protease and beta lactamase assessed as effect on beta-arrestin2 recruitment preincubated for 30 mins followed by IL-8 addition and further incubated for 5 hrs subsequently adding CCF4-AM staining and measured after 2 hrs by Tango assay,CXCR2,CHEMBL4324682,CHEMBL4321855
CHEMBL1417864,CC(=O)c1c(C)oc2c1cc(NS(=O)(=O)c1ccc(C(C)(C)C)cc1)c1ccccc12,5.12,Antagonist activity at CXCR2 (unknown origin) expressed in human U2OS cells cp-expressing betaarrestin-2/TEV protease and beta lactamase assessed as effect on beta-arrestin2 recruitment preincubated for 30 mins followed by IL-8 addition and further incubated for 5 hrs subsequently adding CCF4-AM staining and measured after 2 hrs by Tango assay,CXCR2,CHEMBL4324682,CHEMBL4321855
CHEMBL431511,COC(=O)CSc1ccc(C(=O)Nc2ccc(F)cc2)cn1,7.38,Antagonist activity at CXCR2 in human neutrophils assessed as reduction in GRO-alpha mediated chemotaxis,CXCR2,CHEMBL4324683,CHEMBL4321855
CHEMBL4786074,CC(C)S(=O)(=O)c1c(Cl)ccc(NC2=NC(=O)C(c3ccccc3)N2)c1O,8.22,Antagonist activity in CXCR2 (unknown origin) expressed in human HEK293 cells co-expressing Galpha16 assessed as reduction in calcium immobilization pretreated with Fluo-4AM for 45 mins followed by compound addition and measured after 10 mins by Fluo-4AM dye based fluorescence assay,CXCR2,CHEMBL4715191,CHEMBL4706753
CHEMBL4763312,COCCS(=O)(=O)c1c(Cl)ccc(NC2=NC(=O)C(c3ccccc3)N2)c1O,8.05,Antagonist activity in CXCR2 (unknown origin) expressed in human HEK293 cells co-expressing Galpha16 assessed as reduction in calcium immobilization pretreated with Fluo-4AM for 45 mins followed by compound addition and measured after 10 mins by Fluo-4AM dye based fluorescence assay,CXCR2,CHEMBL4715191,CHEMBL4706753
CHEMBL4757674,CC(C)(C)OC(=O)NCCCS(=O)(=O)c1c(Cl)ccc(NC2=NC(=O)C(c3ccccc3)N2)c1O,7.82,Antagonist activity in CXCR2 (unknown origin) expressed in human HEK293 cells co-expressing Galpha16 assessed as reduction in calcium immobilization pretreated with Fluo-4AM for 45 mins followed by compound addition and measured after 10 mins by Fluo-4AM dye based fluorescence assay,CXCR2,CHEMBL4715191,CHEMBL4706753
CHEMBL4777637,N#Cc1ccc(NC2=NC(=O)C(c3ccccc3)N2)c(O)c1,4.63,Antagonist activity in CXCR2 (unknown origin) expressed in human HEK293 cells co-expressing Galpha16 assessed as reduction in calcium immobilization pretreated with Fluo-4AM for 45 mins followed by compound addition and measured after 10 mins by Fluo-4AM dye based fluorescence assay,CXCR2,CHEMBL4715191,CHEMBL4706753
CHEMBL216981,CC[C@@H](Nc1c(Nc2cccc(C(=O)N(C)C)c2O)c(=O)c1=O)c1ccc(C)o1,8.0,Antagonist activity in CXCR2 (unknown origin) expressed in human HEK293 cells co-expressing Galpha16 assessed as reduction in calcium immobilization pretreated with Fluo-4AM for 45 mins followed by compound addition and measured after 10 mins by Fluo-4AM dye based fluorescence assay,CXCR2,CHEMBL4715191,CHEMBL4706753
CHEMBL4765070,CC(C)S(=O)(=O)c1c(Cl)ccc(NC2=NC(=O)CN2)c1O,4.53,Antagonist activity in CXCR2 (unknown origin) expressed in human HEK293 cells co-expressing Galpha16 assessed as reduction in calcium immobilization pretreated with Fluo-4AM for 45 mins followed by compound addition and measured after 10 mins by Fluo-4AM dye based fluorescence assay,CXCR2,CHEMBL4715191,CHEMBL4706753
CHEMBL4757462,CC(C)S(=O)(=O)c1c(Cl)ccc(NC2=NC(=O)C(c3ccc(Cl)cc3)N2)c1O,6.04,Antagonist activity in CXCR2 (unknown origin) expressed in human HEK293 cells co-expressing Galpha16 assessed as reduction in calcium immobilization pretreated with Fluo-4AM for 45 mins followed by compound addition and measured after 10 mins by Fluo-4AM dye based fluorescence assay,CXCR2,CHEMBL4715191,CHEMBL4706753
CHEMBL4799848,CC(C)S(=O)(=O)c1c(Cl)ccc(NC2=NC(=O)C(c3cccc(Cl)c3)N2)c1O,6.52,Antagonist activity in CXCR2 (unknown origin) expressed in human HEK293 cells co-expressing Galpha16 assessed as reduction in calcium immobilization pretreated with Fluo-4AM for 45 mins followed by compound addition and measured after 10 mins by Fluo-4AM dye based fluorescence assay,CXCR2,CHEMBL4715191,CHEMBL4706753
CHEMBL4752486,CC(C)S(=O)(=O)c1c(Cl)ccc(NC2=NC(=O)C(c3ccccc3Cl)N2)c1O,7.27,Antagonist activity in CXCR2 (unknown origin) expressed in human HEK293 cells co-expressing Galpha16 assessed as reduction in calcium immobilization pretreated with Fluo-4AM for 45 mins followed by compound addition and measured after 10 mins by Fluo-4AM dye based fluorescence assay,CXCR2,CHEMBL4715191,CHEMBL4706753
CHEMBL4797191,CC(C)S(=O)(=O)c1c(Cl)ccc(NC2=NC(=O)C(c3ccc(F)cc3)N2)c1O,5.66,Antagonist activity in CXCR2 (unknown origin) expressed in human HEK293 cells co-expressing Galpha16 assessed as reduction in calcium immobilization pretreated with Fluo-4AM for 45 mins followed by compound addition and measured after 10 mins by Fluo-4AM dye based fluorescence assay,CXCR2,CHEMBL4715191,CHEMBL4706753
CHEMBL4800297,CC1NC(Nc2ccc(Cl)c(S(=O)(=O)C(C)C)c2O)=NC1=O,6.57,Antagonist activity in CXCR2 (unknown origin) expressed in human HEK293 cells co-expressing Galpha16 assessed as reduction in calcium immobilization pretreated with Fluo-4AM for 45 mins followed by compound addition and measured after 10 mins by Fluo-4AM dye based fluorescence assay,CXCR2,CHEMBL4715191,CHEMBL4706753
CHEMBL4750465,CCC1NC(Nc2ccc(Cl)c(S(=O)(=O)C(C)C)c2O)=NC1=O,6.85,Antagonist activity in CXCR2 (unknown origin) expressed in human HEK293 cells co-expressing Galpha16 assessed as reduction in calcium immobilization pretreated with Fluo-4AM for 45 mins followed by compound addition and measured after 10 mins by Fluo-4AM dye based fluorescence assay,CXCR2,CHEMBL4715191,CHEMBL4706753
CHEMBL4793352,CCCC1NC(Nc2ccc(Cl)c(S(=O)(=O)C(C)C)c2O)=NC1=O,7.17,Antagonist activity in CXCR2 (unknown origin) expressed in human HEK293 cells co-expressing Galpha16 assessed as reduction in calcium immobilization pretreated with Fluo-4AM for 45 mins followed by compound addition and measured after 10 mins by Fluo-4AM dye based fluorescence assay,CXCR2,CHEMBL4715191,CHEMBL4706753
CHEMBL4747035,CCCCC1NC(Nc2ccc(Cl)c(S(=O)(=O)C(C)C)c2O)=NC1=O,7.37,Antagonist activity in CXCR2 (unknown origin) expressed in human HEK293 cells co-expressing Galpha16 assessed as reduction in calcium immobilization pretreated with Fluo-4AM for 45 mins followed by compound addition and measured after 10 mins by Fluo-4AM dye based fluorescence assay,CXCR2,CHEMBL4715191,CHEMBL4706753
CHEMBL4746803,CC(C)CC1NC(Nc2ccc(Cl)c(S(=O)(=O)C(C)C)c2O)=NC1=O,6.52,Antagonist activity in CXCR2 (unknown origin) expressed in human HEK293 cells co-expressing Galpha16 assessed as reduction in calcium immobilization pretreated with Fluo-4AM for 45 mins followed by compound addition and measured after 10 mins by Fluo-4AM dye based fluorescence assay,CXCR2,CHEMBL4715191,CHEMBL4706753
CHEMBL4786309,CC(C)S(=O)(=O)c1c(Cl)ccc(NC2=NC(=O)[C@@H](C)N2)c1O,6.33,Antagonist activity in CXCR2 (unknown origin) expressed in human HEK293 cells co-expressing Galpha16 assessed as reduction in calcium immobilization pretreated with Fluo-4AM for 45 mins followed by compound addition and measured after 10 mins by Fluo-4AM dye based fluorescence assay,CXCR2,CHEMBL4715191,CHEMBL4706753
CHEMBL4762597,CC(C)S(=O)(=O)c1c(Cl)ccc(NC2=NC(=O)[C@H](C)N2)c1O,5.51,Antagonist activity in CXCR2 (unknown origin) expressed in human HEK293 cells co-expressing Galpha16 assessed as reduction in calcium immobilization pretreated with Fluo-4AM for 45 mins followed by compound addition and measured after 10 mins by Fluo-4AM dye based fluorescence assay,CXCR2,CHEMBL4715191,CHEMBL4706753
CHEMBL4746698,CCC[C@H]1NC(Nc2ccc(Cl)c(S(=O)(=O)C(C)C)c2O)=NC1=O,7.54,Antagonist activity in CXCR2 (unknown origin) expressed in human HEK293 cells co-expressing Galpha16 assessed as reduction in calcium immobilization pretreated with Fluo-4AM for 45 mins followed by compound addition and measured after 10 mins by Fluo-4AM dye based fluorescence assay,CXCR2,CHEMBL4715191,CHEMBL4706753
CHEMBL4755486,CCC[C@@H]1NC(Nc2ccc(Cl)c(S(=O)(=O)C(C)C)c2O)=NC1=O,5.55,Antagonist activity in CXCR2 (unknown origin) expressed in human HEK293 cells co-expressing Galpha16 assessed as reduction in calcium immobilization pretreated with Fluo-4AM for 45 mins followed by compound addition and measured after 10 mins by Fluo-4AM dye based fluorescence assay,CXCR2,CHEMBL4715191,CHEMBL4706753
CHEMBL4742368,CC(C)S(=O)(=O)c1c(Cl)ccc(NC2=NC(=O)[C@@H](C3CCCCC3)N2)c1O,8.0,Antagonist activity in CXCR2 (unknown origin) expressed in human HEK293 cells co-expressing Galpha16 assessed as reduction in calcium immobilization pretreated with Fluo-4AM for 45 mins followed by compound addition and measured after 10 mins by Fluo-4AM dye based fluorescence assay,CXCR2,CHEMBL4715191,CHEMBL4706753
CHEMBL4745933,CC(C)S(=O)(=O)c1c(Cl)ccc(NC2=NC(=O)[C@H](C3CCCCC3)N2)c1O,5.4,Antagonist activity in CXCR2 (unknown origin) expressed in human HEK293 cells co-expressing Galpha16 assessed as reduction in calcium immobilization pretreated with Fluo-4AM for 45 mins followed by compound addition and measured after 10 mins by Fluo-4AM dye based fluorescence assay,CXCR2,CHEMBL4715191,CHEMBL4706753
CHEMBL4741864,CC(C)S(=O)(=O)c1c(Cl)ccc(NC2=NC(=O)[C@@H](Cc3ccccc3)N2)c1O,7.01,Antagonist activity in CXCR2 (unknown origin) expressed in human HEK293 cells co-expressing Galpha16 assessed as reduction in calcium immobilization pretreated with Fluo-4AM for 45 mins followed by compound addition and measured after 10 mins by Fluo-4AM dye based fluorescence assay,CXCR2,CHEMBL4715191,CHEMBL4706753
CHEMBL4760919,CC(C)S(=O)(=O)c1c(Cl)ccc(NC2=NC(=O)[C@H](Cc3ccccc3)N2)c1O,4.6,Antagonist activity in CXCR2 (unknown origin) expressed in human HEK293 cells co-expressing Galpha16 assessed as reduction in calcium immobilization pretreated with Fluo-4AM for 45 mins followed by compound addition and measured after 10 mins by Fluo-4AM dye based fluorescence assay,CXCR2,CHEMBL4715191,CHEMBL4706753
CHEMBL4536494,CC(C)S(=O)(=O)c1c(Cl)ccc(Nc2nnc(-c3ccccc3)[nH]2)c1O,4.82,Antagonist activity in CXCR2 (unknown origin) expressed in human HEK293 cells co-expressing Galpha16 assessed as reduction in calcium immobilization pretreated with Fluo-4AM for 45 mins followed by compound addition and measured after 10 mins by Fluo-4AM dye based fluorescence assay,CXCR2,CHEMBL4715191,CHEMBL4706753
CHEMBL4776704,CSc1nnc2n(-c3ccccc3)c(=O)c3c4c(sc3n12)CCC[C@H]4C,5.11,Inhibition of CXCR2 (unknown origin) expressed in HEK293T cells cotransfected with GFP-p22F assessed as reduction in IL-8-induced cAMP incubated for 10 mins followed by IL-8 stimulation and measured after 10 mins by luminescence based assay,CXCR2,CHEMBL4774280,CHEMBL4765436
CHEMBL4781097,CCOC(=O)c1c(NC(=S)Nc2ccccc2)sc2c1C(C)CCC2,5.19,Antagonist activity at CXCR2 (unknown origin) expressed in U2OS cells cotransfected with beta-arrestin/TEV protease fusion protein and beta-lactamase assessed as inhibition of CXCL8-induced beta arrestin2 recruitment preincubated for 30 mins followed by CXCL8 stimulation and measured after 5 hrs by FRET based fluorescence/Tango assay,CXCR2,CHEMBL4774281,CHEMBL4765436
CHEMBL4793810,CCOC(=O)c1c(NC(=S)Nc2ccc(F)cc2)sc2c1C(C)CCC2,5.68,Antagonist activity at CXCR2 (unknown origin) expressed in U2OS cells cotransfected with beta-arrestin/TEV protease fusion protein and beta-lactamase assessed as inhibition of CXCL8-induced beta arrestin2 recruitment preincubated for 30 mins followed by CXCL8 stimulation and measured after 5 hrs by FRET based fluorescence/Tango assay,CXCR2,CHEMBL4774281,CHEMBL4765436
CHEMBL4798282,CCOC(=O)c1c(NC(=S)Nc2ccc(OC)cc2)sc2c1C(C)CCC2,5.36,Antagonist activity at CXCR2 (unknown origin) expressed in U2OS cells cotransfected with beta-arrestin/TEV protease fusion protein and beta-lactamase assessed as inhibition of CXCL8-induced beta arrestin2 recruitment preincubated for 30 mins followed by CXCL8 stimulation and measured after 5 hrs by FRET based fluorescence/Tango assay,CXCR2,CHEMBL4774281,CHEMBL4765436
CHEMBL4790233,CCOC(=O)c1c(NC(=S)Nc2ccc(OC(F)(F)F)cc2)sc2c1C(C)CCC2,5.66,Antagonist activity at CXCR2 (unknown origin) expressed in U2OS cells cotransfected with beta-arrestin/TEV protease fusion protein and beta-lactamase assessed as inhibition of CXCL8-induced beta arrestin2 recruitment preincubated for 30 mins followed by CXCL8 stimulation and measured after 5 hrs by FRET based fluorescence/Tango assay,CXCR2,CHEMBL4774281,CHEMBL4765436
CHEMBL4780042,CCOC(=O)c1c(NC(=S)Nc2ccc(N(C)C)cc2)sc2c1C(C)CCC2,5.41,Antagonist activity at CXCR2 (unknown origin) expressed in U2OS cells cotransfected with beta-arrestin/TEV protease fusion protein and beta-lactamase assessed as inhibition of CXCL8-induced beta arrestin2 recruitment preincubated for 30 mins followed by CXCL8 stimulation and measured after 5 hrs by FRET based fluorescence/Tango assay,CXCR2,CHEMBL4774281,CHEMBL4765436
CHEMBL4795585,CCOC(=O)c1c(NC(=S)Nc2ccc(C(C)(C)C)cc2)sc2c1C(C)CCC2,5.16,Antagonist activity at CXCR2 (unknown origin) expressed in U2OS cells cotransfected with beta-arrestin/TEV protease fusion protein and beta-lactamase assessed as inhibition of CXCL8-induced beta arrestin2 recruitment preincubated for 30 mins followed by CXCL8 stimulation and measured after 5 hrs by FRET based fluorescence/Tango assay,CXCR2,CHEMBL4774281,CHEMBL4765436
CHEMBL4787966,CCOC(=O)c1c(NC(=S)Nc2ccc3c(c2)OC(F)(F)O3)sc2c1C(C)CCC2,5.72,Antagonist activity at CXCR2 (unknown origin) expressed in U2OS cells cotransfected with beta-arrestin/TEV protease fusion protein and beta-lactamase assessed as inhibition of CXCL8-induced beta arrestin2 recruitment preincubated for 30 mins followed by CXCL8 stimulation and measured after 5 hrs by FRET based fluorescence/Tango assay,CXCR2,CHEMBL4774281,CHEMBL4765436
CHEMBL4779885,CCOC(=O)c1c(NC(=S)Nc2ccc(OC)c(OC)c2)sc2c1C(C)CCC2,5.11,Antagonist activity at CXCR2 (unknown origin) expressed in U2OS cells cotransfected with beta-arrestin/TEV protease fusion protein and beta-lactamase assessed as inhibition of CXCL8-induced beta arrestin2 recruitment preincubated for 30 mins followed by CXCL8 stimulation and measured after 5 hrs by FRET based fluorescence/Tango assay,CXCR2,CHEMBL4774281,CHEMBL4765436
CHEMBL4791845,CCOC(=O)c1c(NC(=S)Nc2ccc(C(F)(F)F)cc2)sc2c1C(C)CCC2,5.7,Antagonist activity at CXCR2 (unknown origin) expressed in U2OS cells cotransfected with beta-arrestin/TEV protease fusion protein and beta-lactamase assessed as inhibition of CXCL8-induced beta arrestin2 recruitment preincubated for 30 mins followed by CXCL8 stimulation and measured after 5 hrs by FRET based fluorescence/Tango assay,CXCR2,CHEMBL4774281,CHEMBL4765436
CHEMBL4782034,CCOC(=O)c1c(NC(=S)Nc2ccccc2F)sc2c1C(C)CCC2,5.12,Antagonist activity at CXCR2 (unknown origin) expressed in U2OS cells cotransfected with beta-arrestin/TEV protease fusion protein and beta-lactamase assessed as inhibition of CXCL8-induced beta arrestin2 recruitment preincubated for 30 mins followed by CXCL8 stimulation and measured after 5 hrs by FRET based fluorescence/Tango assay,CXCR2,CHEMBL4774281,CHEMBL4765436
CHEMBL4793669,CCOC(=O)c1c(NC(=S)Nc2cccc(OC)c2)sc2c1C(C)CCC2,5.52,Antagonist activity at CXCR2 (unknown origin) expressed in U2OS cells cotransfected with beta-arrestin/TEV protease fusion protein and beta-lactamase assessed as inhibition of CXCL8-induced beta arrestin2 recruitment preincubated for 30 mins followed by CXCL8 stimulation and measured after 5 hrs by FRET based fluorescence/Tango assay,CXCR2,CHEMBL4774281,CHEMBL4765436
CHEMBL4780140,CCOC(=O)c1c(NC(=S)NCc2ccccc2)sc2c1C(C)CCC2,5.17,Antagonist activity at CXCR2 (unknown origin) expressed in U2OS cells cotransfected with beta-arrestin/TEV protease fusion protein and beta-lactamase assessed as inhibition of CXCL8-induced beta arrestin2 recruitment preincubated for 30 mins followed by CXCL8 stimulation and measured after 5 hrs by FRET based fluorescence/Tango assay,CXCR2,CHEMBL4774281,CHEMBL4765436
CHEMBL4798148,CCOC(=O)NC(=S)Nc1sc2c(c1C(=O)OCC)C(C)CCC2,5.06,Antagonist activity at CXCR2 (unknown origin) expressed in U2OS cells cotransfected with beta-arrestin/TEV protease fusion protein and beta-lactamase assessed as inhibition of CXCL8-induced beta arrestin2 recruitment preincubated for 30 mins followed by CXCL8 stimulation and measured after 5 hrs by FRET based fluorescence/Tango assay,CXCR2,CHEMBL4774281,CHEMBL4765436
CHEMBL4778886,CC1CCCc2sc(NC(=S)Nc3ccccc3)c(C(=O)O)c21,5.17,Antagonist activity at CXCR2 (unknown origin) expressed in U2OS cells cotransfected with beta-arrestin/TEV protease fusion protein and beta-lactamase assessed as inhibition of CXCL8-induced beta arrestin2 recruitment preincubated for 30 mins followed by CXCL8 stimulation and measured after 5 hrs by FRET based fluorescence/Tango assay,CXCR2,CHEMBL4774281,CHEMBL4765436
CHEMBL4787532,CC(C)OC(=O)c1c(NC(=S)Nc2ccccc2)sc2c1C(C)CCC2,5.57,Antagonist activity at CXCR2 (unknown origin) expressed in U2OS cells cotransfected with beta-arrestin/TEV protease fusion protein and beta-lactamase assessed as inhibition of CXCL8-induced beta arrestin2 recruitment preincubated for 30 mins followed by CXCL8 stimulation and measured after 5 hrs by FRET based fluorescence/Tango assay,CXCR2,CHEMBL4774281,CHEMBL4765436
CHEMBL4786878,CC1CCCc2sc(NC(=S)Nc3ccccc3)c(C(=O)OC(C)(C)C)c21,5.6,Antagonist activity at CXCR2 (unknown origin) expressed in U2OS cells cotransfected with beta-arrestin/TEV protease fusion protein and beta-lactamase assessed as inhibition of CXCL8-induced beta arrestin2 recruitment preincubated for 30 mins followed by CXCL8 stimulation and measured after 5 hrs by FRET based fluorescence/Tango assay,CXCR2,CHEMBL4774281,CHEMBL4765436
CHEMBL4782078,CC1CCCc2sc(NC(=S)Nc3ccccc3)c(C(=O)Nc3ccccc3)c21,5.57,Antagonist activity at CXCR2 (unknown origin) expressed in U2OS cells cotransfected with beta-arrestin/TEV protease fusion protein and beta-lactamase assessed as inhibition of CXCL8-induced beta arrestin2 recruitment preincubated for 30 mins followed by CXCL8 stimulation and measured after 5 hrs by FRET based fluorescence/Tango assay,CXCR2,CHEMBL4774281,CHEMBL4765436
CHEMBL4794114,CC1CCCc2sc(NC(=S)Nc3ccccc3)c(C(=O)NCc3ccccc3)c21,5.6,Antagonist activity at CXCR2 (unknown origin) expressed in U2OS cells cotransfected with beta-arrestin/TEV protease fusion protein and beta-lactamase assessed as inhibition of CXCL8-induced beta arrestin2 recruitment preincubated for 30 mins followed by CXCL8 stimulation and measured after 5 hrs by FRET based fluorescence/Tango assay,CXCR2,CHEMBL4774281,CHEMBL4765436
CHEMBL4777868,CC(C)(C)OC(=O)c1c(NC(=S)Nc2ccccc2)sc2c1CCCC2,5.75,Antagonist activity at CXCR2 (unknown origin) expressed in U2OS cells cotransfected with beta-arrestin/TEV protease fusion protein and beta-lactamase assessed as inhibition of CXCL8-induced beta arrestin2 recruitment preincubated for 30 mins followed by CXCL8 stimulation and measured after 5 hrs by FRET based fluorescence/Tango assay,CXCR2,CHEMBL4774281,CHEMBL4765436
CHEMBL4795943,CC1COCc2sc(NC(=S)Nc3ccccc3)c(C(=O)OC(C)(C)C)c21,5.77,Antagonist activity at CXCR2 (unknown origin) expressed in U2OS cells cotransfected with beta-arrestin/TEV protease fusion protein and beta-lactamase assessed as inhibition of CXCL8-induced beta arrestin2 recruitment preincubated for 30 mins followed by CXCL8 stimulation and measured after 5 hrs by FRET based fluorescence/Tango assay,CXCR2,CHEMBL4774281,CHEMBL4765436
CHEMBL4788391,CC(C)(C)OC(=O)c1c(NC(=S)Nc2ccccc2)sc2c1CCOC2,5.64,Antagonist activity at CXCR2 (unknown origin) expressed in U2OS cells cotransfected with beta-arrestin/TEV protease fusion protein and beta-lactamase assessed as inhibition of CXCL8-induced beta arrestin2 recruitment preincubated for 30 mins followed by CXCL8 stimulation and measured after 5 hrs by FRET based fluorescence/Tango assay,CXCR2,CHEMBL4774281,CHEMBL4765436
CHEMBL4792599,CC(C)(C)OC(=O)c1c(NC(=S)Nc2ccccc2)sc2c1CCCO2,5.39,Antagonist activity at CXCR2 (unknown origin) expressed in U2OS cells cotransfected with beta-arrestin/TEV protease fusion protein and beta-lactamase assessed as inhibition of CXCL8-induced beta arrestin2 recruitment preincubated for 30 mins followed by CXCL8 stimulation and measured after 5 hrs by FRET based fluorescence/Tango assay,CXCR2,CHEMBL4774281,CHEMBL4765436
CHEMBL4796430,CC(C)(C)OC(=O)c1c(NC(=S)Nc2ccccc2)sc2c1CCNC2,5.06,Antagonist activity at CXCR2 (unknown origin) expressed in U2OS cells cotransfected with beta-arrestin/TEV protease fusion protein and beta-lactamase assessed as inhibition of CXCL8-induced beta arrestin2 recruitment preincubated for 30 mins followed by CXCL8 stimulation and measured after 5 hrs by FRET based fluorescence/Tango assay,CXCR2,CHEMBL4774281,CHEMBL4765436
CHEMBL4782371,COc1cccc(NC(=S)Nc2sc3c(c2C(=O)OC(C)(C)C)C(C)CCC3)c1,5.57,Antagonist activity at CXCR2 (unknown origin) expressed in U2OS cells cotransfected with beta-arrestin/TEV protease fusion protein and beta-lactamase assessed as inhibition of CXCL8-induced beta arrestin2 recruitment preincubated for 30 mins followed by CXCL8 stimulation and measured after 5 hrs by FRET based fluorescence/Tango assay,CXCR2,CHEMBL4774281,CHEMBL4765436
CHEMBL4800160,CC1CCCc2sc(NC(=S)Nc3ccc(OC(F)(F)F)cc3)c(C(=O)OC(C)(C)C)c21,4.97,Antagonist activity at CXCR2 (unknown origin) expressed in U2OS cells cotransfected with beta-arrestin/TEV protease fusion protein and beta-lactamase assessed as inhibition of CXCL8-induced beta arrestin2 recruitment preincubated for 30 mins followed by CXCL8 stimulation and measured after 5 hrs by FRET based fluorescence/Tango assay,CXCR2,CHEMBL4774281,CHEMBL4765436
CHEMBL4788608,CC1CCCc2sc(NC(=S)Nc3ccc(OC(C)(C)C)cc3)c(C(=O)OC(C)(C)C)c21,5.17,Antagonist activity at CXCR2 (unknown origin) expressed in U2OS cells cotransfected with beta-arrestin/TEV protease fusion protein and beta-lactamase assessed as inhibition of CXCL8-induced beta arrestin2 recruitment preincubated for 30 mins followed by CXCL8 stimulation and measured after 5 hrs by FRET based fluorescence/Tango assay,CXCR2,CHEMBL4774281,CHEMBL4765436
CHEMBL4779981,COc1ccc(NC(=S)Nc2sc3c(c2C(=O)OC(C)(C)C)C(C)CCC3)cc1OC,5.24,Antagonist activity at CXCR2 (unknown origin) expressed in U2OS cells cotransfected with beta-arrestin/TEV protease fusion protein and beta-lactamase assessed as inhibition of CXCL8-induced beta arrestin2 recruitment preincubated for 30 mins followed by CXCL8 stimulation and measured after 5 hrs by FRET based fluorescence/Tango assay,CXCR2,CHEMBL4774281,CHEMBL4765436
CHEMBL4776480,CC(C)(C)OC(=O)c1c(NC(=S)Nc2ccc(F)cc2)sc2c1CCOC2,5.96,Antagonist activity at CXCR2 (unknown origin) expressed in U2OS cells cotransfected with beta-arrestin/TEV protease fusion protein and beta-lactamase assessed as inhibition of CXCL8-induced beta arrestin2 recruitment preincubated for 30 mins followed by CXCL8 stimulation and measured after 5 hrs by FRET based fluorescence/Tango assay,CXCR2,CHEMBL4774281,CHEMBL4765436
CHEMBL4798569,CC(C)(C)OC(=O)c1c(NC(=S)Nc2ccc(OC(F)(F)F)cc2)sc2c1CCOC2,5.8,Antagonist activity at CXCR2 (unknown origin) expressed in U2OS cells cotransfected with beta-arrestin/TEV protease fusion protein and beta-lactamase assessed as inhibition of CXCL8-induced beta arrestin2 recruitment preincubated for 30 mins followed by CXCL8 stimulation and measured after 5 hrs by FRET based fluorescence/Tango assay,CXCR2,CHEMBL4774281,CHEMBL4765436
CHEMBL4784641,COc1ccc(NC(=S)Nc2sc3c(c2C(=O)OC(C)(C)C)CCOC3)cc1OC,5.47,Antagonist activity at CXCR2 (unknown origin) expressed in U2OS cells cotransfected with beta-arrestin/TEV protease fusion protein and beta-lactamase assessed as inhibition of CXCL8-induced beta arrestin2 recruitment preincubated for 30 mins followed by CXCL8 stimulation and measured after 5 hrs by FRET based fluorescence/Tango assay,CXCR2,CHEMBL4774281,CHEMBL4765436
CHEMBL4794294,C[C@H](NC(=S)Nc1sc2c(c1C(=O)OC(C)(C)C)CCOC2)c1ccccc1,5.62,Antagonist activity at CXCR2 (unknown origin) expressed in U2OS cells cotransfected with beta-arrestin/TEV protease fusion protein and beta-lactamase assessed as inhibition of CXCL8-induced beta arrestin2 recruitment preincubated for 30 mins followed by CXCL8 stimulation and measured after 5 hrs by FRET based fluorescence/Tango assay,CXCR2,CHEMBL4774281,CHEMBL4765436
CHEMBL4787874,C[C@@H](NC(=S)Nc1sc2c(c1C(=O)OC(C)(C)C)CCOC2)c1ccccc1,5.8,Antagonist activity at CXCR2 (unknown origin) expressed in U2OS cells cotransfected with beta-arrestin/TEV protease fusion protein and beta-lactamase assessed as inhibition of CXCL8-induced beta arrestin2 recruitment preincubated for 30 mins followed by CXCL8 stimulation and measured after 5 hrs by FRET based fluorescence/Tango assay,CXCR2,CHEMBL4774281,CHEMBL4765436
CHEMBL38182,N#Cc1ccc(NC(=O)Nc2ccccc2Br)c2nn[nH]c12,6.82,Antagonist activity at CXCR2 (unknown origin) expressed in U2OS cells cotransfected with beta-arrestin/TEV protease fusion protein and beta-lactamase assessed as inhibition of CXCL8-induced beta arrestin2 recruitment preincubated for 30 mins followed by CXCL8 stimulation and measured after 5 hrs by FRET based fluorescence/Tango assay,CXCR2,CHEMBL4774281,CHEMBL4765436
CHEMBL239767,O=C(Nc1ccc([N+](=O)[O-])cc1O)Nc1ccccc1Br,6.7,Antagonist activity against CXCR2 (unknown origin) by calcium flux assay,CXCR2,CHEMBL5033580,CHEMBL5032521
CHEMBL5093947,Cc1c(F)cccc1NC(=O)Nc1ccc2c(c1O)S(=O)(=O)CCC2,7.02,Antagonist activity at human CXCR2 expressed in HEK293 cells assessed as inhibition of CXCL8-induced beta-arrestin recruitment preincubated for 30 mins followed by addition of agonist incubated for 90 mins by beta arrestin assay,CXCR2,CHEMBL5033752,CHEMBL5032530
CHEMBL5075434,Cc1c(Cl)cccc1NC(=O)Nc1ccc2c(c1O)S(=O)(=O)CCC2,5.61,Antagonist activity at human CXCR2 expressed in HEK293 cells assessed as inhibition of CXCL8-induced beta-arrestin recruitment preincubated for 30 mins followed by addition of agonist incubated for 90 mins by beta arrestin assay,CXCR2,CHEMBL5033752,CHEMBL5032530
CHEMBL5081049,O=C(Nc1ccc2c(c1O)S(=O)(=O)CCC2)Nc1cccc(F)c1Cl,7.37,Antagonist activity at human CXCR2 expressed in HEK293 cells assessed as inhibition of CXCL8-induced beta-arrestin recruitment preincubated for 30 mins followed by addition of agonist incubated for 90 mins by beta arrestin assay,CXCR2,CHEMBL5033752,CHEMBL5032530
CHEMBL5076384,O=c1c(Nc2ccccc2Cl)c(Nc2ccc3c(c2O)S(=O)(=O)CCC3)c1=O,5.98,Antagonist activity at human CXCR2 expressed in HEK293 cells assessed as inhibition of CXCL8-induced beta-arrestin recruitment preincubated for 30 mins followed by addition of agonist incubated for 90 mins by beta arrestin assay,CXCR2,CHEMBL5033752,CHEMBL5032530
CHEMBL5090244,O=c1c(Nc2ccccc2Br)c(Nc2ccc3c(c2O)S(=O)(=O)CCC3)c1=O,6.82,Antagonist activity at human CXCR2 expressed in HEK293 cells assessed as inhibition of CXCL8-induced beta-arrestin recruitment preincubated for 30 mins followed by addition of agonist incubated for 90 mins by beta arrestin assay,CXCR2,CHEMBL5033752,CHEMBL5032530
CHEMBL5084752,O=c1c(Nc2ccc3c(c2O)S(=O)(=O)CCC3)c(Nc2cccc(Cl)c2Cl)c1=O,5.0,Antagonist activity at human CXCR2 expressed in HEK293 cells assessed as inhibition of CXCL8-induced beta-arrestin recruitment preincubated for 30 mins followed by addition of agonist incubated for 90 mins by beta arrestin assay,CXCR2,CHEMBL5033752,CHEMBL5032530
CHEMBL5083848,Cc1c(F)cccc1Nc1c(Nc2ccc3c(c2O)S(=O)(=O)CCC3)c(=O)c1=O,5.87,Antagonist activity at human CXCR2 expressed in HEK293 cells assessed as inhibition of CXCL8-induced beta-arrestin recruitment preincubated for 30 mins followed by addition of agonist incubated for 90 mins by beta arrestin assay,CXCR2,CHEMBL5033752,CHEMBL5032530
CHEMBL5087298,O=c1c(Nc2ccc3c(c2O)S(=O)(=O)CCC3)c(Nc2cccc(F)c2Cl)c1=O,5.46,Antagonist activity at human CXCR2 expressed in HEK293 cells assessed as inhibition of CXCL8-induced beta-arrestin recruitment preincubated for 30 mins followed by addition of agonist incubated for 90 mins by beta arrestin assay,CXCR2,CHEMBL5033752,CHEMBL5032530
CHEMBL5071577,O=C(Nc1ccccc1F)Nc1ccc2c(c1O)S(=O)(=O)CC=C2,6.5,Antagonist activity at human CXCR2 expressed in HEK293 cells assessed as inhibition of CXCL8-induced beta-arrestin recruitment preincubated for 30 mins followed by addition of agonist incubated for 90 mins by beta arrestin assay,CXCR2,CHEMBL5033752,CHEMBL5032530
CHEMBL5078788,O=C(Nc1ccccc1Cl)Nc1ccc2c(c1O)S(=O)(=O)CC=C2,7.18,Antagonist activity at human CXCR2 expressed in HEK293 cells assessed as inhibition of CXCL8-induced beta-arrestin recruitment preincubated for 30 mins followed by addition of agonist incubated for 90 mins by beta arrestin assay,CXCR2,CHEMBL5033752,CHEMBL5032530
CHEMBL5076154,O=C(Nc1ccccc1Br)Nc1ccc2c(c1O)S(=O)(=O)CC=C2,7.31,Antagonist activity at human CXCR2 expressed in HEK293 cells assessed as inhibition of CXCL8-induced beta-arrestin recruitment preincubated for 30 mins followed by addition of agonist incubated for 90 mins by beta arrestin assay,CXCR2,CHEMBL5033752,CHEMBL5032530
CHEMBL5081113,O=C(Nc1ccccc1C(F)(F)F)Nc1ccc2c(c1O)S(=O)(=O)CC=C2,5.8,Antagonist activity at human CXCR2 expressed in HEK293 cells assessed as inhibition of CXCL8-induced beta-arrestin recruitment preincubated for 30 mins followed by addition of agonist incubated for 90 mins by beta arrestin assay,CXCR2,CHEMBL5033752,CHEMBL5032530
CHEMBL5079979,O=C(Nc1ccc2c(c1O)S(=O)(=O)CCC2=O)Nc1cccc(Cl)c1Cl,6.4,Antagonist activity at human CXCR2 expressed in HEK293 cells assessed as inhibition of CXCL8-induced beta-arrestin recruitment preincubated for 30 mins followed by addition of agonist incubated for 90 mins by beta arrestin assay,CXCR2,CHEMBL5033752,CHEMBL5032530
CHEMBL5080880,Cc1c(F)cccc1NC(=O)Nc1ccc2c(c1O)S(=O)(=O)CCC2=O,6.38,Antagonist activity at human CXCR2 expressed in HEK293 cells assessed as inhibition of CXCL8-induced beta-arrestin recruitment preincubated for 30 mins followed by addition of agonist incubated for 90 mins by beta arrestin assay,CXCR2,CHEMBL5033752,CHEMBL5032530
CHEMBL5083131,O=C(Nc1ccc2c(c1O)S(=O)(=O)CCC2)Nc1cccc(Cl)c1Cl,6.68,Antagonist activity at human CXCR2 expressed in HEK293 cells assessed as inhibition of CXCL8-induced beta-arrestin recruitment preincubated for 30 mins followed by addition of agonist incubated for 90 mins by beta arrestin assay,CXCR2,CHEMBL5033752,CHEMBL5032530
CHEMBL5076418,O=C(Nc1ccc(Br)cc1)Nc1ccc2c(c1O)S(=O)(=O)CC=C2,5.83,Antagonist activity at human CXCR2 expressed in HEK293 cells assessed as inhibition of CXCL8-induced beta-arrestin recruitment preincubated for 30 mins followed by addition of agonist incubated for 90 mins by beta arrestin assay,CXCR2,CHEMBL5033752,CHEMBL5032530
CHEMBL5090422,Cc1ccc(NC(=O)Nc2ccc3c(c2O)S(=O)(=O)CC=C3)cc1,6.72,Antagonist activity at human CXCR2 expressed in HEK293 cells assessed as inhibition of CXCL8-induced beta-arrestin recruitment preincubated for 30 mins followed by addition of agonist incubated for 90 mins by beta arrestin assay,CXCR2,CHEMBL5033752,CHEMBL5032530
CHEMBL5078246,O=C(Nc1ccc2c(c1O)S(=O)(=O)CC=C2)Nc1cccc(F)c1Cl,4.72,Antagonist activity at human CXCR2 expressed in HEK293 cells assessed as inhibition of CXCL8-induced beta-arrestin recruitment preincubated for 30 mins followed by addition of agonist incubated for 90 mins by beta arrestin assay,CXCR2,CHEMBL5033752,CHEMBL5032530
CHEMBL5075579,O=C(Nc1ccc(Cl)cc1Cl)Nc1ccc2c(c1O)S(=O)(=O)CC=C2,5.23,Antagonist activity at human CXCR2 expressed in HEK293 cells assessed as inhibition of CXCL8-induced beta-arrestin recruitment preincubated for 30 mins followed by addition of agonist incubated for 90 mins by beta arrestin assay,CXCR2,CHEMBL5033752,CHEMBL5032530
CHEMBL5078730,O=c1c(Nc2ccccc2Cl)c(Nc2ccc3c(c2O)S(=O)(=O)CC=C3)c1=O,6.7,Antagonist activity at human CXCR2 expressed in HEK293 cells assessed as inhibition of CXCL8-induced beta-arrestin recruitment preincubated for 30 mins followed by addition of agonist incubated for 90 mins by beta arrestin assay,CXCR2,CHEMBL5033752,CHEMBL5032530
CHEMBL5070965,O=c1c(Nc2ccccc2Br)c(Nc2ccc3c(c2O)S(=O)(=O)CC=C3)c1=O,7.11,Antagonist activity at human CXCR2 expressed in HEK293 cells assessed as inhibition of CXCL8-induced beta-arrestin recruitment preincubated for 30 mins followed by addition of agonist incubated for 90 mins by beta arrestin assay,CXCR2,CHEMBL5033752,CHEMBL5032530
CHEMBL5092474,O=c1c(Nc2ccc3c(c2O)S(=O)(=O)CC=C3)c(Nc2cccc(Cl)c2Cl)c1=O,5.6,Antagonist activity at human CXCR2 expressed in HEK293 cells assessed as inhibition of CXCL8-induced beta-arrestin recruitment preincubated for 30 mins followed by addition of agonist incubated for 90 mins by beta arrestin assay,CXCR2,CHEMBL5033752,CHEMBL5032530
CHEMBL5089049,Cc1c(F)cccc1Nc1c(Nc2ccc3c(c2O)S(=O)(=O)CC=C3)c(=O)c1=O,6.43,Antagonist activity at human CXCR2 expressed in HEK293 cells assessed as inhibition of CXCL8-induced beta-arrestin recruitment preincubated for 30 mins followed by addition of agonist incubated for 90 mins by beta arrestin assay,CXCR2,CHEMBL5033752,CHEMBL5032530
CHEMBL5081756,O=c1c(Nc2ccc3c(c2O)S(=O)(=O)CC=C3)c(Nc2cccc(F)c2Cl)c1=O,6.16,Antagonist activity at human CXCR2 expressed in HEK293 cells assessed as inhibition of CXCL8-induced beta-arrestin recruitment preincubated for 30 mins followed by addition of agonist incubated for 90 mins by beta arrestin assay,CXCR2,CHEMBL5033752,CHEMBL5032530
CHEMBL3819292,NS(=O)(=O)c1c(Cl)ccc(NC(=O)Nc2cccc(Cl)c2Cl)c1O,7.89,Antagonist activity at human CXCR2 expressed in HEK293 cells assessed as inhibition of CXCL8-induced beta-arrestin recruitment preincubated for 30 mins followed by addition of agonist incubated for 90 mins by beta arrestin assay,CXCR2,CHEMBL5033752,CHEMBL5032530
CHEMBL5089441,O=C(Nc1ccc2c(c1O)S(=O)(=O)CC=C2)Nc1cccc(Cl)c1Cl,6.89,Antagonist activity at human CXCR2 expressed in HEK293 cells assessed as inhibition of CXCL8-induced beta-arrestin recruitment preincubated for 30 mins followed by addition of agonist incubated for 90 mins by beta arrestin assay,CXCR2,CHEMBL5033752,CHEMBL5032530
CHEMBL5088269,Cc1c(F)cccc1NC(=O)Nc1ccc2c(c1O)S(=O)(=O)CC=C2,7.47,Antagonist activity at human CXCR2 expressed in HEK293 cells assessed as inhibition of CXCL8-induced beta-arrestin recruitment preincubated for 30 mins followed by addition of agonist incubated for 90 mins by beta arrestin assay,CXCR2,CHEMBL5033752,CHEMBL5032530
CHEMBL5086977,Cc1c(Cl)cccc1NC(=O)Nc1ccc2c(c1O)S(=O)(=O)CC=C2,5.79,Antagonist activity at human CXCR2 expressed in HEK293 cells assessed as inhibition of CXCL8-induced beta-arrestin recruitment preincubated for 30 mins followed by addition of agonist incubated for 90 mins by beta arrestin assay,CXCR2,CHEMBL5033752,CHEMBL5032530
CHEMBL5083610,O=C(Nc1ccccc1F)Nc1ccc2c(c1O)S(=O)(=O)CCC2,5.99,Antagonist activity at human CXCR2 expressed in HEK293 cells assessed as inhibition of CXCL8-induced beta-arrestin recruitment preincubated for 30 mins followed by addition of agonist incubated for 90 mins by beta arrestin assay,CXCR2,CHEMBL5033752,CHEMBL5032530
CHEMBL5087256,O=C(Nc1ccccc1Cl)Nc1ccc2c(c1O)S(=O)(=O)CCC2,6.68,Antagonist activity at human CXCR2 expressed in HEK293 cells assessed as inhibition of CXCL8-induced beta-arrestin recruitment preincubated for 30 mins followed by addition of agonist incubated for 90 mins by beta arrestin assay,CXCR2,CHEMBL5033752,CHEMBL5032530
CHEMBL5088825,O=C(Nc1ccccc1Br)Nc1ccc2c(c1O)S(=O)(=O)CCC2,6.85,Antagonist activity at human CXCR2 expressed in HEK293 cells assessed as inhibition of CXCL8-induced beta-arrestin recruitment preincubated for 30 mins followed by addition of agonist incubated for 90 mins by beta arrestin assay,CXCR2,CHEMBL5033752,CHEMBL5032530
CHEMBL5094410,O=C(Nc1ccccc1C(F)(F)F)Nc1ccc2c(c1O)S(=O)(=O)CCC2,5.35,Antagonist activity at human CXCR2 expressed in HEK293 cells assessed as inhibition of CXCL8-induced beta-arrestin recruitment preincubated for 30 mins followed by addition of agonist incubated for 90 mins by beta arrestin assay,CXCR2,CHEMBL5033752,CHEMBL5032530
CHEMBL5078087,Cc1ccc(NC(=O)Nc2ccc3c(c2O)S(=O)(=O)CCC3)cc1,5.88,Antagonist activity at human CXCR2 expressed in HEK293 cells assessed as inhibition of CXCL8-induced beta-arrestin recruitment preincubated for 30 mins followed by addition of agonist incubated for 90 mins by beta arrestin assay,CXCR2,CHEMBL5033752,CHEMBL5032530
CHEMBL397237,C[C@H](CO)Nc1nc(SCc2cccc(F)c2F)nc2nc(N)sc12,7.89,Binding affinity to human CXCR2 expressed in human U87 cells assessed as inhibition of CXCL8 AF647-binding incubated for 15 mins followed by addition of CXCL8 AF647 measured after 30 mins by flow cytometry analysis,CXCR2,CHEMBL5162230,CHEMBL5154809
CHEMBL5186932,C[C@H](CO)Nc1nc(SCc2cccc(F)c2F)nc2ncsc12,6.89,Binding affinity to human CXCR2 expressed in human U87 cells assessed as inhibition of CXCL8 AF647-binding incubated for 15 mins followed by addition of CXCL8 AF647 measured after 30 mins by flow cytometry analysis,CXCR2,CHEMBL5162230,CHEMBL5154809
CHEMBL5171358,C[C@H](CO)Nc1nc(SCc2cccc(F)c2F)nc2sccc12,5.37,Binding affinity to human CXCR2 expressed in human U87 cells assessed as inhibition of CXCL8 AF647-binding incubated for 15 mins followed by addition of CXCL8 AF647 measured after 30 mins by flow cytometry analysis,CXCR2,CHEMBL5162230,CHEMBL5154809
CHEMBL5203743,C[C@H](CO)Nc1nc(SCc2cccc(F)c2F)nc2[nH]cnc12,6.6,Binding affinity to human CXCR2 expressed in human U87 cells assessed as inhibition of CXCL8 AF647-binding incubated for 15 mins followed by addition of CXCL8 AF647 measured after 30 mins by flow cytometry analysis,CXCR2,CHEMBL5162230,CHEMBL5154809
CHEMBL5182926,C[C@H](CO)Nc1nc(SCc2cccc(F)c2F)nc2cc[nH]c12,5.97,Binding affinity to human CXCR2 expressed in human U87 cells assessed as inhibition of CXCL8 AF647-binding incubated for 15 mins followed by addition of CXCL8 AF647 measured after 30 mins by flow cytometry analysis,CXCR2,CHEMBL5162230,CHEMBL5154809
CHEMBL5179345,C[C@H](CO)Nc1nc(SCc2cccc(F)c2F)nc2ccsc12,4.76,Binding affinity to human CXCR2 expressed in human U87 cells assessed as inhibition of CXCL8 AF647-binding incubated for 15 mins followed by addition of CXCL8 AF647 measured after 30 mins by flow cytometry analysis,CXCR2,CHEMBL5162230,CHEMBL5154809
CHEMBL5179622,C[C@H](CO)Nc1nc(SCc2cccc(F)c2F)nc2[nH]ccc12,5.57,Binding affinity to human CXCR2 expressed in human U87 cells assessed as inhibition of CXCL8 AF647-binding incubated for 15 mins followed by addition of CXCL8 AF647 measured after 30 mins by flow cytometry analysis,CXCR2,CHEMBL5162230,CHEMBL5154809
CHEMBL5173775,C[C@H](CO)Nc1nc(SCc2cccc(F)c2F)nc2[nH]nnc12,7.36,Binding affinity to human CXCR2 expressed in human U87 cells assessed as inhibition of CXCL8 AF647-binding incubated for 15 mins followed by addition of CXCL8 AF647 measured after 30 mins by flow cytometry analysis,CXCR2,CHEMBL5162230,CHEMBL5154809
CHEMBL5195797,C[C@H](CO)Nc1nc(SCc2cccc(F)c2F)nc2oncc12,7.89,Binding affinity to human CXCR2 expressed in human U87 cells assessed as inhibition of CXCL8 AF647-binding incubated for 15 mins followed by addition of CXCL8 AF647 measured after 30 mins by flow cytometry analysis,CXCR2,CHEMBL5162230,CHEMBL5154809
CHEMBL5183834,C[C@H](CO)Nc1nc(SCc2cccc(F)c2F)nc2cnccc12,6.37,Binding affinity to human CXCR2 expressed in human U87 cells assessed as inhibition of CXCL8 AF647-binding incubated for 15 mins followed by addition of CXCL8 AF647 measured after 30 mins by flow cytometry analysis,CXCR2,CHEMBL5162230,CHEMBL5154809
CHEMBL397237,C[C@H](CO)Nc1nc(SCc2cccc(F)c2F)nc2nc(N)sc12,7.1,Binding affinity to human CXCR2 expressed in human U87 cells assessed as inhibition of CXCL8 AF647-induced calcium response incubated for 10 mins followed by addition of CXCL8 AF647 measured by FLIPR Tetra system method,CXCR2,CHEMBL5162231,CHEMBL5154809
CHEMBL5186932,C[C@H](CO)Nc1nc(SCc2cccc(F)c2F)nc2ncsc12,6.57,Binding affinity to human CXCR2 expressed in human U87 cells assessed as inhibition of CXCL8 AF647-induced calcium response incubated for 10 mins followed by addition of CXCL8 AF647 measured by FLIPR Tetra system method,CXCR2,CHEMBL5162231,CHEMBL5154809
CHEMBL5203743,C[C@H](CO)Nc1nc(SCc2cccc(F)c2F)nc2[nH]cnc12,5.6,Binding affinity to human CXCR2 expressed in human U87 cells assessed as inhibition of CXCL8 AF647-induced calcium response incubated for 10 mins followed by addition of CXCL8 AF647 measured by FLIPR Tetra system method,CXCR2,CHEMBL5162231,CHEMBL5154809
CHEMBL5182926,C[C@H](CO)Nc1nc(SCc2cccc(F)c2F)nc2cc[nH]c12,4.8,Binding affinity to human CXCR2 expressed in human U87 cells assessed as inhibition of CXCL8 AF647-induced calcium response incubated for 10 mins followed by addition of CXCL8 AF647 measured by FLIPR Tetra system method,CXCR2,CHEMBL5162231,CHEMBL5154809
CHEMBL5179345,C[C@H](CO)Nc1nc(SCc2cccc(F)c2F)nc2ccsc12,4.61,Binding affinity to human CXCR2 expressed in human U87 cells assessed as inhibition of CXCL8 AF647-induced calcium response incubated for 10 mins followed by addition of CXCL8 AF647 measured by FLIPR Tetra system method,CXCR2,CHEMBL5162231,CHEMBL5154809
CHEMBL5179622,C[C@H](CO)Nc1nc(SCc2cccc(F)c2F)nc2[nH]ccc12,5.11,Binding affinity to human CXCR2 expressed in human U87 cells assessed as inhibition of CXCL8 AF647-induced calcium response incubated for 10 mins followed by addition of CXCL8 AF647 measured by FLIPR Tetra system method,CXCR2,CHEMBL5162231,CHEMBL5154809
CHEMBL5173775,C[C@H](CO)Nc1nc(SCc2cccc(F)c2F)nc2[nH]nnc12,6.18,Binding affinity to human CXCR2 expressed in human U87 cells assessed as inhibition of CXCL8 AF647-induced calcium response incubated for 10 mins followed by addition of CXCL8 AF647 measured by FLIPR Tetra system method,CXCR2,CHEMBL5162231,CHEMBL5154809
CHEMBL5195797,C[C@H](CO)Nc1nc(SCc2cccc(F)c2F)nc2oncc12,7.0,Binding affinity to human CXCR2 expressed in human U87 cells assessed as inhibition of CXCL8 AF647-induced calcium response incubated for 10 mins followed by addition of CXCL8 AF647 measured by FLIPR Tetra system method,CXCR2,CHEMBL5162231,CHEMBL5154809
CHEMBL5183834,C[C@H](CO)Nc1nc(SCc2cccc(F)c2F)nc2cnccc12,6.96,Binding affinity to human CXCR2 expressed in human U87 cells assessed as inhibition of CXCL8 AF647-induced calcium response incubated for 10 mins followed by addition of CXCL8 AF647 measured by FLIPR Tetra system method,CXCR2,CHEMBL5162231,CHEMBL5154809
CHEMBL218964,CCC(CC)Nc1c(Nc2cccc(C(=O)N(C)C)c2O)c(=O)c1=O,7.72,Inhibition of human CXCR2-mediated chemotaxis expressed in mouse BaF3 cells,CXCR2,CHEMBL5215022,CHEMBL5214881
CHEMBL5276296,CN(C)C(=O)c1cccc(Nc2c(Nc3ccccc3)c(=O)c2=O)c1O,8.7,Antagonist activity at CXCR2 (unknown origin),CXCR2,CHEMBL5223233,CHEMBL5223063
CHEMBL216981,CC[C@@H](Nc1c(Nc2cccc(C(=O)N(C)C)c2O)c(=O)c1=O)c1ccc(C)o1,8.59,Antagonist activity at CXCR2 (unknown origin),CXCR2,CHEMBL5223233,CHEMBL5223063
CHEMBL3979652,Cc1ccc(C(Nc2c(Nc3cccc(C(=O)N(C)C)c3O)c(=O)c2=O)C2(C)CCCO2)o1,7.2,Antagonist activity at CXCR2 (unknown origin),CXCR2,CHEMBL5257245,CHEMBL5257017
CHEMBL38182,N#Cc1ccc(NC(=O)Nc2ccccc2Br)c2nn[nH]c12,7.0,Inhibition of wild type CXCR2 (unknown origin),CXCR2,CHEMBL5261122,CHEMBL5260798
CHEMBL5433301,Cc1ccc([C@H](NC2=NS(=O)(=O)N=C2Nc2ccc(C)c(C(=O)N(C)C)c2O)C(C)(C)C)o1,5.19,Antagonist activity at CXCR2 in human CD4 cells by fluorescence based calcium mobilization assay,CXCR2,CHEMBL5349603,CHEMBL5346926
CHEMBL216981,CC[C@@H](Nc1c(Nc2cccc(C(=O)N(C)C)c2O)c(=O)c1=O)c1ccc(C)o1,8.3,Antagonist activity at CXCR2 in human CD4 cells by fluorescence based calcium mobilization assay,CXCR2,CHEMBL5349603,CHEMBL5346926
CHEMBL397237,C[C@H](CO)Nc1nc(SCc2cccc(F)c2F)nc2nc(N)sc12,7.1,Antagonist activity at CXCR2 in human CD4 cells by fluorescence based calcium mobilization assay,CXCR2,CHEMBL5349603,CHEMBL5346926
CHEMBL5186932,C[C@H](CO)Nc1nc(SCc2cccc(F)c2F)nc2ncsc12,6.57,Antagonist activity at CXCR2 in human CD4 cells by fluorescence based calcium mobilization assay,CXCR2,CHEMBL5349603,CHEMBL5346926
CHEMBL5203743,C[C@H](CO)Nc1nc(SCc2cccc(F)c2F)nc2[nH]cnc12,5.6,Antagonist activity at CXCR2 in human CD4 cells by fluorescence based calcium mobilization assay,CXCR2,CHEMBL5349603,CHEMBL5346926
CHEMBL5182926,C[C@H](CO)Nc1nc(SCc2cccc(F)c2F)nc2cc[nH]c12,4.8,Antagonist activity at CXCR2 in human CD4 cells by fluorescence based calcium mobilization assay,CXCR2,CHEMBL5349603,CHEMBL5346926
CHEMBL5179345,C[C@H](CO)Nc1nc(SCc2cccc(F)c2F)nc2ccsc12,4.61,Antagonist activity at CXCR2 in human CD4 cells by fluorescence based calcium mobilization assay,CXCR2,CHEMBL5349603,CHEMBL5346926
CHEMBL5179622,C[C@H](CO)Nc1nc(SCc2cccc(F)c2F)nc2[nH]ccc12,5.11,Antagonist activity at CXCR2 in human CD4 cells by fluorescence based calcium mobilization assay,CXCR2,CHEMBL5349603,CHEMBL5346926
CHEMBL5173775,C[C@H](CO)Nc1nc(SCc2cccc(F)c2F)nc2[nH]nnc12,6.18,Antagonist activity at CXCR2 in human CD4 cells by fluorescence based calcium mobilization assay,CXCR2,CHEMBL5349603,CHEMBL5346926
CHEMBL5195797,C[C@H](CO)Nc1nc(SCc2cccc(F)c2F)nc2oncc12,7.0,Antagonist activity at CXCR2 in human CD4 cells by fluorescence based calcium mobilization assay,CXCR2,CHEMBL5349603,CHEMBL5346926
CHEMBL5183834,C[C@H](CO)Nc1nc(SCc2cccc(F)c2F)nc2cnccc12,6.96,Antagonist activity at CXCR2 in human CD4 cells by fluorescence based calcium mobilization assay,CXCR2,CHEMBL5349603,CHEMBL5346926
CHEMBL5432877,C[C@@H](CO)Nc1nc(SCc2cccc(F)c2F)nc2[nH]nnc12,5.76,Antagonist activity at CXCR2 in human CD4 cells by fluorescence based calcium mobilization assay,CXCR2,CHEMBL5349603,CHEMBL5346926
CHEMBL5407300,CC(C)(CO)Nc1nc(SCc2cccc(F)c2F)nc2[nH]nnc12,6.36,Antagonist activity at CXCR2 in human CD4 cells by fluorescence based calcium mobilization assay,CXCR2,CHEMBL5349603,CHEMBL5346926
CHEMBL5415857,OCCNc1nc(SCc2cccc(F)c2F)nc2[nH]nnc12,5.37,Antagonist activity at CXCR2 in human CD4 cells by fluorescence based calcium mobilization assay,CXCR2,CHEMBL5349603,CHEMBL5346926
CHEMBL5405321,CC[C@H](CO)Nc1nc(SCc2cccc(F)c2F)nc2[nH]nnc12,6.7,Antagonist activity at CXCR2 in human CD4 cells by fluorescence based calcium mobilization assay,CXCR2,CHEMBL5349603,CHEMBL5346926
CHEMBL5417284,C[C@H](CCO)Nc1nc(SCc2cccc(F)c2F)nc2[nH]nnc12,5.68,Antagonist activity at CXCR2 in human CD4 cells by fluorescence based calcium mobilization assay,CXCR2,CHEMBL5349603,CHEMBL5346926
CHEMBL5431899,OCCCNc1nc(SCc2cccc(F)c2F)nc2[nH]nnc12,5.4,Antagonist activity at CXCR2 in human CD4 cells by fluorescence based calcium mobilization assay,CXCR2,CHEMBL5349603,CHEMBL5346926
CHEMBL5409317,COCCNc1nc(SCc2cccc(F)c2F)nc2[nH]nnc12,5.06,Antagonist activity at CXCR2 in human CD4 cells by fluorescence based calcium mobilization assay,CXCR2,CHEMBL5349603,CHEMBL5346926
CHEMBL5425847,CC(C)(C)OC(=O)N1CCN(c2nc(SCc3cccc(F)c3F)nc3[nH]nnc23)CC1,4.94,Antagonist activity at CXCR2 in human CD4 cells by fluorescence based calcium mobilization assay,CXCR2,CHEMBL5349603,CHEMBL5346926
CHEMBL5394443,CC(C)Nc1nc(SCc2cccc(F)c2F)nc2[nH]nnc12,5.36,Antagonist activity at CXCR2 in human CD4 cells by fluorescence based calcium mobilization assay,CXCR2,CHEMBL5349603,CHEMBL5346926
CHEMBL5412948,Fc1cccc(CSc2nc(NC3CC3)c3nn[nH]c3n2)c1F,5.56,Antagonist activity at CXCR2 in human CD4 cells by fluorescence based calcium mobilization assay,CXCR2,CHEMBL5349603,CHEMBL5346926
CHEMBL5394281,Fc1cccc(CSc2nc(NCC3CC3)c3nn[nH]c3n2)c1F,5.53,Antagonist activity at CXCR2 in human CD4 cells by fluorescence based calcium mobilization assay,CXCR2,CHEMBL5349603,CHEMBL5346926
CHEMBL5411713,OCCSc1nc(SCc2cccc(F)c2F)nc2[nH]nnc12,5.47,Antagonist activity at CXCR2 in human CD4 cells by fluorescence based calcium mobilization assay,CXCR2,CHEMBL5349603,CHEMBL5346926
CHEMBL5437555,OCCCSc1nc(SCc2cccc(F)c2F)nc2[nH]nnc12,4.78,Antagonist activity at CXCR2 in human CD4 cells by fluorescence based calcium mobilization assay,CXCR2,CHEMBL5349603,CHEMBL5346926
CHEMBL5397416,C[C@H](CO)Nc1nc(OCc2cccc(F)c2F)nc2[nH]nnc12,5.39,Antagonist activity at CXCR2 in human CD4 cells by fluorescence based calcium mobilization assay,CXCR2,CHEMBL5349603,CHEMBL5346926
CHEMBL5396369,CCCCSc1nc(N[C@H](C)CO)c2nn[nH]c2n1,4.9,Antagonist activity at CXCR2 in human CD4 cells by fluorescence based calcium mobilization assay,CXCR2,CHEMBL5349603,CHEMBL5346926
CHEMBL5440411,CCCCCCSc1nc(N[C@H](C)CO)c2nn[nH]c2n1,4.96,Antagonist activity at CXCR2 in human CD4 cells by fluorescence based calcium mobilization assay,CXCR2,CHEMBL5349603,CHEMBL5346926
CHEMBL5409816,CC(C)CCCCSc1nc(N[C@H](C)CO)c2nn[nH]c2n1,4.91,Antagonist activity at CXCR2 in human CD4 cells by fluorescence based calcium mobilization assay,CXCR2,CHEMBL5349603,CHEMBL5346926
CHEMBL5409489,CCCC(C)CSc1nc(N[C@H](C)CO)c2nn[nH]c2n1,5.59,Antagonist activity at CXCR2 in human CD4 cells by fluorescence based calcium mobilization assay,CXCR2,CHEMBL5349603,CHEMBL5346926
CHEMBL5404366,C[C@H](CO)Nc1nc(SCC2CCC2)nc2[nH]nnc12,5.38,Antagonist activity at CXCR2 in human CD4 cells by fluorescence based calcium mobilization assay,CXCR2,CHEMBL5349603,CHEMBL5346926
CHEMBL5411165,C[C@H](CO)Nc1nc(SCC2CCCC2)nc2[nH]nnc12,5.62,Antagonist activity at CXCR2 in human CD4 cells by fluorescence based calcium mobilization assay,CXCR2,CHEMBL5349603,CHEMBL5346926
CHEMBL5434552,C[C@H](CO)Nc1nc(SCC2CCCCC2)nc2[nH]nnc12,5.79,Antagonist activity at CXCR2 in human CD4 cells by fluorescence based calcium mobilization assay,CXCR2,CHEMBL5349603,CHEMBL5346926
CHEMBL5394402,C[C@H](CO)Nc1nc(SCCC2CCCCC2)nc2[nH]nnc12,5.28,Antagonist activity at CXCR2 in human CD4 cells by fluorescence based calcium mobilization assay,CXCR2,CHEMBL5349603,CHEMBL5346926
CHEMBL5427907,C[C@H](CO)Nc1nc(SCCc2ccccc2)nc2[nH]nnc12,5.32,Antagonist activity at CXCR2 in human CD4 cells by fluorescence based calcium mobilization assay,CXCR2,CHEMBL5349603,CHEMBL5346926
CHEMBL216981,CC[C@@H](Nc1c(Nc2cccc(C(=O)N(C)C)c2O)c(=O)c1=O)c1ccc(C)o1,8.54,Inhibition of CXCR2 (unknown origin) expressed in HEK293 coexpressing snap-CXCR2-LGBit and beta-arrestin2-SMBit using furimazine as substrate preincubated for 1 hr followed by substrate addition and measured after 5 mins by bioluminescence based NanoBiT assay,CXCR2,CHEMBL5366003,CHEMBL5365415
CHEMBL5404638,CC[C@@H](Nc1c(Nc2cccc(C(=O)NCCNC(=O)OC(C)(C)C)c2O)c(=O)c1=O)c1ccc(C)o1,7.54,Inhibition of CXCR2 (unknown origin) expressed in HEK293 coexpressing snap-CXCR2-LGBit and beta-arrestin2-SMBit using furimazine as substrate preincubated for 1 hr followed by substrate addition and measured after 5 mins by bioluminescence based NanoBiT assay,CXCR2,CHEMBL5366003,CHEMBL5365415
CHEMBL5421394,CC[C@@H](Nc1c(Nc2cccc(C(=O)N(C)CCNC(=O)OC(C)(C)C)c2O)c(=O)c1=O)c1ccc(C)o1,7.93,Inhibition of CXCR2 (unknown origin) expressed in HEK293 coexpressing snap-CXCR2-LGBit and beta-arrestin2-SMBit using furimazine as substrate preincubated for 1 hr followed by substrate addition and measured after 5 mins by bioluminescence based NanoBiT assay,CXCR2,CHEMBL5366003,CHEMBL5365415
CHEMBL5423846,CC[C@@H](Nc1c(Nc2cccc(C(=O)NCCNC(=O)OCC3c4ccccc4-c4ccccc43)c2O)c(=O)c1=O)c1ccc(C)o1,6.67,Inhibition of CXCR2 (unknown origin) expressed in HEK293 coexpressing snap-CXCR2-LGBit and beta-arrestin2-SMBit using furimazine as substrate preincubated for 1 hr followed by substrate addition and measured after 5 mins by bioluminescence based NanoBiT assay,CXCR2,CHEMBL5366003,CHEMBL5365415
CHEMBL5398802,CC[C@@H](Nc1c(Nc2cccc(C(=O)NCCNC(=O)CNC(=O)OCC3c4ccccc4-c4ccccc43)c2O)c(=O)c1=O)c1ccc(C)o1,5.95,Inhibition of CXCR2 (unknown origin) expressed in HEK293 coexpressing snap-CXCR2-LGBit and beta-arrestin2-SMBit using furimazine as substrate preincubated for 1 hr followed by substrate addition and measured after 5 mins by bioluminescence based NanoBiT assay,CXCR2,CHEMBL5366003,CHEMBL5365415
CHEMBL239767,O=C(Nc1ccc([N+](=O)[O-])cc1O)Nc1ccccc1Br,7.66,Displacement of 125I-IL-8 from CXCR2 (unknown origin) expressed in CHO cell membrane incubated for 1 hr by liquid scintillation counter analysis,CXCR2,CHEMBL5387948,CHEMBL5385884
CHEMBL38182,N#Cc1ccc(NC(=O)Nc2ccccc2Br)c2nn[nH]c12,6.55,Antagonist activity at CXCR2 (unknown origin),CXCR2,CHEMBL5387949,CHEMBL5385884
CHEMBL3342269,O=C(Nc1ccc(F)cc1)c1ccc(SCc2ccccc2B(O)O)nc1,7.42,Antagonist activity at CXCR2 (unknown origin),CXCR2,CHEMBL5387949,CHEMBL5385884
CHEMBL4297480,O=C(Nc1ccc(F)cc1)c1cnc(SCc2cc(OC(F)(F)F)ccc2B(O)O)nc1,7.66,Antagonist activity at CXCR2 (unknown origin),CXCR2,CHEMBL5387949,CHEMBL5385884
CHEMBL189475,C[C@@H](C(=O)NS(C)(=O)=O)c1ccc(OS(=O)(=O)C(F)(F)F)cc1,9.15,Antagonist activity at CXCR2 (unknown origin),CXCR2,CHEMBL5387949,CHEMBL5385884
CHEMBL446458,C[C@H](CO)Nc1nc(SCc2cccc(F)c2F)nc2[nH]c(=O)sc12,9.0,Antagonist activity at CXCR2 (unknown origin),CXCR2,CHEMBL5387949,CHEMBL5385884
CHEMBL5095217,CC1CN(S(=O)(=O)Nc2cc(O[C@H](C)[C@@H](O)CO)nc(SCc3ccc(F)cc3)n2)C1,8.4,Antagonist activity at CXCR2 (unknown origin),CXCR2,CHEMBL5387949,CHEMBL5385884
CHEMBL4562140,C[C@@H](Oc1cc(NS(=O)(=O)N2CCC2)nc(SCc2cccc(F)c2F)n1)[C@@H](O)CO,8.49,Antagonist activity at CXCR2 (unknown origin),CXCR2,CHEMBL5387949,CHEMBL5385884
CHEMBL3039531,Cc1c(F)cccc1NC(=O)Nc1ccc(Cl)c(S(=O)(=O)[C@H]2CCCNC2)c1O,7.9,Displacement of [125I]-CXCL8 from human CXCR2 transfected in CHO-K1 cell membrane incubated for 45 mins by scintillation proximity binding assay,CXCR2,CHEMBL5387950,CHEMBL5385884
CHEMBL191413,CC(C)Cc1ccc([C@@H](C)C(=O)NS(C)(=O)=O)cc1,7.0,Displacement of 125I-IL-8 from CXCR2 (unknown origin),CXCR2,CHEMBL5387951,CHEMBL5385884
CHEMBL5405836,COc1cc(NS(=O)(=O)c2cccc3nsnc23)c2ncccc2c1,6.44,Antagonist activity at CXCL8-activated CXCR2 (unknown origin) overexpressed in human U2OS cells preincubated for 30 mins followed by CXCL8 addition measured after 5 hrs by beta-lactamase reporter gene assay,CXCR2,CHEMBL5387955,CHEMBL5385884
CHEMBL1417864,CC(=O)c1c(C)oc2c1cc(NS(=O)(=O)c1ccc(C(C)(C)C)cc1)c1ccccc12,5.12,Antagonist activity at CXCL8-activated CXCR2 (unknown origin) overexpressed in human U2OS cells preincubated for 30 mins followed by CXCL8 addition measured after 5 hrs by beta-lactamase reporter gene assay,CXCR2,CHEMBL5387955,CHEMBL5385884
CHEMBL1445650,COc1cc(NS(=O)(=O)c2ccc(C)cc2)c2ncccc2c1,6.4,Antagonist activity at CXCL8-activated CXCR2 (unknown origin) overexpressed in human U2OS cells preincubated for 30 mins followed by CXCL8 addition measured after 5 hrs by beta-lactamase reporter gene assay,CXCR2,CHEMBL5387955,CHEMBL5385884
CHEMBL5979255,CNC(=O)c1cccc(NC2C(=O)C(=O)C2NC(c2ccc(C)o2)C2(C)CCCO2)c1O,7.28,"In Vitro Affinity Assay: The in vitro affinity of the compounds of the present invention for the CXCR1 and CXCR2 receptors was determined on a functional test of the β-arrestin recruitment after receptor activation type.It was demonstrated that the activation by CXCL8 of the CXCR2 receptor in cells of the PathHunter HEK293-CXCR2 line or of the CXCR1 receptor in cells of the U2OS h CXCR1 β-arrestin line results in the recruitment of β-arrestin (Richardson, R. M., R. J. Marjoram, L. S. Barak, R. Snyderman. 2003. Role of the cytoplasmic tails of CXCR1 and CXCR2 in mediating leukocyte migration, activation, and regulation. J. Immunol. 170: 2904-2911).In order to evaluate the direct interaction of the CXCR2 or CXCR1 receptor with β-arrestin 2, a β-arrestin 2 recruitment test for CXCR2 or CXCR1 based on β-galactosidase enzyme complementation (Olson K R, Eglen R M. Beta galactosidase complementation: a cell-based luminescent assay platform for drug discovery. Assay Drug Dev Technol. 2007 February; 5(1); 137-44), as established by DiscoveRx Corporation was used. The stimulation of these two cell lines with CXCL8 (10 nM) induces β-arrestin 2 recruitment, as indicated by a significant increase in the induction factor. All the CXCR2 antagonists were tested in a dose-dependent manner and the concentration corresponding to 50% inhibition of the response was determined (IC50=half inhibition concentration).",CXCR2,CHEMBL5731469,CHEMBL5725784
CHEMBL5979255,CNC(=O)c1cccc(NC2C(=O)C(=O)C2NC(c2ccc(C)o2)C2(C)CCCO2)c1O,5.0,"In Vitro Affinity Assay: The in vitro affinity of the compounds of the present invention for the CXCR1 and CXCR2 receptors was determined on a functional test of the β-arrestin recruitment after receptor activation type.It was demonstrated that the activation by CXCL8 of the CXCR2 receptor in cells of the PathHunter HEK293-CXCR2 line or of the CXCR1 receptor in cells of the U2OS h CXCR1 β-arrestin line results in the recruitment of β-arrestin (Richardson, R. M., R. J. Marjoram, L. S. Barak, R. Snyderman. 2003. Role of the cytoplasmic tails of CXCR1 and CXCR2 in mediating leukocyte migration, activation, and regulation. J. Immunol. 170: 2904-2911).In order to evaluate the direct interaction of the CXCR2 or CXCR1 receptor with β-arrestin 2, a β-arrestin 2 recruitment test for CXCR2 or CXCR1 based on β-galactosidase enzyme complementation (Olson K R, Eglen R M. Beta galactosidase complementation: a cell-based luminescent assay platform for drug discovery. Assay Drug Dev Technol. 2007 February; 5(1); 137-44), as established by DiscoveRx Corporation was used. The stimulation of these two cell lines with CXCL8 (10 nM) induces β-arrestin 2 recruitment, as indicated by a significant increase in the induction factor. All the CXCR2 antagonists were tested in a dose-dependent manner and the concentration corresponding to 50% inhibition of the response was determined (IC50=half inhibition concentration).",CXCR2,CHEMBL5731469,CHEMBL5725784
CHEMBL5979255,CNC(=O)c1cccc(NC2C(=O)C(=O)C2NC(c2ccc(C)o2)C2(C)CCCO2)c1O,5.0,"In Vitro Affinity Assay: The in vitro affinity of the compounds of the present invention for the CXCR1 and CXCR2 receptors was determined on a functional test of the β-arrestin recruitment after receptor activation type.It was demonstrated that the activation by CXCL8 of the CXCR2 receptor in cells of the PathHunter HEK293-CXCR2 line or of the CXCR1 receptor in cells of the U2OS h CXCR1 β-arrestin line results in the recruitment of β-arrestin (Richardson, R. M., R. J. Marjoram, L. S. Barak, R. Snyderman. 2003. Role of the cytoplasmic tails of CXCR1 and CXCR2 in mediating leukocyte migration, activation, and regulation. J. Immunol. 170: 2904-2911).In order to evaluate the direct interaction of the CXCR2 or CXCR1 receptor with β-arrestin 2, a β-arrestin 2 recruitment test for CXCR2 or CXCR1 based on β-galactosidase enzyme complementation (Olson K R, Eglen R M. Beta galactosidase complementation: a cell-based luminescent assay platform for drug discovery. Assay Drug Dev Technol. 2007 February; 5(1); 137-44), as established by DiscoveRx Corporation was used. The stimulation of these two cell lines with CXCL8 (10 nM) induces β-arrestin 2 recruitment, as indicated by a significant increase in the induction factor. All the CXCR2 antagonists were tested in a dose-dependent manner and the concentration corresponding to 50% inhibition of the response was determined (IC50=half inhibition concentration).",CXCR2,CHEMBL5731469,CHEMBL5725784
CHEMBL5979255,CNC(=O)c1cccc(NC2C(=O)C(=O)C2NC(c2ccc(C)o2)C2(C)CCCO2)c1O,5.0,"In Vitro Affinity Assay: The in vitro affinity of the compounds of the present invention for the CXCR1 and CXCR2 receptors was determined on a functional test of the β-arrestin recruitment after receptor activation type.It was demonstrated that the activation by CXCL8 of the CXCR2 receptor in cells of the PathHunter HEK293-CXCR2 line or of the CXCR1 receptor in cells of the U2OS h CXCR1 β-arrestin line results in the recruitment of β-arrestin (Richardson, R. M., R. J. Marjoram, L. S. Barak, R. Snyderman. 2003. Role of the cytoplasmic tails of CXCR1 and CXCR2 in mediating leukocyte migration, activation, and regulation. J. Immunol. 170: 2904-2911).In order to evaluate the direct interaction of the CXCR2 or CXCR1 receptor with β-arrestin 2, a β-arrestin 2 recruitment test for CXCR2 or CXCR1 based on β-galactosidase enzyme complementation (Olson K R, Eglen R M. Beta galactosidase complementation: a cell-based luminescent assay platform for drug discovery. Assay Drug Dev Technol. 2007 February; 5(1); 137-44), as established by DiscoveRx Corporation was used. The stimulation of these two cell lines with CXCL8 (10 nM) induces β-arrestin 2 recruitment, as indicated by a significant increase in the induction factor. All the CXCR2 antagonists were tested in a dose-dependent manner and the concentration corresponding to 50% inhibition of the response was determined (IC50=half inhibition concentration).",CXCR2,CHEMBL5731469,CHEMBL5725784
CHEMBL3951994,Cc1ccc(C(Nc2c(Nc3cccc(C(=O)N(C)C)c3O)c(=O)c2=O)C2CCCS2)o1,7.82,"In Vitro Affinity Assay: The in vitro affinity of the compounds of the present invention for the CXCR1 and CXCR2 receptors was determined on a functional test of the β-arrestin recruitment after receptor activation type.It was demonstrated that the activation by CXCL8 of the CXCR2 receptor in cells of the PathHunter HEK293-CXCR2 line or of the CXCR1 receptor in cells of the U2OS h CXCR1 β-arrestin line results in the recruitment of β-arrestin (Richardson, R. M., R. J. Marjoram, L. S. Barak, R. Snyderman. 2003. Role of the cytoplasmic tails of CXCR1 and CXCR2 in mediating leukocyte migration, activation, and regulation. J. Immunol. 170: 2904-2911).In order to evaluate the direct interaction of the CXCR2 or CXCR1 receptor with β-arrestin 2, a β-arrestin 2 recruitment test for CXCR2 or CXCR1 based on β-galactosidase enzyme complementation (Olson K R, Eglen R M. Beta galactosidase complementation: a cell-based luminescent assay platform for drug discovery. Assay Drug Dev Technol. 2007 February; 5(1); 137-44), as established by DiscoveRx Corporation was used. The stimulation of these two cell lines with CXCL8 (10 nM) induces β-arrestin 2 recruitment, as indicated by a significant increase in the induction factor. All the CXCR2 antagonists were tested in a dose-dependent manner and the concentration corresponding to 50% inhibition of the response was determined (IC50=half inhibition concentration).",CXCR2,CHEMBL5731469,CHEMBL5725784
CHEMBL3951994,Cc1ccc(C(Nc2c(Nc3cccc(C(=O)N(C)C)c3O)c(=O)c2=O)C2CCCS2)o1,6.56,"In Vitro Affinity Assay: The in vitro affinity of the compounds of the present invention for the CXCR1 and CXCR2 receptors was determined on a functional test of the β-arrestin recruitment after receptor activation type.It was demonstrated that the activation by CXCL8 of the CXCR2 receptor in cells of the PathHunter HEK293-CXCR2 line or of the CXCR1 receptor in cells of the U2OS h CXCR1 β-arrestin line results in the recruitment of β-arrestin (Richardson, R. M., R. J. Marjoram, L. S. Barak, R. Snyderman. 2003. Role of the cytoplasmic tails of CXCR1 and CXCR2 in mediating leukocyte migration, activation, and regulation. J. Immunol. 170: 2904-2911).In order to evaluate the direct interaction of the CXCR2 or CXCR1 receptor with β-arrestin 2, a β-arrestin 2 recruitment test for CXCR2 or CXCR1 based on β-galactosidase enzyme complementation (Olson K R, Eglen R M. Beta galactosidase complementation: a cell-based luminescent assay platform for drug discovery. Assay Drug Dev Technol. 2007 February; 5(1); 137-44), as established by DiscoveRx Corporation was used. The stimulation of these two cell lines with CXCL8 (10 nM) induces β-arrestin 2 recruitment, as indicated by a significant increase in the induction factor. All the CXCR2 antagonists were tested in a dose-dependent manner and the concentration corresponding to 50% inhibition of the response was determined (IC50=half inhibition concentration).",CXCR2,CHEMBL5731469,CHEMBL5725784
CHEMBL3951994,Cc1ccc(C(Nc2c(Nc3cccc(C(=O)N(C)C)c3O)c(=O)c2=O)C2CCCS2)o1,6.56,"In Vitro Affinity Assay: The in vitro affinity of the compounds of the present invention for the CXCR1 and CXCR2 receptors was determined on a functional test of the β-arrestin recruitment after receptor activation type.It was demonstrated that the activation by CXCL8 of the CXCR2 receptor in cells of the PathHunter HEK293-CXCR2 line or of the CXCR1 receptor in cells of the U2OS h CXCR1 β-arrestin line results in the recruitment of β-arrestin (Richardson, R. M., R. J. Marjoram, L. S. Barak, R. Snyderman. 2003. Role of the cytoplasmic tails of CXCR1 and CXCR2 in mediating leukocyte migration, activation, and regulation. J. Immunol. 170: 2904-2911).In order to evaluate the direct interaction of the CXCR2 or CXCR1 receptor with β-arrestin 2, a β-arrestin 2 recruitment test for CXCR2 or CXCR1 based on β-galactosidase enzyme complementation (Olson K R, Eglen R M. Beta galactosidase complementation: a cell-based luminescent assay platform for drug discovery. Assay Drug Dev Technol. 2007 February; 5(1); 137-44), as established by DiscoveRx Corporation was used. The stimulation of these two cell lines with CXCL8 (10 nM) induces β-arrestin 2 recruitment, as indicated by a significant increase in the induction factor. All the CXCR2 antagonists were tested in a dose-dependent manner and the concentration corresponding to 50% inhibition of the response was determined (IC50=half inhibition concentration).",CXCR2,CHEMBL5731469,CHEMBL5725784
CHEMBL3951994,Cc1ccc(C(Nc2c(Nc3cccc(C(=O)N(C)C)c3O)c(=O)c2=O)C2CCCS2)o1,6.56,"In Vitro Affinity Assay: The in vitro affinity of the compounds of the present invention for the CXCR1 and CXCR2 receptors was determined on a functional test of the β-arrestin recruitment after receptor activation type.It was demonstrated that the activation by CXCL8 of the CXCR2 receptor in cells of the PathHunter HEK293-CXCR2 line or of the CXCR1 receptor in cells of the U2OS h CXCR1 β-arrestin line results in the recruitment of β-arrestin (Richardson, R. M., R. J. Marjoram, L. S. Barak, R. Snyderman. 2003. Role of the cytoplasmic tails of CXCR1 and CXCR2 in mediating leukocyte migration, activation, and regulation. J. Immunol. 170: 2904-2911).In order to evaluate the direct interaction of the CXCR2 or CXCR1 receptor with β-arrestin 2, a β-arrestin 2 recruitment test for CXCR2 or CXCR1 based on β-galactosidase enzyme complementation (Olson K R, Eglen R M. Beta galactosidase complementation: a cell-based luminescent assay platform for drug discovery. Assay Drug Dev Technol. 2007 February; 5(1); 137-44), as established by DiscoveRx Corporation was used. The stimulation of these two cell lines with CXCL8 (10 nM) induces β-arrestin 2 recruitment, as indicated by a significant increase in the induction factor. All the CXCR2 antagonists were tested in a dose-dependent manner and the concentration corresponding to 50% inhibition of the response was determined (IC50=half inhibition concentration).",CXCR2,CHEMBL5731469,CHEMBL5725784
CHEMBL3951994,Cc1ccc(C(Nc2c(Nc3cccc(C(=O)N(C)C)c3O)c(=O)c2=O)C2CCCS2)o1,6.56,"In Vitro Affinity Assay: The in vitro affinity of the compounds of the present invention for the CXCR1 and CXCR2 receptors was determined on a functional test of the β-arrestin recruitment after receptor activation type.It was demonstrated that the activation by CXCL8 of the CXCR2 receptor in cells of the PathHunter HEK293-CXCR2 line or of the CXCR1 receptor in cells of the U2OS h CXCR1 β-arrestin line results in the recruitment of β-arrestin (Richardson, R. M., R. J. Marjoram, L. S. Barak, R. Snyderman. 2003. Role of the cytoplasmic tails of CXCR1 and CXCR2 in mediating leukocyte migration, activation, and regulation. J. Immunol. 170: 2904-2911).In order to evaluate the direct interaction of the CXCR2 or CXCR1 receptor with β-arrestin 2, a β-arrestin 2 recruitment test for CXCR2 or CXCR1 based on β-galactosidase enzyme complementation (Olson K R, Eglen R M. Beta galactosidase complementation: a cell-based luminescent assay platform for drug discovery. Assay Drug Dev Technol. 2007 February; 5(1); 137-44), as established by DiscoveRx Corporation was used. The stimulation of these two cell lines with CXCL8 (10 nM) induces β-arrestin 2 recruitment, as indicated by a significant increase in the induction factor. All the CXCR2 antagonists were tested in a dose-dependent manner and the concentration corresponding to 50% inhibition of the response was determined (IC50=half inhibition concentration).",CXCR2,CHEMBL5731469,CHEMBL5725784
CHEMBL3951994,Cc1ccc(C(Nc2c(Nc3cccc(C(=O)N(C)C)c3O)c(=O)c2=O)C2CCCS2)o1,6.56,"In Vitro Affinity Assay: The in vitro affinity of the compounds of the present invention for the CXCR1 and CXCR2 receptors was determined on a functional test of the β-arrestin recruitment after receptor activation type.It was demonstrated that the activation by CXCL8 of the CXCR2 receptor in cells of the PathHunter HEK293-CXCR2 line or of the CXCR1 receptor in cells of the U2OS h CXCR1 β-arrestin line results in the recruitment of β-arrestin (Richardson, R. M., R. J. Marjoram, L. S. Barak, R. Snyderman. 2003. Role of the cytoplasmic tails of CXCR1 and CXCR2 in mediating leukocyte migration, activation, and regulation. J. Immunol. 170: 2904-2911).In order to evaluate the direct interaction of the CXCR2 or CXCR1 receptor with β-arrestin 2, a β-arrestin 2 recruitment test for CXCR2 or CXCR1 based on β-galactosidase enzyme complementation (Olson K R, Eglen R M. Beta galactosidase complementation: a cell-based luminescent assay platform for drug discovery. Assay Drug Dev Technol. 2007 February; 5(1); 137-44), as established by DiscoveRx Corporation was used. The stimulation of these two cell lines with CXCL8 (10 nM) induces β-arrestin 2 recruitment, as indicated by a significant increase in the induction factor. All the CXCR2 antagonists were tested in a dose-dependent manner and the concentration corresponding to 50% inhibition of the response was determined (IC50=half inhibition concentration).",CXCR2,CHEMBL5731469,CHEMBL5725784
CHEMBL5855681,COC(=O)[C@@H]1CCCN1C(=O)c1cccc(Nc2c(NC(c3ccc(C)o3)[C@@H]3CCCS3)c(=O)c2=O)c1F,6.71,"In Vitro Affinity Assay: The in vitro affinity of the compounds of the present invention for the CXCR1 and CXCR2 receptors was determined on a functional test of the β-arrestin recruitment after receptor activation type.It was demonstrated that the activation by CXCL8 of the CXCR2 receptor in cells of the PathHunter HEK293-CXCR2 line or of the CXCR1 receptor in cells of the U2OS h CXCR1 β-arrestin line results in the recruitment of β-arrestin (Richardson, R. M., R. J. Marjoram, L. S. Barak, R. Snyderman. 2003. Role of the cytoplasmic tails of CXCR1 and CXCR2 in mediating leukocyte migration, activation, and regulation. J. Immunol. 170: 2904-2911).In order to evaluate the direct interaction of the CXCR2 or CXCR1 receptor with β-arrestin 2, a β-arrestin 2 recruitment test for CXCR2 or CXCR1 based on β-galactosidase enzyme complementation (Olson K R, Eglen R M. Beta galactosidase complementation: a cell-based luminescent assay platform for drug discovery. Assay Drug Dev Technol. 2007 February; 5(1); 137-44), as established by DiscoveRx Corporation was used. The stimulation of these two cell lines with CXCL8 (10 nM) induces β-arrestin 2 recruitment, as indicated by a significant increase in the induction factor. All the CXCR2 antagonists were tested in a dose-dependent manner and the concentration corresponding to 50% inhibition of the response was determined (IC50=half inhibition concentration).",CXCR2,CHEMBL5731469,CHEMBL5725784
CHEMBL5855681,COC(=O)[C@@H]1CCCN1C(=O)c1cccc(Nc2c(NC(c3ccc(C)o3)[C@@H]3CCCS3)c(=O)c2=O)c1F,6.01,"In Vitro Affinity Assay: The in vitro affinity of the compounds of the present invention for the CXCR1 and CXCR2 receptors was determined on a functional test of the β-arrestin recruitment after receptor activation type.It was demonstrated that the activation by CXCL8 of the CXCR2 receptor in cells of the PathHunter HEK293-CXCR2 line or of the CXCR1 receptor in cells of the U2OS h CXCR1 β-arrestin line results in the recruitment of β-arrestin (Richardson, R. M., R. J. Marjoram, L. S. Barak, R. Snyderman. 2003. Role of the cytoplasmic tails of CXCR1 and CXCR2 in mediating leukocyte migration, activation, and regulation. J. Immunol. 170: 2904-2911).In order to evaluate the direct interaction of the CXCR2 or CXCR1 receptor with β-arrestin 2, a β-arrestin 2 recruitment test for CXCR2 or CXCR1 based on β-galactosidase enzyme complementation (Olson K R, Eglen R M. Beta galactosidase complementation: a cell-based luminescent assay platform for drug discovery. Assay Drug Dev Technol. 2007 February; 5(1); 137-44), as established by DiscoveRx Corporation was used. The stimulation of these two cell lines with CXCL8 (10 nM) induces β-arrestin 2 recruitment, as indicated by a significant increase in the induction factor. All the CXCR2 antagonists were tested in a dose-dependent manner and the concentration corresponding to 50% inhibition of the response was determined (IC50=half inhibition concentration).",CXCR2,CHEMBL5731469,CHEMBL5725784
CHEMBL5855681,COC(=O)[C@@H]1CCCN1C(=O)c1cccc(Nc2c(NC(c3ccc(C)o3)[C@@H]3CCCS3)c(=O)c2=O)c1F,6.01,"In Vitro Affinity Assay: The in vitro affinity of the compounds of the present invention for the CXCR1 and CXCR2 receptors was determined on a functional test of the β-arrestin recruitment after receptor activation type.It was demonstrated that the activation by CXCL8 of the CXCR2 receptor in cells of the PathHunter HEK293-CXCR2 line or of the CXCR1 receptor in cells of the U2OS h CXCR1 β-arrestin line results in the recruitment of β-arrestin (Richardson, R. M., R. J. Marjoram, L. S. Barak, R. Snyderman. 2003. Role of the cytoplasmic tails of CXCR1 and CXCR2 in mediating leukocyte migration, activation, and regulation. J. Immunol. 170: 2904-2911).In order to evaluate the direct interaction of the CXCR2 or CXCR1 receptor with β-arrestin 2, a β-arrestin 2 recruitment test for CXCR2 or CXCR1 based on β-galactosidase enzyme complementation (Olson K R, Eglen R M. Beta galactosidase complementation: a cell-based luminescent assay platform for drug discovery. Assay Drug Dev Technol. 2007 February; 5(1); 137-44), as established by DiscoveRx Corporation was used. The stimulation of these two cell lines with CXCL8 (10 nM) induces β-arrestin 2 recruitment, as indicated by a significant increase in the induction factor. All the CXCR2 antagonists were tested in a dose-dependent manner and the concentration corresponding to 50% inhibition of the response was determined (IC50=half inhibition concentration).",CXCR2,CHEMBL5731469,CHEMBL5725784
CHEMBL3976863,Cc1ccc(C(Nc2c(Nc3cccc(C(=O)N4CCC[C@H]4C(=O)OC(C)C)c3F)c(=O)c2=O)C2CCCS2)o1,6.96,"In Vitro Affinity Assay: The in vitro affinity of the compounds of the present invention for the CXCR1 and CXCR2 receptors was determined on a functional test of the β-arrestin recruitment after receptor activation type.It was demonstrated that the activation by CXCL8 of the CXCR2 receptor in cells of the PathHunter HEK293-CXCR2 line or of the CXCR1 receptor in cells of the U2OS h CXCR1 β-arrestin line results in the recruitment of β-arrestin (Richardson, R. M., R. J. Marjoram, L. S. Barak, R. Snyderman. 2003. Role of the cytoplasmic tails of CXCR1 and CXCR2 in mediating leukocyte migration, activation, and regulation. J. Immunol. 170: 2904-2911).In order to evaluate the direct interaction of the CXCR2 or CXCR1 receptor with β-arrestin 2, a β-arrestin 2 recruitment test for CXCR2 or CXCR1 based on β-galactosidase enzyme complementation (Olson K R, Eglen R M. Beta galactosidase complementation: a cell-based luminescent assay platform for drug discovery. Assay Drug Dev Technol. 2007 February; 5(1); 137-44), as established by DiscoveRx Corporation was used. The stimulation of these two cell lines with CXCL8 (10 nM) induces β-arrestin 2 recruitment, as indicated by a significant increase in the induction factor. All the CXCR2 antagonists were tested in a dose-dependent manner and the concentration corresponding to 50% inhibition of the response was determined (IC50=half inhibition concentration).",CXCR2,CHEMBL5731469,CHEMBL5725784
CHEMBL3906175,CCOC(=O)[C@@H]1CCCN1C(=O)c1cccc(Nc2c(NC(c3ccc(C)o3)C3CCCS3)c(=O)c2=O)c1F,6.97,"In Vitro Affinity Assay: The in vitro affinity of the compounds of the present invention for the CXCR1 and CXCR2 receptors was determined on a functional test of the β-arrestin recruitment after receptor activation type.It was demonstrated that the activation by CXCL8 of the CXCR2 receptor in cells of the PathHunter HEK293-CXCR2 line or of the CXCR1 receptor in cells of the U2OS h CXCR1 β-arrestin line results in the recruitment of β-arrestin (Richardson, R. M., R. J. Marjoram, L. S. Barak, R. Snyderman. 2003. Role of the cytoplasmic tails of CXCR1 and CXCR2 in mediating leukocyte migration, activation, and regulation. J. Immunol. 170: 2904-2911).In order to evaluate the direct interaction of the CXCR2 or CXCR1 receptor with β-arrestin 2, a β-arrestin 2 recruitment test for CXCR2 or CXCR1 based on β-galactosidase enzyme complementation (Olson K R, Eglen R M. Beta galactosidase complementation: a cell-based luminescent assay platform for drug discovery. Assay Drug Dev Technol. 2007 February; 5(1); 137-44), as established by DiscoveRx Corporation was used. The stimulation of these two cell lines with CXCL8 (10 nM) induces β-arrestin 2 recruitment, as indicated by a significant increase in the induction factor. All the CXCR2 antagonists were tested in a dose-dependent manner and the concentration corresponding to 50% inhibition of the response was determined (IC50=half inhibition concentration).",CXCR2,CHEMBL5731469,CHEMBL5725784
CHEMBL3901913,COC(=O)[C@H]1CCCN1C(=O)c1cccc(Nc2c(NC(c3ccc(C)o3)C3CCCS3)c(=O)c2=O)c1O,7.52,"In Vitro Affinity Assay: The in vitro affinity of the compounds of the present invention for the CXCR1 and CXCR2 receptors was determined on a functional test of the β-arrestin recruitment after receptor activation type.It was demonstrated that the activation by CXCL8 of the CXCR2 receptor in cells of the PathHunter HEK293-CXCR2 line or of the CXCR1 receptor in cells of the U2OS h CXCR1 β-arrestin line results in the recruitment of β-arrestin (Richardson, R. M., R. J. Marjoram, L. S. Barak, R. Snyderman. 2003. Role of the cytoplasmic tails of CXCR1 and CXCR2 in mediating leukocyte migration, activation, and regulation. J. Immunol. 170: 2904-2911).In order to evaluate the direct interaction of the CXCR2 or CXCR1 receptor with β-arrestin 2, a β-arrestin 2 recruitment test for CXCR2 or CXCR1 based on β-galactosidase enzyme complementation (Olson K R, Eglen R M. Beta galactosidase complementation: a cell-based luminescent assay platform for drug discovery. Assay Drug Dev Technol. 2007 February; 5(1); 137-44), as established by DiscoveRx Corporation was used. The stimulation of these two cell lines with CXCL8 (10 nM) induces β-arrestin 2 recruitment, as indicated by a significant increase in the induction factor. All the CXCR2 antagonists were tested in a dose-dependent manner and the concentration corresponding to 50% inhibition of the response was determined (IC50=half inhibition concentration).",CXCR2,CHEMBL5731469,CHEMBL5725784
CHEMBL3901913,COC(=O)[C@H]1CCCN1C(=O)c1cccc(Nc2c(NC(c3ccc(C)o3)C3CCCS3)c(=O)c2=O)c1O,7.43,"In Vitro Affinity Assay: The in vitro affinity of the compounds of the present invention for the CXCR1 and CXCR2 receptors was determined on a functional test of the β-arrestin recruitment after receptor activation type.It was demonstrated that the activation by CXCL8 of the CXCR2 receptor in cells of the PathHunter HEK293-CXCR2 line or of the CXCR1 receptor in cells of the U2OS h CXCR1 β-arrestin line results in the recruitment of β-arrestin (Richardson, R. M., R. J. Marjoram, L. S. Barak, R. Snyderman. 2003. Role of the cytoplasmic tails of CXCR1 and CXCR2 in mediating leukocyte migration, activation, and regulation. J. Immunol. 170: 2904-2911).In order to evaluate the direct interaction of the CXCR2 or CXCR1 receptor with β-arrestin 2, a β-arrestin 2 recruitment test for CXCR2 or CXCR1 based on β-galactosidase enzyme complementation (Olson K R, Eglen R M. Beta galactosidase complementation: a cell-based luminescent assay platform for drug discovery. Assay Drug Dev Technol. 2007 February; 5(1); 137-44), as established by DiscoveRx Corporation was used. The stimulation of these two cell lines with CXCL8 (10 nM) induces β-arrestin 2 recruitment, as indicated by a significant increase in the induction factor. All the CXCR2 antagonists were tested in a dose-dependent manner and the concentration corresponding to 50% inhibition of the response was determined (IC50=half inhibition concentration).",CXCR2,CHEMBL5731469,CHEMBL5725784
CHEMBL3901913,COC(=O)[C@H]1CCCN1C(=O)c1cccc(Nc2c(NC(c3ccc(C)o3)C3CCCS3)c(=O)c2=O)c1O,7.07,"In Vitro Affinity Assay: The in vitro affinity of the compounds of the present invention for the CXCR1 and CXCR2 receptors was determined on a functional test of the β-arrestin recruitment after receptor activation type.It was demonstrated that the activation by CXCL8 of the CXCR2 receptor in cells of the PathHunter HEK293-CXCR2 line or of the CXCR1 receptor in cells of the U2OS h CXCR1 β-arrestin line results in the recruitment of β-arrestin (Richardson, R. M., R. J. Marjoram, L. S. Barak, R. Snyderman. 2003. Role of the cytoplasmic tails of CXCR1 and CXCR2 in mediating leukocyte migration, activation, and regulation. J. Immunol. 170: 2904-2911).In order to evaluate the direct interaction of the CXCR2 or CXCR1 receptor with β-arrestin 2, a β-arrestin 2 recruitment test for CXCR2 or CXCR1 based on β-galactosidase enzyme complementation (Olson K R, Eglen R M. Beta galactosidase complementation: a cell-based luminescent assay platform for drug discovery. Assay Drug Dev Technol. 2007 February; 5(1); 137-44), as established by DiscoveRx Corporation was used. The stimulation of these two cell lines with CXCL8 (10 nM) induces β-arrestin 2 recruitment, as indicated by a significant increase in the induction factor. All the CXCR2 antagonists were tested in a dose-dependent manner and the concentration corresponding to 50% inhibition of the response was determined (IC50=half inhibition concentration).",CXCR2,CHEMBL5731469,CHEMBL5725784
CHEMBL5868116,Cc1ccc(C(Nc2c(Nc3cccc(C(=O)N(C)CC(F)(F)F)c3O)c(=O)c2=O)C2CCCS2)o1,7.33,"In Vitro Affinity Assay: The in vitro affinity of the compounds of the present invention for the CXCR1 and CXCR2 receptors was determined on a functional test of the β-arrestin recruitment after receptor activation type.It was demonstrated that the activation by CXCL8 of the CXCR2 receptor in cells of the PathHunter HEK293-CXCR2 line or of the CXCR1 receptor in cells of the U2OS h CXCR1 β-arrestin line results in the recruitment of β-arrestin (Richardson, R. M., R. J. Marjoram, L. S. Barak, R. Snyderman. 2003. Role of the cytoplasmic tails of CXCR1 and CXCR2 in mediating leukocyte migration, activation, and regulation. J. Immunol. 170: 2904-2911).In order to evaluate the direct interaction of the CXCR2 or CXCR1 receptor with β-arrestin 2, a β-arrestin 2 recruitment test for CXCR2 or CXCR1 based on β-galactosidase enzyme complementation (Olson K R, Eglen R M. Beta galactosidase complementation: a cell-based luminescent assay platform for drug discovery. Assay Drug Dev Technol. 2007 February; 5(1); 137-44), as established by DiscoveRx Corporation was used. The stimulation of these two cell lines with CXCL8 (10 nM) induces β-arrestin 2 recruitment, as indicated by a significant increase in the induction factor. All the CXCR2 antagonists were tested in a dose-dependent manner and the concentration corresponding to 50% inhibition of the response was determined (IC50=half inhibition concentration).",CXCR2,CHEMBL5731469,CHEMBL5725784
CHEMBL5868116,Cc1ccc(C(Nc2c(Nc3cccc(C(=O)N(C)CC(F)(F)F)c3O)c(=O)c2=O)C2CCCS2)o1,6.94,"In Vitro Affinity Assay: The in vitro affinity of the compounds of the present invention for the CXCR1 and CXCR2 receptors was determined on a functional test of the β-arrestin recruitment after receptor activation type.It was demonstrated that the activation by CXCL8 of the CXCR2 receptor in cells of the PathHunter HEK293-CXCR2 line or of the CXCR1 receptor in cells of the U2OS h CXCR1 β-arrestin line results in the recruitment of β-arrestin (Richardson, R. M., R. J. Marjoram, L. S. Barak, R. Snyderman. 2003. Role of the cytoplasmic tails of CXCR1 and CXCR2 in mediating leukocyte migration, activation, and regulation. J. Immunol. 170: 2904-2911).In order to evaluate the direct interaction of the CXCR2 or CXCR1 receptor with β-arrestin 2, a β-arrestin 2 recruitment test for CXCR2 or CXCR1 based on β-galactosidase enzyme complementation (Olson K R, Eglen R M. Beta galactosidase complementation: a cell-based luminescent assay platform for drug discovery. Assay Drug Dev Technol. 2007 February; 5(1); 137-44), as established by DiscoveRx Corporation was used. The stimulation of these two cell lines with CXCL8 (10 nM) induces β-arrestin 2 recruitment, as indicated by a significant increase in the induction factor. All the CXCR2 antagonists were tested in a dose-dependent manner and the concentration corresponding to 50% inhibition of the response was determined (IC50=half inhibition concentration).",CXCR2,CHEMBL5731469,CHEMBL5725784
CHEMBL5941559,COC(=O)CN(C)C(=O)c1cccc(Nc2c(NC(c3ccc(C)o3)C3CCCS3)c(=O)c2=O)c1O,7.1,"In Vitro Affinity Assay: The in vitro affinity of the compounds of the present invention for the CXCR1 and CXCR2 receptors was determined on a functional test of the β-arrestin recruitment after receptor activation type.It was demonstrated that the activation by CXCL8 of the CXCR2 receptor in cells of the PathHunter HEK293-CXCR2 line or of the CXCR1 receptor in cells of the U2OS h CXCR1 β-arrestin line results in the recruitment of β-arrestin (Richardson, R. M., R. J. Marjoram, L. S. Barak, R. Snyderman. 2003. Role of the cytoplasmic tails of CXCR1 and CXCR2 in mediating leukocyte migration, activation, and regulation. J. Immunol. 170: 2904-2911).In order to evaluate the direct interaction of the CXCR2 or CXCR1 receptor with β-arrestin 2, a β-arrestin 2 recruitment test for CXCR2 or CXCR1 based on β-galactosidase enzyme complementation (Olson K R, Eglen R M. Beta galactosidase complementation: a cell-based luminescent assay platform for drug discovery. Assay Drug Dev Technol. 2007 February; 5(1); 137-44), as established by DiscoveRx Corporation was used. The stimulation of these two cell lines with CXCL8 (10 nM) induces β-arrestin 2 recruitment, as indicated by a significant increase in the induction factor. All the CXCR2 antagonists were tested in a dose-dependent manner and the concentration corresponding to 50% inhibition of the response was determined (IC50=half inhibition concentration).",CXCR2,CHEMBL5731469,CHEMBL5725784
CHEMBL5941559,COC(=O)CN(C)C(=O)c1cccc(Nc2c(NC(c3ccc(C)o3)C3CCCS3)c(=O)c2=O)c1O,6.82,"In Vitro Affinity Assay: The in vitro affinity of the compounds of the present invention for the CXCR1 and CXCR2 receptors was determined on a functional test of the β-arrestin recruitment after receptor activation type.It was demonstrated that the activation by CXCL8 of the CXCR2 receptor in cells of the PathHunter HEK293-CXCR2 line or of the CXCR1 receptor in cells of the U2OS h CXCR1 β-arrestin line results in the recruitment of β-arrestin (Richardson, R. M., R. J. Marjoram, L. S. Barak, R. Snyderman. 2003. Role of the cytoplasmic tails of CXCR1 and CXCR2 in mediating leukocyte migration, activation, and regulation. J. Immunol. 170: 2904-2911).In order to evaluate the direct interaction of the CXCR2 or CXCR1 receptor with β-arrestin 2, a β-arrestin 2 recruitment test for CXCR2 or CXCR1 based on β-galactosidase enzyme complementation (Olson K R, Eglen R M. Beta galactosidase complementation: a cell-based luminescent assay platform for drug discovery. Assay Drug Dev Technol. 2007 February; 5(1); 137-44), as established by DiscoveRx Corporation was used. The stimulation of these two cell lines with CXCL8 (10 nM) induces β-arrestin 2 recruitment, as indicated by a significant increase in the induction factor. All the CXCR2 antagonists were tested in a dose-dependent manner and the concentration corresponding to 50% inhibition of the response was determined (IC50=half inhibition concentration).",CXCR2,CHEMBL5731469,CHEMBL5725784
CHEMBL6049426,Cc1ccc(C(Nc2c(Nc3cccc(S(=O)(=O)N(C)C)c3C)c(=O)c2=O)C2CCCS2)o1,7.8,"In Vitro Affinity Assay: The in vitro affinity of the compounds of the present invention for the CXCR1 and CXCR2 receptors was determined on a functional test of the β-arrestin recruitment after receptor activation type.It was demonstrated that the activation by CXCL8 of the CXCR2 receptor in cells of the PathHunter HEK293-CXCR2 line or of the CXCR1 receptor in cells of the U2OS h CXCR1 β-arrestin line results in the recruitment of β-arrestin (Richardson, R. M., R. J. Marjoram, L. S. Barak, R. Snyderman. 2003. Role of the cytoplasmic tails of CXCR1 and CXCR2 in mediating leukocyte migration, activation, and regulation. J. Immunol. 170: 2904-2911).In order to evaluate the direct interaction of the CXCR2 or CXCR1 receptor with β-arrestin 2, a β-arrestin 2 recruitment test for CXCR2 or CXCR1 based on β-galactosidase enzyme complementation (Olson K R, Eglen R M. Beta galactosidase complementation: a cell-based luminescent assay platform for drug discovery. Assay Drug Dev Technol. 2007 February; 5(1); 137-44), as established by DiscoveRx Corporation was used. The stimulation of these two cell lines with CXCL8 (10 nM) induces β-arrestin 2 recruitment, as indicated by a significant increase in the induction factor. All the CXCR2 antagonists were tested in a dose-dependent manner and the concentration corresponding to 50% inhibition of the response was determined (IC50=half inhibition concentration).",CXCR2,CHEMBL5731469,CHEMBL5725784
CHEMBL6049426,Cc1ccc(C(Nc2c(Nc3cccc(S(=O)(=O)N(C)C)c3C)c(=O)c2=O)C2CCCS2)o1,6.57,"In Vitro Affinity Assay: The in vitro affinity of the compounds of the present invention for the CXCR1 and CXCR2 receptors was determined on a functional test of the β-arrestin recruitment after receptor activation type.It was demonstrated that the activation by CXCL8 of the CXCR2 receptor in cells of the PathHunter HEK293-CXCR2 line or of the CXCR1 receptor in cells of the U2OS h CXCR1 β-arrestin line results in the recruitment of β-arrestin (Richardson, R. M., R. J. Marjoram, L. S. Barak, R. Snyderman. 2003. Role of the cytoplasmic tails of CXCR1 and CXCR2 in mediating leukocyte migration, activation, and regulation. J. Immunol. 170: 2904-2911).In order to evaluate the direct interaction of the CXCR2 or CXCR1 receptor with β-arrestin 2, a β-arrestin 2 recruitment test for CXCR2 or CXCR1 based on β-galactosidase enzyme complementation (Olson K R, Eglen R M. Beta galactosidase complementation: a cell-based luminescent assay platform for drug discovery. Assay Drug Dev Technol. 2007 February; 5(1); 137-44), as established by DiscoveRx Corporation was used. The stimulation of these two cell lines with CXCL8 (10 nM) induces β-arrestin 2 recruitment, as indicated by a significant increase in the induction factor. All the CXCR2 antagonists were tested in a dose-dependent manner and the concentration corresponding to 50% inhibition of the response was determined (IC50=half inhibition concentration).",CXCR2,CHEMBL5731469,CHEMBL5725784
CHEMBL4106677,Cc1ccc(C(Nc2c(Nc3cccc(C(=O)N(C)C)c3O)c(=O)c2=O)[C@H]2CCCO2)o1,6.75,"In Vitro Affinity Assay: The in vitro affinity of the compounds of the present invention for the CXCR1 and CXCR2 receptors was determined on a functional test of the β-arrestin recruitment after receptor activation type.It was demonstrated that the activation by CXCL8 of the CXCR2 receptor in cells of the PathHunter HEK293-CXCR2 line or of the CXCR1 receptor in cells of the U2OS h CXCR1 β-arrestin line results in the recruitment of β-arrestin (Richardson, R. M., R. J. Marjoram, L. S. Barak, R. Snyderman. 2003. Role of the cytoplasmic tails of CXCR1 and CXCR2 in mediating leukocyte migration, activation, and regulation. J. Immunol. 170: 2904-2911).In order to evaluate the direct interaction of the CXCR2 or CXCR1 receptor with β-arrestin 2, a β-arrestin 2 recruitment test for CXCR2 or CXCR1 based on β-galactosidase enzyme complementation (Olson K R, Eglen R M. Beta galactosidase complementation: a cell-based luminescent assay platform for drug discovery. Assay Drug Dev Technol. 2007 February; 5(1); 137-44), as established by DiscoveRx Corporation was used. The stimulation of these two cell lines with CXCL8 (10 nM) induces β-arrestin 2 recruitment, as indicated by a significant increase in the induction factor. All the CXCR2 antagonists were tested in a dose-dependent manner and the concentration corresponding to 50% inhibition of the response was determined (IC50=half inhibition concentration).",CXCR2,CHEMBL5731469,CHEMBL5725784
CHEMBL3934321,Cc1ccc(C(Nc2c(Nc3cccc(C(=O)N(C)C)c3O)c(=O)c2=O)[C@@H]2CCCO2)o1,7.08,"In Vitro Affinity Assay: The in vitro affinity of the compounds of the present invention for the CXCR1 and CXCR2 receptors was determined on a functional test of the β-arrestin recruitment after receptor activation type.It was demonstrated that the activation by CXCL8 of the CXCR2 receptor in cells of the PathHunter HEK293-CXCR2 line or of the CXCR1 receptor in cells of the U2OS h CXCR1 β-arrestin line results in the recruitment of β-arrestin (Richardson, R. M., R. J. Marjoram, L. S. Barak, R. Snyderman. 2003. Role of the cytoplasmic tails of CXCR1 and CXCR2 in mediating leukocyte migration, activation, and regulation. J. Immunol. 170: 2904-2911).In order to evaluate the direct interaction of the CXCR2 or CXCR1 receptor with β-arrestin 2, a β-arrestin 2 recruitment test for CXCR2 or CXCR1 based on β-galactosidase enzyme complementation (Olson K R, Eglen R M. Beta galactosidase complementation: a cell-based luminescent assay platform for drug discovery. Assay Drug Dev Technol. 2007 February; 5(1); 137-44), as established by DiscoveRx Corporation was used. The stimulation of these two cell lines with CXCL8 (10 nM) induces β-arrestin 2 recruitment, as indicated by a significant increase in the induction factor. All the CXCR2 antagonists were tested in a dose-dependent manner and the concentration corresponding to 50% inhibition of the response was determined (IC50=half inhibition concentration).",CXCR2,CHEMBL5731469,CHEMBL5725784
CHEMBL3980279,CN(C)C(=O)c1cccc(Nc2c(NC(c3ccccc3)C3CCCO3)c(=O)c2=O)c1O,6.77,"In Vitro Affinity Assay: The in vitro affinity of the compounds of the present invention for the CXCR1 and CXCR2 receptors was determined on a functional test of the β-arrestin recruitment after receptor activation type.It was demonstrated that the activation by CXCL8 of the CXCR2 receptor in cells of the PathHunter HEK293-CXCR2 line or of the CXCR1 receptor in cells of the U2OS h CXCR1 β-arrestin line results in the recruitment of β-arrestin (Richardson, R. M., R. J. Marjoram, L. S. Barak, R. Snyderman. 2003. Role of the cytoplasmic tails of CXCR1 and CXCR2 in mediating leukocyte migration, activation, and regulation. J. Immunol. 170: 2904-2911).In order to evaluate the direct interaction of the CXCR2 or CXCR1 receptor with β-arrestin 2, a β-arrestin 2 recruitment test for CXCR2 or CXCR1 based on β-galactosidase enzyme complementation (Olson K R, Eglen R M. Beta galactosidase complementation: a cell-based luminescent assay platform for drug discovery. Assay Drug Dev Technol. 2007 February; 5(1); 137-44), as established by DiscoveRx Corporation was used. The stimulation of these two cell lines with CXCL8 (10 nM) induces β-arrestin 2 recruitment, as indicated by a significant increase in the induction factor. All the CXCR2 antagonists were tested in a dose-dependent manner and the concentration corresponding to 50% inhibition of the response was determined (IC50=half inhibition concentration).",CXCR2,CHEMBL5731469,CHEMBL5725784
CHEMBL3956663,Cc1ccc(C(Nc2c(Nc3cccc(C(=O)N(C)C)c3O)c(=O)c2=O)[C@@H]2COC(C)(C)O2)o1,5.9,"In Vitro Affinity Assay: The in vitro affinity of the compounds of the present invention for the CXCR1 and CXCR2 receptors was determined on a functional test of the β-arrestin recruitment after receptor activation type.It was demonstrated that the activation by CXCL8 of the CXCR2 receptor in cells of the PathHunter HEK293-CXCR2 line or of the CXCR1 receptor in cells of the U2OS h CXCR1 β-arrestin line results in the recruitment of β-arrestin (Richardson, R. M., R. J. Marjoram, L. S. Barak, R. Snyderman. 2003. Role of the cytoplasmic tails of CXCR1 and CXCR2 in mediating leukocyte migration, activation, and regulation. J. Immunol. 170: 2904-2911).In order to evaluate the direct interaction of the CXCR2 or CXCR1 receptor with β-arrestin 2, a β-arrestin 2 recruitment test for CXCR2 or CXCR1 based on β-galactosidase enzyme complementation (Olson K R, Eglen R M. Beta galactosidase complementation: a cell-based luminescent assay platform for drug discovery. Assay Drug Dev Technol. 2007 February; 5(1); 137-44), as established by DiscoveRx Corporation was used. The stimulation of these two cell lines with CXCL8 (10 nM) induces β-arrestin 2 recruitment, as indicated by a significant increase in the induction factor. All the CXCR2 antagonists were tested in a dose-dependent manner and the concentration corresponding to 50% inhibition of the response was determined (IC50=half inhibition concentration).",CXCR2,CHEMBL5731469,CHEMBL5725784
CHEMBL3956663,Cc1ccc(C(Nc2c(Nc3cccc(C(=O)N(C)C)c3O)c(=O)c2=O)[C@@H]2COC(C)(C)O2)o1,5.0,"In Vitro Affinity Assay: The in vitro affinity of the compounds of the present invention for the CXCR1 and CXCR2 receptors was determined on a functional test of the β-arrestin recruitment after receptor activation type.It was demonstrated that the activation by CXCL8 of the CXCR2 receptor in cells of the PathHunter HEK293-CXCR2 line or of the CXCR1 receptor in cells of the U2OS h CXCR1 β-arrestin line results in the recruitment of β-arrestin (Richardson, R. M., R. J. Marjoram, L. S. Barak, R. Snyderman. 2003. Role of the cytoplasmic tails of CXCR1 and CXCR2 in mediating leukocyte migration, activation, and regulation. J. Immunol. 170: 2904-2911).In order to evaluate the direct interaction of the CXCR2 or CXCR1 receptor with β-arrestin 2, a β-arrestin 2 recruitment test for CXCR2 or CXCR1 based on β-galactosidase enzyme complementation (Olson K R, Eglen R M. Beta galactosidase complementation: a cell-based luminescent assay platform for drug discovery. Assay Drug Dev Technol. 2007 February; 5(1); 137-44), as established by DiscoveRx Corporation was used. The stimulation of these two cell lines with CXCL8 (10 nM) induces β-arrestin 2 recruitment, as indicated by a significant increase in the induction factor. All the CXCR2 antagonists were tested in a dose-dependent manner and the concentration corresponding to 50% inhibition of the response was determined (IC50=half inhibition concentration).",CXCR2,CHEMBL5731469,CHEMBL5725784
CHEMBL3963336,COC(=O)[C@@H]1CCCN1C(=O)c1cccc(Nc2c(NC(c3ccc(C)o3)C3CCCS3)c(=O)c2=O)c1F,6.53,"In Vitro Affinity Assay: The in vitro affinity of the compounds of the present invention for the CXCR1 and CXCR2 receptors was determined on a functional test of the β-arrestin recruitment after receptor activation type.It was demonstrated that the activation by CXCL8 of the CXCR2 receptor in cells of the PathHunter HEK293-CXCR2 line or of the CXCR1 receptor in cells of the U2OS h CXCR1 β-arrestin line results in the recruitment of β-arrestin (Richardson, R. M., R. J. Marjoram, L. S. Barak, R. Snyderman. 2003. Role of the cytoplasmic tails of CXCR1 and CXCR2 in mediating leukocyte migration, activation, and regulation. J. Immunol. 170: 2904-2911).In order to evaluate the direct interaction of the CXCR2 or CXCR1 receptor with β-arrestin 2, a β-arrestin 2 recruitment test for CXCR2 or CXCR1 based on β-galactosidase enzyme complementation (Olson K R, Eglen R M. Beta galactosidase complementation: a cell-based luminescent assay platform for drug discovery. Assay Drug Dev Technol. 2007 February; 5(1); 137-44), as established by DiscoveRx Corporation was used. The stimulation of these two cell lines with CXCL8 (10 nM) induces β-arrestin 2 recruitment, as indicated by a significant increase in the induction factor. All the CXCR2 antagonists were tested in a dose-dependent manner and the concentration corresponding to 50% inhibition of the response was determined (IC50=half inhibition concentration).",CXCR2,CHEMBL5731469,CHEMBL5725784
CHEMBL3947915,Cc1ccc(C(Nc2c(Nc3cccnc3O)c(=O)c2=O)C2CCCS2)o1,7.64,"In Vitro Affinity Assay: The in vitro affinity of the compounds of the present invention for the CXCR1 and CXCR2 receptors was determined on a functional test of the β-arrestin recruitment after receptor activation type.It was demonstrated that the activation by CXCL8 of the CXCR2 receptor in cells of the PathHunter HEK293-CXCR2 line or of the CXCR1 receptor in cells of the U2OS h CXCR1 β-arrestin line results in the recruitment of β-arrestin (Richardson, R. M., R. J. Marjoram, L. S. Barak, R. Snyderman. 2003. Role of the cytoplasmic tails of CXCR1 and CXCR2 in mediating leukocyte migration, activation, and regulation. J. Immunol. 170: 2904-2911).In order to evaluate the direct interaction of the CXCR2 or CXCR1 receptor with β-arrestin 2, a β-arrestin 2 recruitment test for CXCR2 or CXCR1 based on β-galactosidase enzyme complementation (Olson K R, Eglen R M. Beta galactosidase complementation: a cell-based luminescent assay platform for drug discovery. Assay Drug Dev Technol. 2007 February; 5(1); 137-44), as established by DiscoveRx Corporation was used. The stimulation of these two cell lines with CXCL8 (10 nM) induces β-arrestin 2 recruitment, as indicated by a significant increase in the induction factor. All the CXCR2 antagonists were tested in a dose-dependent manner and the concentration corresponding to 50% inhibition of the response was determined (IC50=half inhibition concentration).",CXCR2,CHEMBL5731469,CHEMBL5725784
CHEMBL5920779,Cc1ccc(C(Nc2c(Nc3cccn(C)c3=O)c(=O)c2=O)C2CCCS2)o1,7.36,"In Vitro Affinity Assay: The in vitro affinity of the compounds of the present invention for the CXCR1 and CXCR2 receptors was determined on a functional test of the β-arrestin recruitment after receptor activation type.It was demonstrated that the activation by CXCL8 of the CXCR2 receptor in cells of the PathHunter HEK293-CXCR2 line or of the CXCR1 receptor in cells of the U2OS h CXCR1 β-arrestin line results in the recruitment of β-arrestin (Richardson, R. M., R. J. Marjoram, L. S. Barak, R. Snyderman. 2003. Role of the cytoplasmic tails of CXCR1 and CXCR2 in mediating leukocyte migration, activation, and regulation. J. Immunol. 170: 2904-2911).In order to evaluate the direct interaction of the CXCR2 or CXCR1 receptor with β-arrestin 2, a β-arrestin 2 recruitment test for CXCR2 or CXCR1 based on β-galactosidase enzyme complementation (Olson K R, Eglen R M. Beta galactosidase complementation: a cell-based luminescent assay platform for drug discovery. Assay Drug Dev Technol. 2007 February; 5(1); 137-44), as established by DiscoveRx Corporation was used. The stimulation of these two cell lines with CXCL8 (10 nM) induces β-arrestin 2 recruitment, as indicated by a significant increase in the induction factor. All the CXCR2 antagonists were tested in a dose-dependent manner and the concentration corresponding to 50% inhibition of the response was determined (IC50=half inhibition concentration).",CXCR2,CHEMBL5731469,CHEMBL5725784
CHEMBL3909470,Cc1ccc([C@H](Nc2c(Nc3cccc(C(=O)N(C)CC(F)(F)F)c3O)c(=O)c2=O)C2CCCS2)o1,7.82,"In Vitro Affinity Assay: The in vitro affinity of the compounds of the present invention for the CXCR1 and CXCR2 receptors was determined on a functional test of the β-arrestin recruitment after receptor activation type.It was demonstrated that the activation by CXCL8 of the CXCR2 receptor in cells of the PathHunter HEK293-CXCR2 line or of the CXCR1 receptor in cells of the U2OS h CXCR1 β-arrestin line results in the recruitment of β-arrestin (Richardson, R. M., R. J. Marjoram, L. S. Barak, R. Snyderman. 2003. Role of the cytoplasmic tails of CXCR1 and CXCR2 in mediating leukocyte migration, activation, and regulation. J. Immunol. 170: 2904-2911).In order to evaluate the direct interaction of the CXCR2 or CXCR1 receptor with β-arrestin 2, a β-arrestin 2 recruitment test for CXCR2 or CXCR1 based on β-galactosidase enzyme complementation (Olson K R, Eglen R M. Beta galactosidase complementation: a cell-based luminescent assay platform for drug discovery. Assay Drug Dev Technol. 2007 February; 5(1); 137-44), as established by DiscoveRx Corporation was used. The stimulation of these two cell lines with CXCL8 (10 nM) induces β-arrestin 2 recruitment, as indicated by a significant increase in the induction factor. All the CXCR2 antagonists were tested in a dose-dependent manner and the concentration corresponding to 50% inhibition of the response was determined (IC50=half inhibition concentration).",CXCR2,CHEMBL5731469,CHEMBL5725784
CHEMBL3904195,COC(=O)CN(C)C(=O)c1cccc(Nc2c(N[C@@H](c3ccc(C)o3)C3CCCS3)c(=O)c2=O)c1O,7.7,"In Vitro Affinity Assay: The in vitro affinity of the compounds of the present invention for the CXCR1 and CXCR2 receptors was determined on a functional test of the β-arrestin recruitment after receptor activation type.It was demonstrated that the activation by CXCL8 of the CXCR2 receptor in cells of the PathHunter HEK293-CXCR2 line or of the CXCR1 receptor in cells of the U2OS h CXCR1 β-arrestin line results in the recruitment of β-arrestin (Richardson, R. M., R. J. Marjoram, L. S. Barak, R. Snyderman. 2003. Role of the cytoplasmic tails of CXCR1 and CXCR2 in mediating leukocyte migration, activation, and regulation. J. Immunol. 170: 2904-2911).In order to evaluate the direct interaction of the CXCR2 or CXCR1 receptor with β-arrestin 2, a β-arrestin 2 recruitment test for CXCR2 or CXCR1 based on β-galactosidase enzyme complementation (Olson K R, Eglen R M. Beta galactosidase complementation: a cell-based luminescent assay platform for drug discovery. Assay Drug Dev Technol. 2007 February; 5(1); 137-44), as established by DiscoveRx Corporation was used. The stimulation of these two cell lines with CXCL8 (10 nM) induces β-arrestin 2 recruitment, as indicated by a significant increase in the induction factor. All the CXCR2 antagonists were tested in a dose-dependent manner and the concentration corresponding to 50% inhibition of the response was determined (IC50=half inhibition concentration).",CXCR2,CHEMBL5731469,CHEMBL5725784
CHEMBL3901913,COC(=O)[C@H]1CCCN1C(=O)c1cccc(Nc2c(NC(c3ccc(C)o3)C3CCCS3)c(=O)c2=O)c1O,7.68,"In Vitro Affinity Assay: The in vitro affinity of the compounds of the present invention for the CXCR1 and CXCR2 receptors was determined on a functional test of the β-arrestin recruitment after receptor activation type.It was demonstrated that the activation by CXCL8 of the CXCR2 receptor in cells of the PathHunter HEK293-CXCR2 line or of the CXCR1 receptor in cells of the U2OS h CXCR1 β-arrestin line results in the recruitment of β-arrestin (Richardson, R. M., R. J. Marjoram, L. S. Barak, R. Snyderman. 2003. Role of the cytoplasmic tails of CXCR1 and CXCR2 in mediating leukocyte migration, activation, and regulation. J. Immunol. 170: 2904-2911).In order to evaluate the direct interaction of the CXCR2 or CXCR1 receptor with β-arrestin 2, a β-arrestin 2 recruitment test for CXCR2 or CXCR1 based on β-galactosidase enzyme complementation (Olson K R, Eglen R M. Beta galactosidase complementation: a cell-based luminescent assay platform for drug discovery. Assay Drug Dev Technol. 2007 February; 5(1); 137-44), as established by DiscoveRx Corporation was used. The stimulation of these two cell lines with CXCL8 (10 nM) induces β-arrestin 2 recruitment, as indicated by a significant increase in the induction factor. All the CXCR2 antagonists were tested in a dose-dependent manner and the concentration corresponding to 50% inhibition of the response was determined (IC50=half inhibition concentration).",CXCR2,CHEMBL5731469,CHEMBL5725784
CHEMBL3956601,Cc1ccc(C(Nc2c(Nc3ccc(Cl)c(C(=O)N(C)C)c3O)c(=O)c2=O)C2CCCS2)o1,7.16,"In Vitro Affinity Assay: The in vitro affinity of the compounds of the present invention for the CXCR1 and CXCR2 receptors was determined on a functional test of the β-arrestin recruitment after receptor activation type.It was demonstrated that the activation by CXCL8 of the CXCR2 receptor in cells of the PathHunter HEK293-CXCR2 line or of the CXCR1 receptor in cells of the U2OS h CXCR1 β-arrestin line results in the recruitment of β-arrestin (Richardson, R. M., R. J. Marjoram, L. S. Barak, R. Snyderman. 2003. Role of the cytoplasmic tails of CXCR1 and CXCR2 in mediating leukocyte migration, activation, and regulation. J. Immunol. 170: 2904-2911).In order to evaluate the direct interaction of the CXCR2 or CXCR1 receptor with β-arrestin 2, a β-arrestin 2 recruitment test for CXCR2 or CXCR1 based on β-galactosidase enzyme complementation (Olson K R, Eglen R M. Beta galactosidase complementation: a cell-based luminescent assay platform for drug discovery. Assay Drug Dev Technol. 2007 February; 5(1); 137-44), as established by DiscoveRx Corporation was used. The stimulation of these two cell lines with CXCL8 (10 nM) induces β-arrestin 2 recruitment, as indicated by a significant increase in the induction factor. All the CXCR2 antagonists were tested in a dose-dependent manner and the concentration corresponding to 50% inhibition of the response was determined (IC50=half inhibition concentration).",CXCR2,CHEMBL5731469,CHEMBL5725784
CHEMBL3952996,Cc1ccc(C(Nc2c(Nc3ccc(Cl)c(S(=O)(=O)N4CCN(C)CC4)c3O)c(=O)c2=O)C2CCCS2)o1,7.77,"In Vitro Affinity Assay: The in vitro affinity of the compounds of the present invention for the CXCR1 and CXCR2 receptors was determined on a functional test of the β-arrestin recruitment after receptor activation type.It was demonstrated that the activation by CXCL8 of the CXCR2 receptor in cells of the PathHunter HEK293-CXCR2 line or of the CXCR1 receptor in cells of the U2OS h CXCR1 β-arrestin line results in the recruitment of β-arrestin (Richardson, R. M., R. J. Marjoram, L. S. Barak, R. Snyderman. 2003. Role of the cytoplasmic tails of CXCR1 and CXCR2 in mediating leukocyte migration, activation, and regulation. J. Immunol. 170: 2904-2911).In order to evaluate the direct interaction of the CXCR2 or CXCR1 receptor with β-arrestin 2, a β-arrestin 2 recruitment test for CXCR2 or CXCR1 based on β-galactosidase enzyme complementation (Olson K R, Eglen R M. Beta galactosidase complementation: a cell-based luminescent assay platform for drug discovery. Assay Drug Dev Technol. 2007 February; 5(1); 137-44), as established by DiscoveRx Corporation was used. The stimulation of these two cell lines with CXCL8 (10 nM) induces β-arrestin 2 recruitment, as indicated by a significant increase in the induction factor. All the CXCR2 antagonists were tested in a dose-dependent manner and the concentration corresponding to 50% inhibition of the response was determined (IC50=half inhibition concentration).",CXCR2,CHEMBL5731469,CHEMBL5725784
CHEMBL5764799,O=C(Nc1ccc(Cl)c(S(=O)(=O)[C@H]2CCCNC2)c1O)N[C@H]1CCCc2occc21,6.82,"Inhibition Assay: PathHunter CXCR2 β-arrestin cells (DiscoverX) were grown under normal conditions and seeded on a white-walled 384-microwell plate at 20 μL/well. Before testing, the cells were incubated at 37° C. for an appropriate time. The test compounds were serially diluted in DMSO at a three-fold dilution factor to obtain 8 serially diluted test compounds. Shortly before the test, the above serially diluted test compounds were further diluted with test buffer to 5 times the test concentration. 5 μL of the further diluted test compounds was added to the cells and then the cells were incubated at 37° C. for 30 minutes. The vehicle concentration was 1%. 5 μL of 6×EC80 agonist (CXCL8) buffer was added to the cells and then the cells were incubated at 37° C. for 90 minutes. 15 μL (50% v/v) of PathHunter detection reagent mixture was added in one portion, followed by one-hour incubation to generate the test signal. The microplates were read on a PerkinElmer Envision instrument for chemiluminescence signal. The biological activity of the test compounds was analyzed by CBIS data analysis suite (ChemInnovation, CA) and shown as IC50 values.",CXCR2,CHEMBL5737466,CHEMBL5728793
CHEMBL5986704,CC(C)S(=O)(=O)c1c(Cl)ccc(NC(=O)NC2CCCc3occc32)c1O,7.35,"Inhibition Assay: PathHunter CXCR2 β-arrestin cells (DiscoverX) were grown under normal conditions and seeded on a white-walled 384-microwell plate at 20 μL/well. Before testing, the cells were incubated at 37° C. for an appropriate time. The test compounds were serially diluted in DMSO at a three-fold dilution factor to obtain 8 serially diluted test compounds. Shortly before the test, the above serially diluted test compounds were further diluted with test buffer to 5 times the test concentration. 5 μL of the further diluted test compounds was added to the cells and then the cells were incubated at 37° C. for 30 minutes. The vehicle concentration was 1%. 5 μL of 6×EC80 agonist (CXCL8) buffer was added to the cells and then the cells were incubated at 37° C. for 90 minutes. 15 μL (50% v/v) of PathHunter detection reagent mixture was added in one portion, followed by one-hour incubation to generate the test signal. The microplates were read on a PerkinElmer Envision instrument for chemiluminescence signal. The biological activity of the test compounds was analyzed by CBIS data analysis suite (ChemInnovation, CA) and shown as IC50 values.",CXCR2,CHEMBL5737466,CHEMBL5728793
CHEMBL5988157,CC(C)S(=O)(=O)c1c(Cl)ccc(NC(=O)N[C@@H]2CCCc3ccoc32)c1O,7.77,"Inhibition Assay: PathHunter CXCR2 β-arrestin cells (DiscoverX) were grown under normal conditions and seeded on a white-walled 384-microwell plate at 20 μL/well. Before testing, the cells were incubated at 37° C. for an appropriate time. The test compounds were serially diluted in DMSO at a three-fold dilution factor to obtain 8 serially diluted test compounds. Shortly before the test, the above serially diluted test compounds were further diluted with test buffer to 5 times the test concentration. 5 μL of the further diluted test compounds was added to the cells and then the cells were incubated at 37° C. for 30 minutes. The vehicle concentration was 1%. 5 μL of 6×EC80 agonist (CXCL8) buffer was added to the cells and then the cells were incubated at 37° C. for 90 minutes. 15 μL (50% v/v) of PathHunter detection reagent mixture was added in one portion, followed by one-hour incubation to generate the test signal. The microplates were read on a PerkinElmer Envision instrument for chemiluminescence signal. The biological activity of the test compounds was analyzed by CBIS data analysis suite (ChemInnovation, CA) and shown as IC50 values.",CXCR2,CHEMBL5737466,CHEMBL5728793
CHEMBL5750154,CC(C)(C)OC(=O)N1CCC[C@H](S(=O)(=O)c2c(Cl)ccc(NC(=O)NC3CCCc4ccoc43)c2O)C1,7.37,"Inhibition Assay: PathHunter CXCR2 β-arrestin cells (DiscoverX) were grown under normal conditions and seeded on a white-walled 384-microwell plate at 20 μL/well. Before testing, the cells were incubated at 37° C. for an appropriate time. The test compounds were serially diluted in DMSO at a three-fold dilution factor to obtain 8 serially diluted test compounds. Shortly before the test, the above serially diluted test compounds were further diluted with test buffer to 5 times the test concentration. 5 μL of the further diluted test compounds was added to the cells and then the cells were incubated at 37° C. for 30 minutes. The vehicle concentration was 1%. 5 μL of 6×EC80 agonist (CXCL8) buffer was added to the cells and then the cells were incubated at 37° C. for 90 minutes. 15 μL (50% v/v) of PathHunter detection reagent mixture was added in one portion, followed by one-hour incubation to generate the test signal. The microplates were read on a PerkinElmer Envision instrument for chemiluminescence signal. The biological activity of the test compounds was analyzed by CBIS data analysis suite (ChemInnovation, CA) and shown as IC50 values.",CXCR2,CHEMBL5737466,CHEMBL5728793
CHEMBL6049444,CC(C)(C)S(=O)(=O)c1c(Cl)ccc(NC(=O)NC2CCCc3ccoc32)c1O,7.85,"Inhibition Assay: PathHunter CXCR2 β-arrestin cells (DiscoverX) were grown under normal conditions and seeded on a white-walled 384-microwell plate at 20 μL/well. Before testing, the cells were incubated at 37° C. for an appropriate time. The test compounds were serially diluted in DMSO at a three-fold dilution factor to obtain 8 serially diluted test compounds. Shortly before the test, the above serially diluted test compounds were further diluted with test buffer to 5 times the test concentration. 5 μL of the further diluted test compounds was added to the cells and then the cells were incubated at 37° C. for 30 minutes. The vehicle concentration was 1%. 5 μL of 6×EC80 agonist (CXCL8) buffer was added to the cells and then the cells were incubated at 37° C. for 90 minutes. 15 μL (50% v/v) of PathHunter detection reagent mixture was added in one portion, followed by one-hour incubation to generate the test signal. The microplates were read on a PerkinElmer Envision instrument for chemiluminescence signal. The biological activity of the test compounds was analyzed by CBIS data analysis suite (ChemInnovation, CA) and shown as IC50 values.",CXCR2,CHEMBL5737466,CHEMBL5728793
CHEMBL6037213,O=C(Nc1ccc(Cl)c(S(=O)(=O)C2CC2)c1O)N[C@H]1CCCc2ccoc21,7.66,"Inhibition Assay: PathHunter CXCR2 β-arrestin cells (DiscoverX) were grown under normal conditions and seeded on a white-walled 384-microwell plate at 20 μL/well. Before testing, the cells were incubated at 37° C. for an appropriate time. The test compounds were serially diluted in DMSO at a three-fold dilution factor to obtain 8 serially diluted test compounds. Shortly before the test, the above serially diluted test compounds were further diluted with test buffer to 5 times the test concentration. 5 μL of the further diluted test compounds was added to the cells and then the cells were incubated at 37° C. for 30 minutes. The vehicle concentration was 1%. 5 μL of 6×EC80 agonist (CXCL8) buffer was added to the cells and then the cells were incubated at 37° C. for 90 minutes. 15 μL (50% v/v) of PathHunter detection reagent mixture was added in one portion, followed by one-hour incubation to generate the test signal. The microplates were read on a PerkinElmer Envision instrument for chemiluminescence signal. The biological activity of the test compounds was analyzed by CBIS data analysis suite (ChemInnovation, CA) and shown as IC50 values.",CXCR2,CHEMBL5737466,CHEMBL5728793
CHEMBL5934229,CCS(=O)(=O)c1c(Cl)ccc(NC(=O)N[C@@H]2CCCc3ccoc32)c1O,7.38,"Inhibition Assay: PathHunter CXCR2 β-arrestin cells (DiscoverX) were grown under normal conditions and seeded on a white-walled 384-microwell plate at 20 μL/well. Before testing, the cells were incubated at 37° C. for an appropriate time. The test compounds were serially diluted in DMSO at a three-fold dilution factor to obtain 8 serially diluted test compounds. Shortly before the test, the above serially diluted test compounds were further diluted with test buffer to 5 times the test concentration. 5 μL of the further diluted test compounds was added to the cells and then the cells were incubated at 37° C. for 30 minutes. The vehicle concentration was 1%. 5 μL of 6×EC80 agonist (CXCL8) buffer was added to the cells and then the cells were incubated at 37° C. for 90 minutes. 15 μL (50% v/v) of PathHunter detection reagent mixture was added in one portion, followed by one-hour incubation to generate the test signal. The microplates were read on a PerkinElmer Envision instrument for chemiluminescence signal. The biological activity of the test compounds was analyzed by CBIS data analysis suite (ChemInnovation, CA) and shown as IC50 values.",CXCR2,CHEMBL5737466,CHEMBL5728793
CHEMBL5833887,CS(=O)(=O)c1c(Cl)ccc(NC(=O)N[C@@H]2CCCc3ccoc32)c1O,6.91,"Inhibition Assay: PathHunter CXCR2 β-arrestin cells (DiscoverX) were grown under normal conditions and seeded on a white-walled 384-microwell plate at 20 μL/well. Before testing, the cells were incubated at 37° C. for an appropriate time. The test compounds were serially diluted in DMSO at a three-fold dilution factor to obtain 8 serially diluted test compounds. Shortly before the test, the above serially diluted test compounds were further diluted with test buffer to 5 times the test concentration. 5 μL of the further diluted test compounds was added to the cells and then the cells were incubated at 37° C. for 30 minutes. The vehicle concentration was 1%. 5 μL of 6×EC80 agonist (CXCL8) buffer was added to the cells and then the cells were incubated at 37° C. for 90 minutes. 15 μL (50% v/v) of PathHunter detection reagent mixture was added in one portion, followed by one-hour incubation to generate the test signal. The microplates were read on a PerkinElmer Envision instrument for chemiluminescence signal. The biological activity of the test compounds was analyzed by CBIS data analysis suite (ChemInnovation, CA) and shown as IC50 values.",CXCR2,CHEMBL5737466,CHEMBL5728793
CHEMBL5783297,O=C(Nc1ccc(Cl)c(S(=O)(=O)C2CCC2)c1O)NC1CCCc2ccoc21,6.75,"Inhibition Assay: PathHunter CXCR2 β-arrestin cells (DiscoverX) were grown under normal conditions and seeded on a white-walled 384-microwell plate at 20 μL/well. Before testing, the cells were incubated at 37° C. for an appropriate time. The test compounds were serially diluted in DMSO at a three-fold dilution factor to obtain 8 serially diluted test compounds. Shortly before the test, the above serially diluted test compounds were further diluted with test buffer to 5 times the test concentration. 5 μL of the further diluted test compounds was added to the cells and then the cells were incubated at 37° C. for 30 minutes. The vehicle concentration was 1%. 5 μL of 6×EC80 agonist (CXCL8) buffer was added to the cells and then the cells were incubated at 37° C. for 90 minutes. 15 μL (50% v/v) of PathHunter detection reagent mixture was added in one portion, followed by one-hour incubation to generate the test signal. The microplates were read on a PerkinElmer Envision instrument for chemiluminescence signal. The biological activity of the test compounds was analyzed by CBIS data analysis suite (ChemInnovation, CA) and shown as IC50 values.",CXCR2,CHEMBL5737466,CHEMBL5728793
CHEMBL5900658,O=C(Nc1ccc(Cl)c(S(=O)(=O)C2CCCC2)c1O)N[C@H]1CCCc2ccoc21,7.21,"Inhibition Assay: PathHunter CXCR2 β-arrestin cells (DiscoverX) were grown under normal conditions and seeded on a white-walled 384-microwell plate at 20 μL/well. Before testing, the cells were incubated at 37° C. for an appropriate time. The test compounds were serially diluted in DMSO at a three-fold dilution factor to obtain 8 serially diluted test compounds. Shortly before the test, the above serially diluted test compounds were further diluted with test buffer to 5 times the test concentration. 5 μL of the further diluted test compounds was added to the cells and then the cells were incubated at 37° C. for 30 minutes. The vehicle concentration was 1%. 5 μL of 6×EC80 agonist (CXCL8) buffer was added to the cells and then the cells were incubated at 37° C. for 90 minutes. 15 μL (50% v/v) of PathHunter detection reagent mixture was added in one portion, followed by one-hour incubation to generate the test signal. The microplates were read on a PerkinElmer Envision instrument for chemiluminescence signal. The biological activity of the test compounds was analyzed by CBIS data analysis suite (ChemInnovation, CA) and shown as IC50 values.",CXCR2,CHEMBL5737466,CHEMBL5728793
CHEMBL5757913,O=C(Nc1ccc(Cl)c(S(=O)(=O)C2CCCCC2)c1O)N[C@H]1CCCc2ccoc21,7.16,"Inhibition Assay: PathHunter CXCR2 β-arrestin cells (DiscoverX) were grown under normal conditions and seeded on a white-walled 384-microwell plate at 20 μL/well. Before testing, the cells were incubated at 37° C. for an appropriate time. The test compounds were serially diluted in DMSO at a three-fold dilution factor to obtain 8 serially diluted test compounds. Shortly before the test, the above serially diluted test compounds were further diluted with test buffer to 5 times the test concentration. 5 μL of the further diluted test compounds was added to the cells and then the cells were incubated at 37° C. for 30 minutes. The vehicle concentration was 1%. 5 μL of 6×EC80 agonist (CXCL8) buffer was added to the cells and then the cells were incubated at 37° C. for 90 minutes. 15 μL (50% v/v) of PathHunter detection reagent mixture was added in one portion, followed by one-hour incubation to generate the test signal. The microplates were read on a PerkinElmer Envision instrument for chemiluminescence signal. The biological activity of the test compounds was analyzed by CBIS data analysis suite (ChemInnovation, CA) and shown as IC50 values.",CXCR2,CHEMBL5737466,CHEMBL5728793
CHEMBL5984288,O=C(Nc1ccc(Cl)c(S(=O)(=O)CC(F)(F)F)c1O)N[C@H]1CCCc2ccoc21,7.77,"Inhibition Assay: PathHunter CXCR2 β-arrestin cells (DiscoverX) were grown under normal conditions and seeded on a white-walled 384-microwell plate at 20 μL/well. Before testing, the cells were incubated at 37° C. for an appropriate time. The test compounds were serially diluted in DMSO at a three-fold dilution factor to obtain 8 serially diluted test compounds. Shortly before the test, the above serially diluted test compounds were further diluted with test buffer to 5 times the test concentration. 5 μL of the further diluted test compounds was added to the cells and then the cells were incubated at 37° C. for 30 minutes. The vehicle concentration was 1%. 5 μL of 6×EC80 agonist (CXCL8) buffer was added to the cells and then the cells were incubated at 37° C. for 90 minutes. 15 μL (50% v/v) of PathHunter detection reagent mixture was added in one portion, followed by one-hour incubation to generate the test signal. The microplates were read on a PerkinElmer Envision instrument for chemiluminescence signal. The biological activity of the test compounds was analyzed by CBIS data analysis suite (ChemInnovation, CA) and shown as IC50 values.",CXCR2,CHEMBL5737466,CHEMBL5728793
CHEMBL6030685,O=C(Nc1ccc(Cl)c(S(=O)(=O)[C@H]2CCCNC2)c1O)N[C@@H]1CCCc2ccoc21,7.85,"Inhibition Assay: PathHunter CXCR2 β-arrestin cells (DiscoverX) were grown under normal conditions and seeded on a white-walled 384-microwell plate at 20 μL/well. Before testing, the cells were incubated at 37° C. for an appropriate time. The test compounds were serially diluted in DMSO at a three-fold dilution factor to obtain 8 serially diluted test compounds. Shortly before the test, the above serially diluted test compounds were further diluted with test buffer to 5 times the test concentration. 5 μL of the further diluted test compounds was added to the cells and then the cells were incubated at 37° C. for 30 minutes. The vehicle concentration was 1%. 5 μL of 6×EC80 agonist (CXCL8) buffer was added to the cells and then the cells were incubated at 37° C. for 90 minutes. 15 μL (50% v/v) of PathHunter detection reagent mixture was added in one portion, followed by one-hour incubation to generate the test signal. The microplates were read on a PerkinElmer Envision instrument for chemiluminescence signal. The biological activity of the test compounds was analyzed by CBIS data analysis suite (ChemInnovation, CA) and shown as IC50 values.",CXCR2,CHEMBL5737466,CHEMBL5728793
CHEMBL5812510,O=C(Nc1ccc(Cl)c(S(=O)(=O)CCN2C(=O)c3ccccc3C2=O)c1O)NC1CCCc2ccoc21,6.63,"Inhibition Assay: PathHunter CXCR2 β-arrestin cells (DiscoverX) were grown under normal conditions and seeded on a white-walled 384-microwell plate at 20 μL/well. Before testing, the cells were incubated at 37° C. for an appropriate time. The test compounds were serially diluted in DMSO at a three-fold dilution factor to obtain 8 serially diluted test compounds. Shortly before the test, the above serially diluted test compounds were further diluted with test buffer to 5 times the test concentration. 5 μL of the further diluted test compounds was added to the cells and then the cells were incubated at 37° C. for 30 minutes. The vehicle concentration was 1%. 5 μL of 6×EC80 agonist (CXCL8) buffer was added to the cells and then the cells were incubated at 37° C. for 90 minutes. 15 μL (50% v/v) of PathHunter detection reagent mixture was added in one portion, followed by one-hour incubation to generate the test signal. The microplates were read on a PerkinElmer Envision instrument for chemiluminescence signal. The biological activity of the test compounds was analyzed by CBIS data analysis suite (ChemInnovation, CA) and shown as IC50 values.",CXCR2,CHEMBL5737466,CHEMBL5728793
CHEMBL5886415,NCCS(=O)(=O)c1c(Cl)ccc(NC(=O)NC2CCCc3ccoc32)c1O,6.73,"Inhibition Assay: PathHunter CXCR2 β-arrestin cells (DiscoverX) were grown under normal conditions and seeded on a white-walled 384-microwell plate at 20 μL/well. Before testing, the cells were incubated at 37° C. for an appropriate time. The test compounds were serially diluted in DMSO at a three-fold dilution factor to obtain 8 serially diluted test compounds. Shortly before the test, the above serially diluted test compounds were further diluted with test buffer to 5 times the test concentration. 5 μL of the further diluted test compounds was added to the cells and then the cells were incubated at 37° C. for 30 minutes. The vehicle concentration was 1%. 5 μL of 6×EC80 agonist (CXCL8) buffer was added to the cells and then the cells were incubated at 37° C. for 90 minutes. 15 μL (50% v/v) of PathHunter detection reagent mixture was added in one portion, followed by one-hour incubation to generate the test signal. The microplates were read on a PerkinElmer Envision instrument for chemiluminescence signal. The biological activity of the test compounds was analyzed by CBIS data analysis suite (ChemInnovation, CA) and shown as IC50 values.",CXCR2,CHEMBL5737466,CHEMBL5728793
CHEMBL5773528,O=C(Nc1ccc(Cl)c(S(=O)(=O)CCNC(=O)C2CC2)c1O)N[C@H]1CCCc2ccoc21,6.87,"Inhibition Assay: PathHunter CXCR2 β-arrestin cells (DiscoverX) were grown under normal conditions and seeded on a white-walled 384-microwell plate at 20 μL/well. Before testing, the cells were incubated at 37° C. for an appropriate time. The test compounds were serially diluted in DMSO at a three-fold dilution factor to obtain 8 serially diluted test compounds. Shortly before the test, the above serially diluted test compounds were further diluted with test buffer to 5 times the test concentration. 5 μL of the further diluted test compounds was added to the cells and then the cells were incubated at 37° C. for 30 minutes. The vehicle concentration was 1%. 5 μL of 6×EC80 agonist (CXCL8) buffer was added to the cells and then the cells were incubated at 37° C. for 90 minutes. 15 μL (50% v/v) of PathHunter detection reagent mixture was added in one portion, followed by one-hour incubation to generate the test signal. The microplates were read on a PerkinElmer Envision instrument for chemiluminescence signal. The biological activity of the test compounds was analyzed by CBIS data analysis suite (ChemInnovation, CA) and shown as IC50 values.",CXCR2,CHEMBL5737466,CHEMBL5728793
CHEMBL5747176,COC(=O)NCCS(=O)(=O)c1c(Cl)ccc(NC(=O)N[C@H]2CCCc3ccoc32)c1O,7.14,"Inhibition Assay: PathHunter CXCR2 β-arrestin cells (DiscoverX) were grown under normal conditions and seeded on a white-walled 384-microwell plate at 20 μL/well. Before testing, the cells were incubated at 37° C. for an appropriate time. The test compounds were serially diluted in DMSO at a three-fold dilution factor to obtain 8 serially diluted test compounds. Shortly before the test, the above serially diluted test compounds were further diluted with test buffer to 5 times the test concentration. 5 μL of the further diluted test compounds was added to the cells and then the cells were incubated at 37° C. for 30 minutes. The vehicle concentration was 1%. 5 μL of 6×EC80 agonist (CXCL8) buffer was added to the cells and then the cells were incubated at 37° C. for 90 minutes. 15 μL (50% v/v) of PathHunter detection reagent mixture was added in one portion, followed by one-hour incubation to generate the test signal. The microplates were read on a PerkinElmer Envision instrument for chemiluminescence signal. The biological activity of the test compounds was analyzed by CBIS data analysis suite (ChemInnovation, CA) and shown as IC50 values.",CXCR2,CHEMBL5737466,CHEMBL5728793
CHEMBL5907003,O=C(CS(=O)(=O)c1c(Cl)ccc(NC(=O)N[C@@H]2CCCc3ccoc32)c1O)NCC(F)(F)F,6.88,"Inhibition Assay: PathHunter CXCR2 β-arrestin cells (DiscoverX) were grown under normal conditions and seeded on a white-walled 384-microwell plate at 20 μL/well. Before testing, the cells were incubated at 37° C. for an appropriate time. The test compounds were serially diluted in DMSO at a three-fold dilution factor to obtain 8 serially diluted test compounds. Shortly before the test, the above serially diluted test compounds were further diluted with test buffer to 5 times the test concentration. 5 μL of the further diluted test compounds was added to the cells and then the cells were incubated at 37° C. for 30 minutes. The vehicle concentration was 1%. 5 μL of 6×EC80 agonist (CXCL8) buffer was added to the cells and then the cells were incubated at 37° C. for 90 minutes. 15 μL (50% v/v) of PathHunter detection reagent mixture was added in one portion, followed by one-hour incubation to generate the test signal. The microplates were read on a PerkinElmer Envision instrument for chemiluminescence signal. The biological activity of the test compounds was analyzed by CBIS data analysis suite (ChemInnovation, CA) and shown as IC50 values.",CXCR2,CHEMBL5737466,CHEMBL5728793
CHEMBL5969843,CC(C)(Cc1ccccc1)S(=O)(=O)c1c(Cl)ccc(NC(=O)N[C@H]2CCCc3ccoc32)c1O,6.75,"Inhibition Assay: PathHunter CXCR2 β-arrestin cells (DiscoverX) were grown under normal conditions and seeded on a white-walled 384-microwell plate at 20 μL/well. Before testing, the cells were incubated at 37° C. for an appropriate time. The test compounds were serially diluted in DMSO at a three-fold dilution factor to obtain 8 serially diluted test compounds. Shortly before the test, the above serially diluted test compounds were further diluted with test buffer to 5 times the test concentration. 5 μL of the further diluted test compounds was added to the cells and then the cells were incubated at 37° C. for 30 minutes. The vehicle concentration was 1%. 5 μL of 6×EC80 agonist (CXCL8) buffer was added to the cells and then the cells were incubated at 37° C. for 90 minutes. 15 μL (50% v/v) of PathHunter detection reagent mixture was added in one portion, followed by one-hour incubation to generate the test signal. The microplates were read on a PerkinElmer Envision instrument for chemiluminescence signal. The biological activity of the test compounds was analyzed by CBIS data analysis suite (ChemInnovation, CA) and shown as IC50 values.",CXCR2,CHEMBL5737466,CHEMBL5728793
CHEMBL6044110,O=C(Nc1ccc(Cl)c(S(=O)(=O)C2CC3(CNC3)C2)c1O)N[C@@H]1CCCc2ccoc21,6.14,"Inhibition Assay: PathHunter CXCR2 β-arrestin cells (DiscoverX) were grown under normal conditions and seeded on a white-walled 384-microwell plate at 20 μL/well. Before testing, the cells were incubated at 37° C. for an appropriate time. The test compounds were serially diluted in DMSO at a three-fold dilution factor to obtain 8 serially diluted test compounds. Shortly before the test, the above serially diluted test compounds were further diluted with test buffer to 5 times the test concentration. 5 μL of the further diluted test compounds was added to the cells and then the cells were incubated at 37° C. for 30 minutes. The vehicle concentration was 1%. 5 μL of 6×EC80 agonist (CXCL8) buffer was added to the cells and then the cells were incubated at 37° C. for 90 minutes. 15 μL (50% v/v) of PathHunter detection reagent mixture was added in one portion, followed by one-hour incubation to generate the test signal. The microplates were read on a PerkinElmer Envision instrument for chemiluminescence signal. The biological activity of the test compounds was analyzed by CBIS data analysis suite (ChemInnovation, CA) and shown as IC50 values.",CXCR2,CHEMBL5737466,CHEMBL5728793
CHEMBL5754350,O=C(Nc1ccc(Cl)c(S(=O)(=O)C2CC3(CCNCC3)C2)c1O)N[C@H]1CCCc2ccoc21,6.44,"Inhibition Assay: PathHunter CXCR2 β-arrestin cells (DiscoverX) were grown under normal conditions and seeded on a white-walled 384-microwell plate at 20 μL/well. Before testing, the cells were incubated at 37° C. for an appropriate time. The test compounds were serially diluted in DMSO at a three-fold dilution factor to obtain 8 serially diluted test compounds. Shortly before the test, the above serially diluted test compounds were further diluted with test buffer to 5 times the test concentration. 5 μL of the further diluted test compounds was added to the cells and then the cells were incubated at 37° C. for 30 minutes. The vehicle concentration was 1%. 5 μL of 6×EC80 agonist (CXCL8) buffer was added to the cells and then the cells were incubated at 37° C. for 90 minutes. 15 μL (50% v/v) of PathHunter detection reagent mixture was added in one portion, followed by one-hour incubation to generate the test signal. The microplates were read on a PerkinElmer Envision instrument for chemiluminescence signal. The biological activity of the test compounds was analyzed by CBIS data analysis suite (ChemInnovation, CA) and shown as IC50 values.",CXCR2,CHEMBL5737466,CHEMBL5728793
CHEMBL5884551,O=C(Nc1ccc(Cl)c(S(=O)(=O)C2CCNCC2)c1O)N[C@H]1CCCc2ccoc21,7.44,"Inhibition Assay: PathHunter CXCR2 β-arrestin cells (DiscoverX) were grown under normal conditions and seeded on a white-walled 384-microwell plate at 20 μL/well. Before testing, the cells were incubated at 37° C. for an appropriate time. The test compounds were serially diluted in DMSO at a three-fold dilution factor to obtain 8 serially diluted test compounds. Shortly before the test, the above serially diluted test compounds were further diluted with test buffer to 5 times the test concentration. 5 μL of the further diluted test compounds was added to the cells and then the cells were incubated at 37° C. for 30 minutes. The vehicle concentration was 1%. 5 μL of 6×EC80 agonist (CXCL8) buffer was added to the cells and then the cells were incubated at 37° C. for 90 minutes. 15 μL (50% v/v) of PathHunter detection reagent mixture was added in one portion, followed by one-hour incubation to generate the test signal. The microplates were read on a PerkinElmer Envision instrument for chemiluminescence signal. The biological activity of the test compounds was analyzed by CBIS data analysis suite (ChemInnovation, CA) and shown as IC50 values.",CXCR2,CHEMBL5737466,CHEMBL5728793
CHEMBL6014045,O=C(Nc1ccc(Cl)c(S(=O)(=O)C2CCCNC2)c1O)N[C@H]1CCCc2sccc21,6.28,"Inhibition Assay: PathHunter CXCR2 β-arrestin cells (DiscoverX) were grown under normal conditions and seeded on a white-walled 384-microwell plate at 20 μL/well. Before testing, the cells were incubated at 37° C. for an appropriate time. The test compounds were serially diluted in DMSO at a three-fold dilution factor to obtain 8 serially diluted test compounds. Shortly before the test, the above serially diluted test compounds were further diluted with test buffer to 5 times the test concentration. 5 μL of the further diluted test compounds was added to the cells and then the cells were incubated at 37° C. for 30 minutes. The vehicle concentration was 1%. 5 μL of 6×EC80 agonist (CXCL8) buffer was added to the cells and then the cells were incubated at 37° C. for 90 minutes. 15 μL (50% v/v) of PathHunter detection reagent mixture was added in one portion, followed by one-hour incubation to generate the test signal. The microplates were read on a PerkinElmer Envision instrument for chemiluminescence signal. The biological activity of the test compounds was analyzed by CBIS data analysis suite (ChemInnovation, CA) and shown as IC50 values.",CXCR2,CHEMBL5737466,CHEMBL5728793
CHEMBL5906852,O=C(Nc1ccc(Cl)c(S(=O)(=O)C2CCCNC2)c1O)N[C@@H]1CCCc2sccc21,6.18,"Inhibition Assay: PathHunter CXCR2 β-arrestin cells (DiscoverX) were grown under normal conditions and seeded on a white-walled 384-microwell plate at 20 μL/well. Before testing, the cells were incubated at 37° C. for an appropriate time. The test compounds were serially diluted in DMSO at a three-fold dilution factor to obtain 8 serially diluted test compounds. Shortly before the test, the above serially diluted test compounds were further diluted with test buffer to 5 times the test concentration. 5 μL of the further diluted test compounds was added to the cells and then the cells were incubated at 37° C. for 30 minutes. The vehicle concentration was 1%. 5 μL of 6×EC80 agonist (CXCL8) buffer was added to the cells and then the cells were incubated at 37° C. for 90 minutes. 15 μL (50% v/v) of PathHunter detection reagent mixture was added in one portion, followed by one-hour incubation to generate the test signal. The microplates were read on a PerkinElmer Envision instrument for chemiluminescence signal. The biological activity of the test compounds was analyzed by CBIS data analysis suite (ChemInnovation, CA) and shown as IC50 values.",CXCR2,CHEMBL5737466,CHEMBL5728793
CHEMBL5961826,O=C(Nc1ccc(Cl)c(S(=O)(=O)C2CC2)c1O)N[C@@H]1CCCc2sccc21,6.86,"Inhibition Assay: PathHunter CXCR2 β-arrestin cells (DiscoverX) were grown under normal conditions and seeded on a white-walled 384-microwell plate at 20 μL/well. Before testing, the cells were incubated at 37° C. for an appropriate time. The test compounds were serially diluted in DMSO at a three-fold dilution factor to obtain 8 serially diluted test compounds. Shortly before the test, the above serially diluted test compounds were further diluted with test buffer to 5 times the test concentration. 5 μL of the further diluted test compounds was added to the cells and then the cells were incubated at 37° C. for 30 minutes. The vehicle concentration was 1%. 5 μL of 6×EC80 agonist (CXCL8) buffer was added to the cells and then the cells were incubated at 37° C. for 90 minutes. 15 μL (50% v/v) of PathHunter detection reagent mixture was added in one portion, followed by one-hour incubation to generate the test signal. The microplates were read on a PerkinElmer Envision instrument for chemiluminescence signal. The biological activity of the test compounds was analyzed by CBIS data analysis suite (ChemInnovation, CA) and shown as IC50 values.",CXCR2,CHEMBL5737466,CHEMBL5728793
CHEMBL5943250,O=C(Nc1ccc(Cl)c(S(=O)(=O)C2CC2)c1O)N[C@H]1CCCc2ccsc21,6.57,"Inhibition Assay: PathHunter CXCR2 β-arrestin cells (DiscoverX) were grown under normal conditions and seeded on a white-walled 384-microwell plate at 20 μL/well. Before testing, the cells were incubated at 37° C. for an appropriate time. The test compounds were serially diluted in DMSO at a three-fold dilution factor to obtain 8 serially diluted test compounds. Shortly before the test, the above serially diluted test compounds were further diluted with test buffer to 5 times the test concentration. 5 μL of the further diluted test compounds was added to the cells and then the cells were incubated at 37° C. for 30 minutes. The vehicle concentration was 1%. 5 μL of 6×EC80 agonist (CXCL8) buffer was added to the cells and then the cells were incubated at 37° C. for 90 minutes. 15 μL (50% v/v) of PathHunter detection reagent mixture was added in one portion, followed by one-hour incubation to generate the test signal. The microplates were read on a PerkinElmer Envision instrument for chemiluminescence signal. The biological activity of the test compounds was analyzed by CBIS data analysis suite (ChemInnovation, CA) and shown as IC50 values.",CXCR2,CHEMBL5737466,CHEMBL5728793
CHEMBL5827700,O=C(Nc1ccc(Cl)c(S(=O)(=O)C2CC2)c1O)NC1CCCc2ncsc21,6.33,"Inhibition Assay: PathHunter CXCR2 β-arrestin cells (DiscoverX) were grown under normal conditions and seeded on a white-walled 384-microwell plate at 20 μL/well. Before testing, the cells were incubated at 37° C. for an appropriate time. The test compounds were serially diluted in DMSO at a three-fold dilution factor to obtain 8 serially diluted test compounds. Shortly before the test, the above serially diluted test compounds were further diluted with test buffer to 5 times the test concentration. 5 μL of the further diluted test compounds was added to the cells and then the cells were incubated at 37° C. for 30 minutes. The vehicle concentration was 1%. 5 μL of 6×EC80 agonist (CXCL8) buffer was added to the cells and then the cells were incubated at 37° C. for 90 minutes. 15 μL (50% v/v) of PathHunter detection reagent mixture was added in one portion, followed by one-hour incubation to generate the test signal. The microplates were read on a PerkinElmer Envision instrument for chemiluminescence signal. The biological activity of the test compounds was analyzed by CBIS data analysis suite (ChemInnovation, CA) and shown as IC50 values.",CXCR2,CHEMBL5737466,CHEMBL5728793
CHEMBL6010019,Cc1cc2c(o1)C(NC(=O)Nc1ccc(Cl)c(S(=O)(=O)[C@H]3CCCNC3)c1O)CCC2,7.82,"Inhibition Assay: PathHunter CXCR2 β-arrestin cells (DiscoverX) were grown under normal conditions and seeded on a white-walled 384-microwell plate at 20 μL/well. Before testing, the cells were incubated at 37° C. for an appropriate time. The test compounds were serially diluted in DMSO at a three-fold dilution factor to obtain 8 serially diluted test compounds. Shortly before the test, the above serially diluted test compounds were further diluted with test buffer to 5 times the test concentration. 5 μL of the further diluted test compounds was added to the cells and then the cells were incubated at 37° C. for 30 minutes. The vehicle concentration was 1%. 5 μL of 6×EC80 agonist (CXCL8) buffer was added to the cells and then the cells were incubated at 37° C. for 90 minutes. 15 μL (50% v/v) of PathHunter detection reagent mixture was added in one portion, followed by one-hour incubation to generate the test signal. The microplates were read on a PerkinElmer Envision instrument for chemiluminescence signal. The biological activity of the test compounds was analyzed by CBIS data analysis suite (ChemInnovation, CA) and shown as IC50 values.",CXCR2,CHEMBL5737466,CHEMBL5728793
CHEMBL6031097,Cc1cc2c(o1)[C@@H](NC(=O)Nc1ccc(Cl)c(S(=O)(=O)[C@H]3CCCNC3)c1O)CCC2,8.7,"Inhibition Assay: PathHunter CXCR2 β-arrestin cells (DiscoverX) were grown under normal conditions and seeded on a white-walled 384-microwell plate at 20 μL/well. Before testing, the cells were incubated at 37° C. for an appropriate time. The test compounds were serially diluted in DMSO at a three-fold dilution factor to obtain 8 serially diluted test compounds. Shortly before the test, the above serially diluted test compounds were further diluted with test buffer to 5 times the test concentration. 5 μL of the further diluted test compounds was added to the cells and then the cells were incubated at 37° C. for 30 minutes. The vehicle concentration was 1%. 5 μL of 6×EC80 agonist (CXCL8) buffer was added to the cells and then the cells were incubated at 37° C. for 90 minutes. 15 μL (50% v/v) of PathHunter detection reagent mixture was added in one portion, followed by one-hour incubation to generate the test signal. The microplates were read on a PerkinElmer Envision instrument for chemiluminescence signal. The biological activity of the test compounds was analyzed by CBIS data analysis suite (ChemInnovation, CA) and shown as IC50 values.",CXCR2,CHEMBL5737466,CHEMBL5728793
CHEMBL5979791,Cc1cc2c(o1)[C@H](NC(=O)Nc1ccc(Cl)c(S(=O)(=O)[C@H]3CCCNC3)c1O)CCC2,6.61,"Inhibition Assay: PathHunter CXCR2 β-arrestin cells (DiscoverX) were grown under normal conditions and seeded on a white-walled 384-microwell plate at 20 μL/well. Before testing, the cells were incubated at 37° C. for an appropriate time. The test compounds were serially diluted in DMSO at a three-fold dilution factor to obtain 8 serially diluted test compounds. Shortly before the test, the above serially diluted test compounds were further diluted with test buffer to 5 times the test concentration. 5 μL of the further diluted test compounds was added to the cells and then the cells were incubated at 37° C. for 30 minutes. The vehicle concentration was 1%. 5 μL of 6×EC80 agonist (CXCL8) buffer was added to the cells and then the cells were incubated at 37° C. for 90 minutes. 15 μL (50% v/v) of PathHunter detection reagent mixture was added in one portion, followed by one-hour incubation to generate the test signal. The microplates were read on a PerkinElmer Envision instrument for chemiluminescence signal. The biological activity of the test compounds was analyzed by CBIS data analysis suite (ChemInnovation, CA) and shown as IC50 values.",CXCR2,CHEMBL5737466,CHEMBL5728793
CHEMBL5790799,O=C(Nc1ccc(Cl)c(S(=O)(=O)[C@H]2CCCNC2)c1O)N[C@@H]1CCCc2cc(C(F)(F)F)oc21,7.66,"Inhibition Assay: PathHunter CXCR2 β-arrestin cells (DiscoverX) were grown under normal conditions and seeded on a white-walled 384-microwell plate at 20 μL/well. Before testing, the cells were incubated at 37° C. for an appropriate time. The test compounds were serially diluted in DMSO at a three-fold dilution factor to obtain 8 serially diluted test compounds. Shortly before the test, the above serially diluted test compounds were further diluted with test buffer to 5 times the test concentration. 5 μL of the further diluted test compounds was added to the cells and then the cells were incubated at 37° C. for 30 minutes. The vehicle concentration was 1%. 5 μL of 6×EC80 agonist (CXCL8) buffer was added to the cells and then the cells were incubated at 37° C. for 90 minutes. 15 μL (50% v/v) of PathHunter detection reagent mixture was added in one portion, followed by one-hour incubation to generate the test signal. The microplates were read on a PerkinElmer Envision instrument for chemiluminescence signal. The biological activity of the test compounds was analyzed by CBIS data analysis suite (ChemInnovation, CA) and shown as IC50 values.",CXCR2,CHEMBL5737466,CHEMBL5728793
CHEMBL5957993,O=C(Nc1ccc(Cl)c(S(=O)(=O)C2CC2)c1O)NC1CCCc2cc(C(F)(F)F)oc21,6.84,"Inhibition Assay: PathHunter CXCR2 β-arrestin cells (DiscoverX) were grown under normal conditions and seeded on a white-walled 384-microwell plate at 20 μL/well. Before testing, the cells were incubated at 37° C. for an appropriate time. The test compounds were serially diluted in DMSO at a three-fold dilution factor to obtain 8 serially diluted test compounds. Shortly before the test, the above serially diluted test compounds were further diluted with test buffer to 5 times the test concentration. 5 μL of the further diluted test compounds was added to the cells and then the cells were incubated at 37° C. for 30 minutes. The vehicle concentration was 1%. 5 μL of 6×EC80 agonist (CXCL8) buffer was added to the cells and then the cells were incubated at 37° C. for 90 minutes. 15 μL (50% v/v) of PathHunter detection reagent mixture was added in one portion, followed by one-hour incubation to generate the test signal. The microplates were read on a PerkinElmer Envision instrument for chemiluminescence signal. The biological activity of the test compounds was analyzed by CBIS data analysis suite (ChemInnovation, CA) and shown as IC50 values.",CXCR2,CHEMBL5737466,CHEMBL5728793
CHEMBL5742153,Cc1cc2c(o1)C(NC(=O)Nc1ccc(Cl)c(S(=O)(=O)C3CC3)c1O)CCC2,8.22,"Inhibition Assay: PathHunter CXCR2 β-arrestin cells (DiscoverX) were grown under normal conditions and seeded on a white-walled 384-microwell plate at 20 μL/well. Before testing, the cells were incubated at 37° C. for an appropriate time. The test compounds were serially diluted in DMSO at a three-fold dilution factor to obtain 8 serially diluted test compounds. Shortly before the test, the above serially diluted test compounds were further diluted with test buffer to 5 times the test concentration. 5 μL of the further diluted test compounds was added to the cells and then the cells were incubated at 37° C. for 30 minutes. The vehicle concentration was 1%. 5 μL of 6×EC80 agonist (CXCL8) buffer was added to the cells and then the cells were incubated at 37° C. for 90 minutes. 15 μL (50% v/v) of PathHunter detection reagent mixture was added in one portion, followed by one-hour incubation to generate the test signal. The microplates were read on a PerkinElmer Envision instrument for chemiluminescence signal. The biological activity of the test compounds was analyzed by CBIS data analysis suite (ChemInnovation, CA) and shown as IC50 values.",CXCR2,CHEMBL5737466,CHEMBL5728793
CHEMBL5898241,CC(C)S(=O)(=O)c1c(Cl)ccc(NC(=O)NC2CCCc3cc(C(F)(F)F)oc32)c1O,7.26,"Inhibition Assay: PathHunter CXCR2 β-arrestin cells (DiscoverX) were grown under normal conditions and seeded on a white-walled 384-microwell plate at 20 μL/well. Before testing, the cells were incubated at 37° C. for an appropriate time. The test compounds were serially diluted in DMSO at a three-fold dilution factor to obtain 8 serially diluted test compounds. Shortly before the test, the above serially diluted test compounds were further diluted with test buffer to 5 times the test concentration. 5 μL of the further diluted test compounds was added to the cells and then the cells were incubated at 37° C. for 30 minutes. The vehicle concentration was 1%. 5 μL of 6×EC80 agonist (CXCL8) buffer was added to the cells and then the cells were incubated at 37° C. for 90 minutes. 15 μL (50% v/v) of PathHunter detection reagent mixture was added in one portion, followed by one-hour incubation to generate the test signal. The microplates were read on a PerkinElmer Envision instrument for chemiluminescence signal. The biological activity of the test compounds was analyzed by CBIS data analysis suite (ChemInnovation, CA) and shown as IC50 values.",CXCR2,CHEMBL5737466,CHEMBL5728793
CHEMBL5799181,CC1(C)NCCCC1S(=O)(=O)c1c(Cl)ccc(NC(=O)NC2CCCc3ccoc32)c1O,7.64,"Inhibition Assay: PathHunter CXCR2 β-arrestin cells (DiscoverX) were grown under normal conditions and seeded on a white-walled 384-microwell plate at 20 μL/well. Before testing, the cells were incubated at 37° C. for an appropriate time. The test compounds were serially diluted in DMSO at a three-fold dilution factor to obtain 8 serially diluted test compounds. Shortly before the test, the above serially diluted test compounds were further diluted with test buffer to 5 times the test concentration. 5 μL of the further diluted test compounds was added to the cells and then the cells were incubated at 37° C. for 30 minutes. The vehicle concentration was 1%. 5 μL of 6×EC80 agonist (CXCL8) buffer was added to the cells and then the cells were incubated at 37° C. for 90 minutes. 15 μL (50% v/v) of PathHunter detection reagent mixture was added in one portion, followed by one-hour incubation to generate the test signal. The microplates were read on a PerkinElmer Envision instrument for chemiluminescence signal. The biological activity of the test compounds was analyzed by CBIS data analysis suite (ChemInnovation, CA) and shown as IC50 values.",CXCR2,CHEMBL5737466,CHEMBL5728793
CHEMBL3039531,Cc1c(F)cccc1NC(=O)Nc1ccc(Cl)c(S(=O)(=O)[C@H]2CCCNC2)c1O,7.9,Antagonist activity at CXCR2 (unknown origin),CXCR2,CHEMBL6185077,CHEMBL6182896
CHEMBL216981,CC[C@@H](Nc1c(Nc2cccc(C(=O)N(C)C)c2O)c(=O)c1=O)c1ccc(C)o1,7.8,Antagonist activity at CXCR2 (unknown origin),CXCR2,CHEMBL6185077,CHEMBL6182896
