standardized_smiles,pchembl_value_cxcr1,molecule_chembl_id_cxcr1,assay_chembl_id_cxcr1,document_chembl_id_cxcr1,assay_description_cxcr1,pchembl_value_cxcr2,molecule_chembl_id_cxcr2,assay_chembl_id_cxcr2,document_chembl_id_cxcr2,assay_description_cxcr2,Selectivity_Score
CC(C)c1coc(C(Nc2c(Nc3cccc(C(=O)N(C)C)c3O)c(=O)c2=O)C2(C)COC2)c1,6.49,CHEMBL3704565,CHEMBL3706377,CHEMBL3638995,"In Vitro Assay: The in vitro affinity of the compounds of the present invention for the CXCR1 and CXCR2 receptors was determined on a functional test of the .beta.-arrestin recruitment type after receptor activation.It was demonstrated that the activation by CXCL8 of the CXCR2 receptor in cells of the PathHunter HEK293-CXCR2 line or of the CXCR1 receptor in cells of the U2OS h CXCR1 .beta.-arrestin line results in the recruitment of .beta.-arrestin (Richardson et al. 2003 Role of the cytoplasmic tails of CXCR1 and CXCR2 in mediating leukocyte migration, activation, and regulation. J. Immunol. 170: 2904-2911.)In order to evaluate the direct interaction of the CXCR2 or CXCR1 receptor with .beta.-arrestin 2, a .beta.-arrestin 2 recruitment test for CXCR2 or CXCR1 based on of .beta.-galactosidase enzyme complementation (Olson K R, Eglen R M. Beta galactosidase complementation: a cell-based luminescent assay platform for drug discovery. Assay Drug Dev Technol. 2007 February; 5(1); 137-44).",7.6,CHEMBL3704565,CHEMBL3707937,CHEMBL3638995,"In Vitro Assay: The in vitro affinity of the compounds of the present invention for the CXCR1 and CXCR2 receptors was determined on a functional test of the .beta.-arrestin recruitment type after receptor activation.It was demonstrated that the activation by CXCL8 of the CXCR2 receptor in cells of the PathHunter HEK293-CXCR2 line or of the CXCR1 receptor in cells of the U2OS h CXCR1 .beta.-arrestin line results in the recruitment of .beta.-arrestin (Richardson et al. 2003 Role of the cytoplasmic tails of CXCR1 and CXCR2 in mediating leukocyte migration, activation, and regulation. J. Immunol. 170: 2904-2911.)In order to evaluate the direct interaction of the CXCR2 or CXCR1 receptor with .beta.-arrestin 2, a .beta.-arrestin 2 recruitment test for CXCR2 or CXCR1 based on of .beta.-galactosidase enzyme complementation (Olson K R, Eglen R M. Beta galactosidase complementation: a cell-based luminescent assay platform for drug discovery. Assay Drug Dev Technol. 2007 February; 5(1); 137-44).",1.1099999999999994
CCC1(C(Nc2c(Nc3cccc(C(=O)N(C)C)c3O)c(=O)c2=O)c2ccc(C)o2)COC1,5.94,CHEMBL3701184,CHEMBL3706377,CHEMBL3638995,"In Vitro Assay: The in vitro affinity of the compounds of the present invention for the CXCR1 and CXCR2 receptors was determined on a functional test of the .beta.-arrestin recruitment type after receptor activation.It was demonstrated that the activation by CXCL8 of the CXCR2 receptor in cells of the PathHunter HEK293-CXCR2 line or of the CXCR1 receptor in cells of the U2OS h CXCR1 .beta.-arrestin line results in the recruitment of .beta.-arrestin (Richardson et al. 2003 Role of the cytoplasmic tails of CXCR1 and CXCR2 in mediating leukocyte migration, activation, and regulation. J. Immunol. 170: 2904-2911.)In order to evaluate the direct interaction of the CXCR2 or CXCR1 receptor with .beta.-arrestin 2, a .beta.-arrestin 2 recruitment test for CXCR2 or CXCR1 based on of .beta.-galactosidase enzyme complementation (Olson K R, Eglen R M. Beta galactosidase complementation: a cell-based luminescent assay platform for drug discovery. Assay Drug Dev Technol. 2007 February; 5(1); 137-44).",6.97,CHEMBL3701184,CHEMBL3707937,CHEMBL3638995,"In Vitro Assay: The in vitro affinity of the compounds of the present invention for the CXCR1 and CXCR2 receptors was determined on a functional test of the .beta.-arrestin recruitment type after receptor activation.It was demonstrated that the activation by CXCL8 of the CXCR2 receptor in cells of the PathHunter HEK293-CXCR2 line or of the CXCR1 receptor in cells of the U2OS h CXCR1 .beta.-arrestin line results in the recruitment of .beta.-arrestin (Richardson et al. 2003 Role of the cytoplasmic tails of CXCR1 and CXCR2 in mediating leukocyte migration, activation, and regulation. J. Immunol. 170: 2904-2911.)In order to evaluate the direct interaction of the CXCR2 or CXCR1 receptor with .beta.-arrestin 2, a .beta.-arrestin 2 recruitment test for CXCR2 or CXCR1 based on of .beta.-galactosidase enzyme complementation (Olson K R, Eglen R M. Beta galactosidase complementation: a cell-based luminescent assay platform for drug discovery. Assay Drug Dev Technol. 2007 February; 5(1); 137-44).",1.0299999999999994
CCN(C)C(=O)c1cccc(Nc2c(N[C@@H](c3ccc(C)o3)C3(C)COC3)c(=O)c2=O)c1O,6.19,CHEMBL3704571,CHEMBL3706377,CHEMBL3638995,"In Vitro Assay: The in vitro affinity of the compounds of the present invention for the CXCR1 and CXCR2 receptors was determined on a functional test of the .beta.-arrestin recruitment type after receptor activation.It was demonstrated that the activation by CXCL8 of the CXCR2 receptor in cells of the PathHunter HEK293-CXCR2 line or of the CXCR1 receptor in cells of the U2OS h CXCR1 .beta.-arrestin line results in the recruitment of .beta.-arrestin (Richardson et al. 2003 Role of the cytoplasmic tails of CXCR1 and CXCR2 in mediating leukocyte migration, activation, and regulation. J. Immunol. 170: 2904-2911.)In order to evaluate the direct interaction of the CXCR2 or CXCR1 receptor with .beta.-arrestin 2, a .beta.-arrestin 2 recruitment test for CXCR2 or CXCR1 based on of .beta.-galactosidase enzyme complementation (Olson K R, Eglen R M. Beta galactosidase complementation: a cell-based luminescent assay platform for drug discovery. Assay Drug Dev Technol. 2007 February; 5(1); 137-44).",7.14,CHEMBL3704571,CHEMBL3707937,CHEMBL3638995,"In Vitro Assay: The in vitro affinity of the compounds of the present invention for the CXCR1 and CXCR2 receptors was determined on a functional test of the .beta.-arrestin recruitment type after receptor activation.It was demonstrated that the activation by CXCL8 of the CXCR2 receptor in cells of the PathHunter HEK293-CXCR2 line or of the CXCR1 receptor in cells of the U2OS h CXCR1 .beta.-arrestin line results in the recruitment of .beta.-arrestin (Richardson et al. 2003 Role of the cytoplasmic tails of CXCR1 and CXCR2 in mediating leukocyte migration, activation, and regulation. J. Immunol. 170: 2904-2911.)In order to evaluate the direct interaction of the CXCR2 or CXCR1 receptor with .beta.-arrestin 2, a .beta.-arrestin 2 recruitment test for CXCR2 or CXCR1 based on of .beta.-galactosidase enzyme complementation (Olson K R, Eglen R M. Beta galactosidase complementation: a cell-based luminescent assay platform for drug discovery. Assay Drug Dev Technol. 2007 February; 5(1); 137-44).",0.9499999999999993
CCOC(=O)C1CCCN1C(=O)c1cccc(Nc2c(NC(c3ccc(C)o3)C3CCCS3)c(=O)c2=O)c1F,6.15,CHEMBL3906175,CHEMBL3888716; CHEMBL5731468,CHEMBL3886800; CHEMBL5725784,"In Vitro Affinity Assay: â¿¿PathHunter HEK293-CXCR2â¿ or â¿¿U2OS hCXCR1 β-arrestinâ¿ cells (DiscoveRx Corporation) were seeded overnight at 10 000 cells/well (384-well format) in 20 μl of Opti MEM I medium. A preincubation with the antagonist or the vehicle for 30 min at 37° C. and 5% CO2 was followed by 60 minutes of stimulation with CXCL8 at 37° C. and 5% CO2. The cells were then placed at ambient temperature for 30 minutes. The PathHunter detection reagent (DiscoveRx Corporation) was added. After incubation for 60 min at ambient temperature, the β-galactosidase induced by the luminescence during the β-arrestin-CXCR2 interaction was measured for 0.3 s in an Envision 2102 Multilabel Reader (PerkinElmer Life and Analytical Sciences).; In Vitro Affinity Assay: The in vitro affinity of the compounds of the present invention for the CXCR1 and CXCR2 receptors was determined on a functional test of the β-arrestin recruitment after receptor activation type.It was demonstrated that the activation by CXCL8 of the CXCR2 receptor in cells of the PathHunter HEK293-CXCR2 line or of the CXCR1 receptor in cells of the U2OS h CXCR1 β-arrestin line results in the recruitment of β-arrestin (Richardson, R. M., R. J. Marjoram, L. S. Barak, R. Snyderman. 2003. Role of the cytoplasmic tails of CXCR1 and CXCR2 in mediating leukocyte migration, activation, and regulation. J. Immunol. 170: 2904-2911).In order to evaluate the direct interaction of the CXCR2 or CXCR1 receptor with β-arrestin 2, a β-arrestin 2 recruitment test for CXCR2 or CXCR1 based on β-galactosidase enzyme complementation (Olson K R, Eglen R M. Beta galactosidase complementation: a cell-based luminescent assay platform for drug discovery. Assay Drug Dev Technol. 2007 February; 5(1); 137-44), as established by DiscoveRx Corporation was used. The stimulation of these two cell lines with CXCL8 (10 nM) induces β-arrestin 2 recruitment, as indicated by a significant increase in the induction factor. All the CXCR2 antagonists were tested in a dose-dependent manner and the concentration corresponding to 50% inhibition of the response was determined (IC50=half inhibition concentration).",6.97,CHEMBL3906175,CHEMBL5731469; CHEMBL3888717,CHEMBL3886800; CHEMBL5725784,"In Vitro Affinity Assay: â¿¿PathHunter HEK293-CXCR2â¿ or â¿¿U2OS hCXCR1 β-arrestinâ¿ cells (DiscoveRx Corporation) were seeded overnight at 10 000 cells/well (384-well format) in 20 μl of Opti MEM I medium. A preincubation with the antagonist or the vehicle for 30 min at 37° C. and 5% CO2 was followed by 60 minutes of stimulation with CXCL8 at 37° C. and 5% CO2. The cells were then placed at ambient temperature for 30 minutes. The PathHunter detection reagent (DiscoveRx Corporation) was added. After incubation for 60 min at ambient temperature, the β-galactosidase induced by the luminescence during the β-arrestin-CXCR2 interaction was measured for 0.3 s in an Envision 2102 Multilabel Reader (PerkinElmer Life and Analytical Sciences).; In Vitro Affinity Assay: The in vitro affinity of the compounds of the present invention for the CXCR1 and CXCR2 receptors was determined on a functional test of the β-arrestin recruitment after receptor activation type.It was demonstrated that the activation by CXCL8 of the CXCR2 receptor in cells of the PathHunter HEK293-CXCR2 line or of the CXCR1 receptor in cells of the U2OS h CXCR1 β-arrestin line results in the recruitment of β-arrestin (Richardson, R. M., R. J. Marjoram, L. S. Barak, R. Snyderman. 2003. Role of the cytoplasmic tails of CXCR1 and CXCR2 in mediating leukocyte migration, activation, and regulation. J. Immunol. 170: 2904-2911).In order to evaluate the direct interaction of the CXCR2 or CXCR1 receptor with β-arrestin 2, a β-arrestin 2 recruitment test for CXCR2 or CXCR1 based on β-galactosidase enzyme complementation (Olson K R, Eglen R M. Beta galactosidase complementation: a cell-based luminescent assay platform for drug discovery. Assay Drug Dev Technol. 2007 February; 5(1); 137-44), as established by DiscoveRx Corporation was used. The stimulation of these two cell lines with CXCL8 (10 nM) induces β-arrestin 2 recruitment, as indicated by a significant increase in the induction factor. All the CXCR2 antagonists were tested in a dose-dependent manner and the concentration corresponding to 50% inhibition of the response was determined (IC50=half inhibition concentration).",0.8199999999999994
CC[C@@H](Nc1c(Nc2cccc(C(=O)N(C)C)c2O)c(=O)c1=O)c1cc(Br)co1,6.04,CHEMBL401939,CHEMBL927218,CHEMBL1141493,Inhibition of CXCR1-mediated chemotaxis in Ba/F3 cells expressing human CXCR1,8.7,CHEMBL401939,CHEMBL927217,CHEMBL1141493,Inhibition of CXCR2-mediated chemotaxis in Ba/F3 cells expressing human CXCR2,2.6599999999999993
CN(C)C(=O)c1cccc(Nc2c(NC(c3ccc4c(c3)OCO4)C3(C)COC3)c(=O)c2=O)c1O,5.65,CHEMBL3704558,CHEMBL3706377,CHEMBL3638995,"In Vitro Assay: The in vitro affinity of the compounds of the present invention for the CXCR1 and CXCR2 receptors was determined on a functional test of the .beta.-arrestin recruitment type after receptor activation.It was demonstrated that the activation by CXCL8 of the CXCR2 receptor in cells of the PathHunter HEK293-CXCR2 line or of the CXCR1 receptor in cells of the U2OS h CXCR1 .beta.-arrestin line results in the recruitment of .beta.-arrestin (Richardson et al. 2003 Role of the cytoplasmic tails of CXCR1 and CXCR2 in mediating leukocyte migration, activation, and regulation. J. Immunol. 170: 2904-2911.)In order to evaluate the direct interaction of the CXCR2 or CXCR1 receptor with .beta.-arrestin 2, a .beta.-arrestin 2 recruitment test for CXCR2 or CXCR1 based on of .beta.-galactosidase enzyme complementation (Olson K R, Eglen R M. Beta galactosidase complementation: a cell-based luminescent assay platform for drug discovery. Assay Drug Dev Technol. 2007 February; 5(1); 137-44).",6.46,CHEMBL3704558,CHEMBL3707937,CHEMBL3638995,"In Vitro Assay: The in vitro affinity of the compounds of the present invention for the CXCR1 and CXCR2 receptors was determined on a functional test of the .beta.-arrestin recruitment type after receptor activation.It was demonstrated that the activation by CXCL8 of the CXCR2 receptor in cells of the PathHunter HEK293-CXCR2 line or of the CXCR1 receptor in cells of the U2OS h CXCR1 .beta.-arrestin line results in the recruitment of .beta.-arrestin (Richardson et al. 2003 Role of the cytoplasmic tails of CXCR1 and CXCR2 in mediating leukocyte migration, activation, and regulation. J. Immunol. 170: 2904-2911.)In order to evaluate the direct interaction of the CXCR2 or CXCR1 receptor with .beta.-arrestin 2, a .beta.-arrestin 2 recruitment test for CXCR2 or CXCR1 based on of .beta.-galactosidase enzyme complementation (Olson K R, Eglen R M. Beta galactosidase complementation: a cell-based luminescent assay platform for drug discovery. Assay Drug Dev Technol. 2007 February; 5(1); 137-44).",0.8099999999999996
CN(C)C(=O)c1cccc(Nc2c(NC(c3ccccc3)C3CCCO3)c(=O)c2=O)c1O,5.94,CHEMBL3980279,CHEMBL3888716; CHEMBL5731468,CHEMBL3886800; CHEMBL5725784,"In Vitro Affinity Assay: â¿¿PathHunter HEK293-CXCR2â¿ or â¿¿U2OS hCXCR1 β-arrestinâ¿ cells (DiscoveRx Corporation) were seeded overnight at 10 000 cells/well (384-well format) in 20 μl of Opti MEM I medium. A preincubation with the antagonist or the vehicle for 30 min at 37° C. and 5% CO2 was followed by 60 minutes of stimulation with CXCL8 at 37° C. and 5% CO2. The cells were then placed at ambient temperature for 30 minutes. The PathHunter detection reagent (DiscoveRx Corporation) was added. After incubation for 60 min at ambient temperature, the β-galactosidase induced by the luminescence during the β-arrestin-CXCR2 interaction was measured for 0.3 s in an Envision 2102 Multilabel Reader (PerkinElmer Life and Analytical Sciences).; In Vitro Affinity Assay: The in vitro affinity of the compounds of the present invention for the CXCR1 and CXCR2 receptors was determined on a functional test of the β-arrestin recruitment after receptor activation type.It was demonstrated that the activation by CXCL8 of the CXCR2 receptor in cells of the PathHunter HEK293-CXCR2 line or of the CXCR1 receptor in cells of the U2OS h CXCR1 β-arrestin line results in the recruitment of β-arrestin (Richardson, R. M., R. J. Marjoram, L. S. Barak, R. Snyderman. 2003. Role of the cytoplasmic tails of CXCR1 and CXCR2 in mediating leukocyte migration, activation, and regulation. J. Immunol. 170: 2904-2911).In order to evaluate the direct interaction of the CXCR2 or CXCR1 receptor with β-arrestin 2, a β-arrestin 2 recruitment test for CXCR2 or CXCR1 based on β-galactosidase enzyme complementation (Olson K R, Eglen R M. Beta galactosidase complementation: a cell-based luminescent assay platform for drug discovery. Assay Drug Dev Technol. 2007 February; 5(1); 137-44), as established by DiscoveRx Corporation was used. The stimulation of these two cell lines with CXCL8 (10 nM) induces β-arrestin 2 recruitment, as indicated by a significant increase in the induction factor. All the CXCR2 antagonists were tested in a dose-dependent manner and the concentration corresponding to 50% inhibition of the response was determined (IC50=half inhibition concentration).",6.77,CHEMBL3980279,CHEMBL5731469; CHEMBL3888717,CHEMBL3886800; CHEMBL5725784,"In Vitro Affinity Assay: â¿¿PathHunter HEK293-CXCR2â¿ or â¿¿U2OS hCXCR1 β-arrestinâ¿ cells (DiscoveRx Corporation) were seeded overnight at 10 000 cells/well (384-well format) in 20 μl of Opti MEM I medium. A preincubation with the antagonist or the vehicle for 30 min at 37° C. and 5% CO2 was followed by 60 minutes of stimulation with CXCL8 at 37° C. and 5% CO2. The cells were then placed at ambient temperature for 30 minutes. The PathHunter detection reagent (DiscoveRx Corporation) was added. After incubation for 60 min at ambient temperature, the β-galactosidase induced by the luminescence during the β-arrestin-CXCR2 interaction was measured for 0.3 s in an Envision 2102 Multilabel Reader (PerkinElmer Life and Analytical Sciences).; In Vitro Affinity Assay: The in vitro affinity of the compounds of the present invention for the CXCR1 and CXCR2 receptors was determined on a functional test of the β-arrestin recruitment after receptor activation type.It was demonstrated that the activation by CXCL8 of the CXCR2 receptor in cells of the PathHunter HEK293-CXCR2 line or of the CXCR1 receptor in cells of the U2OS h CXCR1 β-arrestin line results in the recruitment of β-arrestin (Richardson, R. M., R. J. Marjoram, L. S. Barak, R. Snyderman. 2003. Role of the cytoplasmic tails of CXCR1 and CXCR2 in mediating leukocyte migration, activation, and regulation. J. Immunol. 170: 2904-2911).In order to evaluate the direct interaction of the CXCR2 or CXCR1 receptor with β-arrestin 2, a β-arrestin 2 recruitment test for CXCR2 or CXCR1 based on β-galactosidase enzyme complementation (Olson K R, Eglen R M. Beta galactosidase complementation: a cell-based luminescent assay platform for drug discovery. Assay Drug Dev Technol. 2007 February; 5(1); 137-44), as established by DiscoveRx Corporation was used. The stimulation of these two cell lines with CXCL8 (10 nM) induces β-arrestin 2 recruitment, as indicated by a significant increase in the induction factor. All the CXCR2 antagonists were tested in a dose-dependent manner and the concentration corresponding to 50% inhibition of the response was determined (IC50=half inhibition concentration).",0.8299999999999992
CN(C)C(=O)c1cccc(Nc2c(NC(c3ccco3)C3(C)COC3)c(=O)c2=O)c1O,5.77,CHEMBL3704563,CHEMBL3706377,CHEMBL3638995,"In Vitro Assay: The in vitro affinity of the compounds of the present invention for the CXCR1 and CXCR2 receptors was determined on a functional test of the .beta.-arrestin recruitment type after receptor activation.It was demonstrated that the activation by CXCL8 of the CXCR2 receptor in cells of the PathHunter HEK293-CXCR2 line or of the CXCR1 receptor in cells of the U2OS h CXCR1 .beta.-arrestin line results in the recruitment of .beta.-arrestin (Richardson et al. 2003 Role of the cytoplasmic tails of CXCR1 and CXCR2 in mediating leukocyte migration, activation, and regulation. J. Immunol. 170: 2904-2911.)In order to evaluate the direct interaction of the CXCR2 or CXCR1 receptor with .beta.-arrestin 2, a .beta.-arrestin 2 recruitment test for CXCR2 or CXCR1 based on of .beta.-galactosidase enzyme complementation (Olson K R, Eglen R M. Beta galactosidase complementation: a cell-based luminescent assay platform for drug discovery. Assay Drug Dev Technol. 2007 February; 5(1); 137-44).",6.7,CHEMBL3704563,CHEMBL3707937,CHEMBL3638995,"In Vitro Assay: The in vitro affinity of the compounds of the present invention for the CXCR1 and CXCR2 receptors was determined on a functional test of the .beta.-arrestin recruitment type after receptor activation.It was demonstrated that the activation by CXCL8 of the CXCR2 receptor in cells of the PathHunter HEK293-CXCR2 line or of the CXCR1 receptor in cells of the U2OS h CXCR1 .beta.-arrestin line results in the recruitment of .beta.-arrestin (Richardson et al. 2003 Role of the cytoplasmic tails of CXCR1 and CXCR2 in mediating leukocyte migration, activation, and regulation. J. Immunol. 170: 2904-2911.)In order to evaluate the direct interaction of the CXCR2 or CXCR1 receptor with .beta.-arrestin 2, a .beta.-arrestin 2 recruitment test for CXCR2 or CXCR1 based on of .beta.-galactosidase enzyme complementation (Olson K R, Eglen R M. Beta galactosidase complementation: a cell-based luminescent assay platform for drug discovery. Assay Drug Dev Technol. 2007 February; 5(1); 137-44).",0.9300000000000006
CN(C)C(=O)c1cccc(Nc2c(NC(c3cccs3)C3(C)COC3)c(=O)c2=O)c1O,5.79,CHEMBL3704561,CHEMBL3706377,CHEMBL3638995,"In Vitro Assay: The in vitro affinity of the compounds of the present invention for the CXCR1 and CXCR2 receptors was determined on a functional test of the .beta.-arrestin recruitment type after receptor activation.It was demonstrated that the activation by CXCL8 of the CXCR2 receptor in cells of the PathHunter HEK293-CXCR2 line or of the CXCR1 receptor in cells of the U2OS h CXCR1 .beta.-arrestin line results in the recruitment of .beta.-arrestin (Richardson et al. 2003 Role of the cytoplasmic tails of CXCR1 and CXCR2 in mediating leukocyte migration, activation, and regulation. J. Immunol. 170: 2904-2911.)In order to evaluate the direct interaction of the CXCR2 or CXCR1 receptor with .beta.-arrestin 2, a .beta.-arrestin 2 recruitment test for CXCR2 or CXCR1 based on of .beta.-galactosidase enzyme complementation (Olson K R, Eglen R M. Beta galactosidase complementation: a cell-based luminescent assay platform for drug discovery. Assay Drug Dev Technol. 2007 February; 5(1); 137-44).",6.97,CHEMBL3704561,CHEMBL3707937,CHEMBL3638995,"In Vitro Assay: The in vitro affinity of the compounds of the present invention for the CXCR1 and CXCR2 receptors was determined on a functional test of the .beta.-arrestin recruitment type after receptor activation.It was demonstrated that the activation by CXCL8 of the CXCR2 receptor in cells of the PathHunter HEK293-CXCR2 line or of the CXCR1 receptor in cells of the U2OS h CXCR1 .beta.-arrestin line results in the recruitment of .beta.-arrestin (Richardson et al. 2003 Role of the cytoplasmic tails of CXCR1 and CXCR2 in mediating leukocyte migration, activation, and regulation. J. Immunol. 170: 2904-2911.)In order to evaluate the direct interaction of the CXCR2 or CXCR1 receptor with .beta.-arrestin 2, a .beta.-arrestin 2 recruitment test for CXCR2 or CXCR1 based on of .beta.-galactosidase enzyme complementation (Olson K R, Eglen R M. Beta galactosidase complementation: a cell-based luminescent assay platform for drug discovery. Assay Drug Dev Technol. 2007 February; 5(1); 137-44).",1.1799999999999997
CNC(=O)c1cccc(NC2C(=O)C(=O)C2NC(c2ccc(C)o2)C2(C)CCCO2)c1O,5.0,CHEMBL5979255,CHEMBL5731468,CHEMBL5725784,"In Vitro Affinity Assay: The in vitro affinity of the compounds of the present invention for the CXCR1 and CXCR2 receptors was determined on a functional test of the β-arrestin recruitment after receptor activation type.It was demonstrated that the activation by CXCL8 of the CXCR2 receptor in cells of the PathHunter HEK293-CXCR2 line or of the CXCR1 receptor in cells of the U2OS h CXCR1 β-arrestin line results in the recruitment of β-arrestin (Richardson, R. M., R. J. Marjoram, L. S. Barak, R. Snyderman. 2003. Role of the cytoplasmic tails of CXCR1 and CXCR2 in mediating leukocyte migration, activation, and regulation. J. Immunol. 170: 2904-2911).In order to evaluate the direct interaction of the CXCR2 or CXCR1 receptor with β-arrestin 2, a β-arrestin 2 recruitment test for CXCR2 or CXCR1 based on β-galactosidase enzyme complementation (Olson K R, Eglen R M. Beta galactosidase complementation: a cell-based luminescent assay platform for drug discovery. Assay Drug Dev Technol. 2007 February; 5(1); 137-44), as established by DiscoveRx Corporation was used. The stimulation of these two cell lines with CXCL8 (10 nM) induces β-arrestin 2 recruitment, as indicated by a significant increase in the induction factor. All the CXCR2 antagonists were tested in a dose-dependent manner and the concentration corresponding to 50% inhibition of the response was determined (IC50=half inhibition concentration).",5.0,CHEMBL5979255,CHEMBL5731469,CHEMBL5725784,"In Vitro Affinity Assay: The in vitro affinity of the compounds of the present invention for the CXCR1 and CXCR2 receptors was determined on a functional test of the β-arrestin recruitment after receptor activation type.It was demonstrated that the activation by CXCL8 of the CXCR2 receptor in cells of the PathHunter HEK293-CXCR2 line or of the CXCR1 receptor in cells of the U2OS h CXCR1 β-arrestin line results in the recruitment of β-arrestin (Richardson, R. M., R. J. Marjoram, L. S. Barak, R. Snyderman. 2003. Role of the cytoplasmic tails of CXCR1 and CXCR2 in mediating leukocyte migration, activation, and regulation. J. Immunol. 170: 2904-2911).In order to evaluate the direct interaction of the CXCR2 or CXCR1 receptor with β-arrestin 2, a β-arrestin 2 recruitment test for CXCR2 or CXCR1 based on β-galactosidase enzyme complementation (Olson K R, Eglen R M. Beta galactosidase complementation: a cell-based luminescent assay platform for drug discovery. Assay Drug Dev Technol. 2007 February; 5(1); 137-44), as established by DiscoveRx Corporation was used. The stimulation of these two cell lines with CXCL8 (10 nM) induces β-arrestin 2 recruitment, as indicated by a significant increase in the induction factor. All the CXCR2 antagonists were tested in a dose-dependent manner and the concentration corresponding to 50% inhibition of the response was determined (IC50=half inhibition concentration).",0.0
COC(=O)C1CCCN1C(=O)c1cccc(Nc2c(NC(c3ccc(C)o3)C3(C)COC3)c(=O)c2=O)c1O,5.0,CHEMBL3704560,CHEMBL3706377,CHEMBL3638995,"In Vitro Assay: The in vitro affinity of the compounds of the present invention for the CXCR1 and CXCR2 receptors was determined on a functional test of the .beta.-arrestin recruitment type after receptor activation.It was demonstrated that the activation by CXCL8 of the CXCR2 receptor in cells of the PathHunter HEK293-CXCR2 line or of the CXCR1 receptor in cells of the U2OS h CXCR1 .beta.-arrestin line results in the recruitment of .beta.-arrestin (Richardson et al. 2003 Role of the cytoplasmic tails of CXCR1 and CXCR2 in mediating leukocyte migration, activation, and regulation. J. Immunol. 170: 2904-2911.)In order to evaluate the direct interaction of the CXCR2 or CXCR1 receptor with .beta.-arrestin 2, a .beta.-arrestin 2 recruitment test for CXCR2 or CXCR1 based on of .beta.-galactosidase enzyme complementation (Olson K R, Eglen R M. Beta galactosidase complementation: a cell-based luminescent assay platform for drug discovery. Assay Drug Dev Technol. 2007 February; 5(1); 137-44).",6.02,CHEMBL3704560,CHEMBL3707937,CHEMBL3638995,"In Vitro Assay: The in vitro affinity of the compounds of the present invention for the CXCR1 and CXCR2 receptors was determined on a functional test of the .beta.-arrestin recruitment type after receptor activation.It was demonstrated that the activation by CXCL8 of the CXCR2 receptor in cells of the PathHunter HEK293-CXCR2 line or of the CXCR1 receptor in cells of the U2OS h CXCR1 .beta.-arrestin line results in the recruitment of .beta.-arrestin (Richardson et al. 2003 Role of the cytoplasmic tails of CXCR1 and CXCR2 in mediating leukocyte migration, activation, and regulation. J. Immunol. 170: 2904-2911.)In order to evaluate the direct interaction of the CXCR2 or CXCR1 receptor with .beta.-arrestin 2, a .beta.-arrestin 2 recruitment test for CXCR2 or CXCR1 based on of .beta.-galactosidase enzyme complementation (Olson K R, Eglen R M. Beta galactosidase complementation: a cell-based luminescent assay platform for drug discovery. Assay Drug Dev Technol. 2007 February; 5(1); 137-44).",1.0199999999999996
COC(=O)C1CCCN1C(=O)c1cccc(Nc2c(NC(c3ccc(C)o3)C3CCCS3)c(=O)c2=O)c1F,5.42,CHEMBL3900726,CHEMBL3888716; CHEMBL5731468,CHEMBL3886800; CHEMBL5725784,"In Vitro Affinity Assay: â¿¿PathHunter HEK293-CXCR2â¿ or â¿¿U2OS hCXCR1 β-arrestinâ¿ cells (DiscoveRx Corporation) were seeded overnight at 10 000 cells/well (384-well format) in 20 μl of Opti MEM I medium. A preincubation with the antagonist or the vehicle for 30 min at 37° C. and 5% CO2 was followed by 60 minutes of stimulation with CXCL8 at 37° C. and 5% CO2. The cells were then placed at ambient temperature for 30 minutes. The PathHunter detection reagent (DiscoveRx Corporation) was added. After incubation for 60 min at ambient temperature, the β-galactosidase induced by the luminescence during the β-arrestin-CXCR2 interaction was measured for 0.3 s in an Envision 2102 Multilabel Reader (PerkinElmer Life and Analytical Sciences).; In Vitro Affinity Assay: The in vitro affinity of the compounds of the present invention for the CXCR1 and CXCR2 receptors was determined on a functional test of the β-arrestin recruitment after receptor activation type.It was demonstrated that the activation by CXCL8 of the CXCR2 receptor in cells of the PathHunter HEK293-CXCR2 line or of the CXCR1 receptor in cells of the U2OS h CXCR1 β-arrestin line results in the recruitment of β-arrestin (Richardson, R. M., R. J. Marjoram, L. S. Barak, R. Snyderman. 2003. Role of the cytoplasmic tails of CXCR1 and CXCR2 in mediating leukocyte migration, activation, and regulation. J. Immunol. 170: 2904-2911).In order to evaluate the direct interaction of the CXCR2 or CXCR1 receptor with β-arrestin 2, a β-arrestin 2 recruitment test for CXCR2 or CXCR1 based on β-galactosidase enzyme complementation (Olson K R, Eglen R M. Beta galactosidase complementation: a cell-based luminescent assay platform for drug discovery. Assay Drug Dev Technol. 2007 February; 5(1); 137-44), as established by DiscoveRx Corporation was used. The stimulation of these two cell lines with CXCL8 (10 nM) induces β-arrestin 2 recruitment, as indicated by a significant increase in the induction factor. All the CXCR2 antagonists were tested in a dose-dependent manner and the concentration corresponding to 50% inhibition of the response was determined (IC50=half inhibition concentration).",6.53,CHEMBL3900726,CHEMBL5731469; CHEMBL3888717,CHEMBL3886800; CHEMBL5725784,"In Vitro Affinity Assay: â¿¿PathHunter HEK293-CXCR2â¿ or â¿¿U2OS hCXCR1 β-arrestinâ¿ cells (DiscoveRx Corporation) were seeded overnight at 10 000 cells/well (384-well format) in 20 μl of Opti MEM I medium. A preincubation with the antagonist or the vehicle for 30 min at 37° C. and 5% CO2 was followed by 60 minutes of stimulation with CXCL8 at 37° C. and 5% CO2. The cells were then placed at ambient temperature for 30 minutes. The PathHunter detection reagent (DiscoveRx Corporation) was added. After incubation for 60 min at ambient temperature, the β-galactosidase induced by the luminescence during the β-arrestin-CXCR2 interaction was measured for 0.3 s in an Envision 2102 Multilabel Reader (PerkinElmer Life and Analytical Sciences).; In Vitro Affinity Assay: The in vitro affinity of the compounds of the present invention for the CXCR1 and CXCR2 receptors was determined on a functional test of the β-arrestin recruitment after receptor activation type.It was demonstrated that the activation by CXCL8 of the CXCR2 receptor in cells of the PathHunter HEK293-CXCR2 line or of the CXCR1 receptor in cells of the U2OS h CXCR1 β-arrestin line results in the recruitment of β-arrestin (Richardson, R. M., R. J. Marjoram, L. S. Barak, R. Snyderman. 2003. Role of the cytoplasmic tails of CXCR1 and CXCR2 in mediating leukocyte migration, activation, and regulation. J. Immunol. 170: 2904-2911).In order to evaluate the direct interaction of the CXCR2 or CXCR1 receptor with β-arrestin 2, a β-arrestin 2 recruitment test for CXCR2 or CXCR1 based on β-galactosidase enzyme complementation (Olson K R, Eglen R M. Beta galactosidase complementation: a cell-based luminescent assay platform for drug discovery. Assay Drug Dev Technol. 2007 February; 5(1); 137-44), as established by DiscoveRx Corporation was used. The stimulation of these two cell lines with CXCL8 (10 nM) induces β-arrestin 2 recruitment, as indicated by a significant increase in the induction factor. All the CXCR2 antagonists were tested in a dose-dependent manner and the concentration corresponding to 50% inhibition of the response was determined (IC50=half inhibition concentration).",1.1100000000000003
COC(=O)C1CCCN1C(=O)c1cccc(Nc2c(NC(c3ccc(C)o3)C3CCCS3)c(=O)c2=O)c1O,6.869999999999999,CHEMBL3901913,CHEMBL3888716; CHEMBL5731468,CHEMBL3886800; CHEMBL5725784,"In Vitro Affinity Assay: â¿¿PathHunter HEK293-CXCR2â¿ or â¿¿U2OS hCXCR1 β-arrestinâ¿ cells (DiscoveRx Corporation) were seeded overnight at 10 000 cells/well (384-well format) in 20 μl of Opti MEM I medium. A preincubation with the antagonist or the vehicle for 30 min at 37° C. and 5% CO2 was followed by 60 minutes of stimulation with CXCL8 at 37° C. and 5% CO2. The cells were then placed at ambient temperature for 30 minutes. The PathHunter detection reagent (DiscoveRx Corporation) was added. After incubation for 60 min at ambient temperature, the β-galactosidase induced by the luminescence during the β-arrestin-CXCR2 interaction was measured for 0.3 s in an Envision 2102 Multilabel Reader (PerkinElmer Life and Analytical Sciences).; In Vitro Affinity Assay: The in vitro affinity of the compounds of the present invention for the CXCR1 and CXCR2 receptors was determined on a functional test of the β-arrestin recruitment after receptor activation type.It was demonstrated that the activation by CXCL8 of the CXCR2 receptor in cells of the PathHunter HEK293-CXCR2 line or of the CXCR1 receptor in cells of the U2OS h CXCR1 β-arrestin line results in the recruitment of β-arrestin (Richardson, R. M., R. J. Marjoram, L. S. Barak, R. Snyderman. 2003. Role of the cytoplasmic tails of CXCR1 and CXCR2 in mediating leukocyte migration, activation, and regulation. J. Immunol. 170: 2904-2911).In order to evaluate the direct interaction of the CXCR2 or CXCR1 receptor with β-arrestin 2, a β-arrestin 2 recruitment test for CXCR2 or CXCR1 based on β-galactosidase enzyme complementation (Olson K R, Eglen R M. Beta galactosidase complementation: a cell-based luminescent assay platform for drug discovery. Assay Drug Dev Technol. 2007 February; 5(1); 137-44), as established by DiscoveRx Corporation was used. The stimulation of these two cell lines with CXCL8 (10 nM) induces β-arrestin 2 recruitment, as indicated by a significant increase in the induction factor. All the CXCR2 antagonists were tested in a dose-dependent manner and the concentration corresponding to 50% inhibition of the response was determined (IC50=half inhibition concentration).",7.475,CHEMBL3901913,CHEMBL5731469; CHEMBL3888717,CHEMBL3886800; CHEMBL5725784,"In Vitro Affinity Assay: â¿¿PathHunter HEK293-CXCR2â¿ or â¿¿U2OS hCXCR1 β-arrestinâ¿ cells (DiscoveRx Corporation) were seeded overnight at 10 000 cells/well (384-well format) in 20 μl of Opti MEM I medium. A preincubation with the antagonist or the vehicle for 30 min at 37° C. and 5% CO2 was followed by 60 minutes of stimulation with CXCL8 at 37° C. and 5% CO2. The cells were then placed at ambient temperature for 30 minutes. The PathHunter detection reagent (DiscoveRx Corporation) was added. After incubation for 60 min at ambient temperature, the β-galactosidase induced by the luminescence during the β-arrestin-CXCR2 interaction was measured for 0.3 s in an Envision 2102 Multilabel Reader (PerkinElmer Life and Analytical Sciences).; In Vitro Affinity Assay: The in vitro affinity of the compounds of the present invention for the CXCR1 and CXCR2 receptors was determined on a functional test of the β-arrestin recruitment after receptor activation type.It was demonstrated that the activation by CXCL8 of the CXCR2 receptor in cells of the PathHunter HEK293-CXCR2 line or of the CXCR1 receptor in cells of the U2OS h CXCR1 β-arrestin line results in the recruitment of β-arrestin (Richardson, R. M., R. J. Marjoram, L. S. Barak, R. Snyderman. 2003. Role of the cytoplasmic tails of CXCR1 and CXCR2 in mediating leukocyte migration, activation, and regulation. J. Immunol. 170: 2904-2911).In order to evaluate the direct interaction of the CXCR2 or CXCR1 receptor with β-arrestin 2, a β-arrestin 2 recruitment test for CXCR2 or CXCR1 based on β-galactosidase enzyme complementation (Olson K R, Eglen R M. Beta galactosidase complementation: a cell-based luminescent assay platform for drug discovery. Assay Drug Dev Technol. 2007 February; 5(1); 137-44), as established by DiscoveRx Corporation was used. The stimulation of these two cell lines with CXCL8 (10 nM) induces β-arrestin 2 recruitment, as indicated by a significant increase in the induction factor. All the CXCR2 antagonists were tested in a dose-dependent manner and the concentration corresponding to 50% inhibition of the response was determined (IC50=half inhibition concentration).",0.6050000000000004
COC(=O)C1CCCN1C(=O)c1cccc(Nc2c(NC(c3ccc(C)o3)[C@@H]3CCCS3)c(=O)c2=O)c1F,5.05,CHEMBL5855681,CHEMBL5731468,CHEMBL5725784,"In Vitro Affinity Assay: The in vitro affinity of the compounds of the present invention for the CXCR1 and CXCR2 receptors was determined on a functional test of the β-arrestin recruitment after receptor activation type.It was demonstrated that the activation by CXCL8 of the CXCR2 receptor in cells of the PathHunter HEK293-CXCR2 line or of the CXCR1 receptor in cells of the U2OS h CXCR1 β-arrestin line results in the recruitment of β-arrestin (Richardson, R. M., R. J. Marjoram, L. S. Barak, R. Snyderman. 2003. Role of the cytoplasmic tails of CXCR1 and CXCR2 in mediating leukocyte migration, activation, and regulation. J. Immunol. 170: 2904-2911).In order to evaluate the direct interaction of the CXCR2 or CXCR1 receptor with β-arrestin 2, a β-arrestin 2 recruitment test for CXCR2 or CXCR1 based on β-galactosidase enzyme complementation (Olson K R, Eglen R M. Beta galactosidase complementation: a cell-based luminescent assay platform for drug discovery. Assay Drug Dev Technol. 2007 February; 5(1); 137-44), as established by DiscoveRx Corporation was used. The stimulation of these two cell lines with CXCL8 (10 nM) induces β-arrestin 2 recruitment, as indicated by a significant increase in the induction factor. All the CXCR2 antagonists were tested in a dose-dependent manner and the concentration corresponding to 50% inhibition of the response was determined (IC50=half inhibition concentration).",6.01,CHEMBL5855681,CHEMBL5731469,CHEMBL5725784,"In Vitro Affinity Assay: The in vitro affinity of the compounds of the present invention for the CXCR1 and CXCR2 receptors was determined on a functional test of the β-arrestin recruitment after receptor activation type.It was demonstrated that the activation by CXCL8 of the CXCR2 receptor in cells of the PathHunter HEK293-CXCR2 line or of the CXCR1 receptor in cells of the U2OS h CXCR1 β-arrestin line results in the recruitment of β-arrestin (Richardson, R. M., R. J. Marjoram, L. S. Barak, R. Snyderman. 2003. Role of the cytoplasmic tails of CXCR1 and CXCR2 in mediating leukocyte migration, activation, and regulation. J. Immunol. 170: 2904-2911).In order to evaluate the direct interaction of the CXCR2 or CXCR1 receptor with β-arrestin 2, a β-arrestin 2 recruitment test for CXCR2 or CXCR1 based on β-galactosidase enzyme complementation (Olson K R, Eglen R M. Beta galactosidase complementation: a cell-based luminescent assay platform for drug discovery. Assay Drug Dev Technol. 2007 February; 5(1); 137-44), as established by DiscoveRx Corporation was used. The stimulation of these two cell lines with CXCL8 (10 nM) induces β-arrestin 2 recruitment, as indicated by a significant increase in the induction factor. All the CXCR2 antagonists were tested in a dose-dependent manner and the concentration corresponding to 50% inhibition of the response was determined (IC50=half inhibition concentration).",0.96
COC(=O)C1CCCN1C(=O)c1cccc(Nc2c(NC(c3ccc(C)o3)[C@H]3CCCS3)c(=O)c2=O)c1F,6.26,CHEMBL3891755,CHEMBL3888716,CHEMBL3886800,"In Vitro Affinity Assay: â¿¿PathHunter HEK293-CXCR2â¿ or â¿¿U2OS hCXCR1 β-arrestinâ¿ cells (DiscoveRx Corporation) were seeded overnight at 10 000 cells/well (384-well format) in 20 μl of Opti MEM I medium. A preincubation with the antagonist or the vehicle for 30 min at 37° C. and 5% CO2 was followed by 60 minutes of stimulation with CXCL8 at 37° C. and 5% CO2. The cells were then placed at ambient temperature for 30 minutes. The PathHunter detection reagent (DiscoveRx Corporation) was added. After incubation for 60 min at ambient temperature, the β-galactosidase induced by the luminescence during the β-arrestin-CXCR2 interaction was measured for 0.3 s in an Envision 2102 Multilabel Reader (PerkinElmer Life and Analytical Sciences).",6.71,CHEMBL3891755,CHEMBL3888717,CHEMBL3886800,"In Vitro Affinity Assay: â¿¿PathHunter HEK293-CXCR2â¿ or â¿¿U2OS hCXCR1 β-arrestinâ¿ cells (DiscoveRx Corporation) were seeded overnight at 10 000 cells/well (384-well format) in 20 μl of Opti MEM I medium. A preincubation with the antagonist or the vehicle for 30 min at 37° C. and 5% CO2 was followed by 60 minutes of stimulation with CXCL8 at 37° C. and 5% CO2. The cells were then placed at ambient temperature for 30 minutes. The PathHunter detection reagent (DiscoveRx Corporation) was added. After incubation for 60 min at ambient temperature, the β-galactosidase induced by the luminescence during the β-arrestin-CXCR2 interaction was measured for 0.3 s in an Envision 2102 Multilabel Reader (PerkinElmer Life and Analytical Sciences).",0.4500000000000002
COC(=O)C1CCCN1C(=O)c1cccc(Nc2c(N[C@@H](c3ccc(C)o3)C3(C)COC3)c(=O)c2=O)c1O,6.199999999999999,CHEMBL3640000,CHEMBL3706377,CHEMBL3638995,"In Vitro Assay: The in vitro affinity of the compounds of the present invention for the CXCR1 and CXCR2 receptors was determined on a functional test of the .beta.-arrestin recruitment type after receptor activation.It was demonstrated that the activation by CXCL8 of the CXCR2 receptor in cells of the PathHunter HEK293-CXCR2 line or of the CXCR1 receptor in cells of the U2OS h CXCR1 .beta.-arrestin line results in the recruitment of .beta.-arrestin (Richardson et al. 2003 Role of the cytoplasmic tails of CXCR1 and CXCR2 in mediating leukocyte migration, activation, and regulation. J. Immunol. 170: 2904-2911.)In order to evaluate the direct interaction of the CXCR2 or CXCR1 receptor with .beta.-arrestin 2, a .beta.-arrestin 2 recruitment test for CXCR2 or CXCR1 based on of .beta.-galactosidase enzyme complementation (Olson K R, Eglen R M. Beta galactosidase complementation: a cell-based luminescent assay platform for drug discovery. Assay Drug Dev Technol. 2007 February; 5(1); 137-44).",7.324999999999999,CHEMBL3640000,CHEMBL3707937,CHEMBL3638995,"In Vitro Assay: The in vitro affinity of the compounds of the present invention for the CXCR1 and CXCR2 receptors was determined on a functional test of the .beta.-arrestin recruitment type after receptor activation.It was demonstrated that the activation by CXCL8 of the CXCR2 receptor in cells of the PathHunter HEK293-CXCR2 line or of the CXCR1 receptor in cells of the U2OS h CXCR1 .beta.-arrestin line results in the recruitment of .beta.-arrestin (Richardson et al. 2003 Role of the cytoplasmic tails of CXCR1 and CXCR2 in mediating leukocyte migration, activation, and regulation. J. Immunol. 170: 2904-2911.)In order to evaluate the direct interaction of the CXCR2 or CXCR1 receptor with .beta.-arrestin 2, a .beta.-arrestin 2 recruitment test for CXCR2 or CXCR1 based on of .beta.-galactosidase enzyme complementation (Olson K R, Eglen R M. Beta galactosidase complementation: a cell-based luminescent assay platform for drug discovery. Assay Drug Dev Technol. 2007 February; 5(1); 137-44).",1.125
COC(=O)C1CCCN1C(=O)c1cccc(Nc2c(N[C@H](c3ccc(C)o3)[C@@H]3CCCS3)c(=O)c2=O)c1F,5.05,CHEMBL3968340,CHEMBL3888716,CHEMBL3886800,"In Vitro Affinity Assay: â¿¿PathHunter HEK293-CXCR2â¿ or â¿¿U2OS hCXCR1 β-arrestinâ¿ cells (DiscoveRx Corporation) were seeded overnight at 10 000 cells/well (384-well format) in 20 μl of Opti MEM I medium. A preincubation with the antagonist or the vehicle for 30 min at 37° C. and 5% CO2 was followed by 60 minutes of stimulation with CXCL8 at 37° C. and 5% CO2. The cells were then placed at ambient temperature for 30 minutes. The PathHunter detection reagent (DiscoveRx Corporation) was added. After incubation for 60 min at ambient temperature, the β-galactosidase induced by the luminescence during the β-arrestin-CXCR2 interaction was measured for 0.3 s in an Envision 2102 Multilabel Reader (PerkinElmer Life and Analytical Sciences).",6.01,CHEMBL3968340,CHEMBL3888717,CHEMBL3886800,"In Vitro Affinity Assay: â¿¿PathHunter HEK293-CXCR2â¿ or â¿¿U2OS hCXCR1 β-arrestinâ¿ cells (DiscoveRx Corporation) were seeded overnight at 10 000 cells/well (384-well format) in 20 μl of Opti MEM I medium. A preincubation with the antagonist or the vehicle for 30 min at 37° C. and 5% CO2 was followed by 60 minutes of stimulation with CXCL8 at 37° C. and 5% CO2. The cells were then placed at ambient temperature for 30 minutes. The PathHunter detection reagent (DiscoveRx Corporation) was added. After incubation for 60 min at ambient temperature, the β-galactosidase induced by the luminescence during the β-arrestin-CXCR2 interaction was measured for 0.3 s in an Envision 2102 Multilabel Reader (PerkinElmer Life and Analytical Sciences).",0.96
COC(=O)CN(C)C(=O)c1cccc(Nc2c(NC(c3ccc(C)o3)C3CCCS3)c(=O)c2=O)c1O,6.645,CHEMBL5941559,CHEMBL5731468,CHEMBL5725784,"In Vitro Affinity Assay: The in vitro affinity of the compounds of the present invention for the CXCR1 and CXCR2 receptors was determined on a functional test of the β-arrestin recruitment after receptor activation type.It was demonstrated that the activation by CXCL8 of the CXCR2 receptor in cells of the PathHunter HEK293-CXCR2 line or of the CXCR1 receptor in cells of the U2OS h CXCR1 β-arrestin line results in the recruitment of β-arrestin (Richardson, R. M., R. J. Marjoram, L. S. Barak, R. Snyderman. 2003. Role of the cytoplasmic tails of CXCR1 and CXCR2 in mediating leukocyte migration, activation, and regulation. J. Immunol. 170: 2904-2911).In order to evaluate the direct interaction of the CXCR2 or CXCR1 receptor with β-arrestin 2, a β-arrestin 2 recruitment test for CXCR2 or CXCR1 based on β-galactosidase enzyme complementation (Olson K R, Eglen R M. Beta galactosidase complementation: a cell-based luminescent assay platform for drug discovery. Assay Drug Dev Technol. 2007 February; 5(1); 137-44), as established by DiscoveRx Corporation was used. The stimulation of these two cell lines with CXCL8 (10 nM) induces β-arrestin 2 recruitment, as indicated by a significant increase in the induction factor. All the CXCR2 antagonists were tested in a dose-dependent manner and the concentration corresponding to 50% inhibition of the response was determined (IC50=half inhibition concentration).",6.96,CHEMBL5941559,CHEMBL5731469,CHEMBL5725784,"In Vitro Affinity Assay: The in vitro affinity of the compounds of the present invention for the CXCR1 and CXCR2 receptors was determined on a functional test of the β-arrestin recruitment after receptor activation type.It was demonstrated that the activation by CXCL8 of the CXCR2 receptor in cells of the PathHunter HEK293-CXCR2 line or of the CXCR1 receptor in cells of the U2OS h CXCR1 β-arrestin line results in the recruitment of β-arrestin (Richardson, R. M., R. J. Marjoram, L. S. Barak, R. Snyderman. 2003. Role of the cytoplasmic tails of CXCR1 and CXCR2 in mediating leukocyte migration, activation, and regulation. J. Immunol. 170: 2904-2911).In order to evaluate the direct interaction of the CXCR2 or CXCR1 receptor with β-arrestin 2, a β-arrestin 2 recruitment test for CXCR2 or CXCR1 based on β-galactosidase enzyme complementation (Olson K R, Eglen R M. Beta galactosidase complementation: a cell-based luminescent assay platform for drug discovery. Assay Drug Dev Technol. 2007 February; 5(1); 137-44), as established by DiscoveRx Corporation was used. The stimulation of these two cell lines with CXCL8 (10 nM) induces β-arrestin 2 recruitment, as indicated by a significant increase in the induction factor. All the CXCR2 antagonists were tested in a dose-dependent manner and the concentration corresponding to 50% inhibition of the response was determined (IC50=half inhibition concentration).",0.3150000000000004
COC(=O)CN(C)C(=O)c1cccc(Nc2c(N[C@@H](c3ccc(C)o3)C3CCCS3)c(=O)c2=O)c1O,7.38,CHEMBL3904195,CHEMBL3888716; CHEMBL5731468,CHEMBL3886800; CHEMBL5725784,"In Vitro Affinity Assay: â¿¿PathHunter HEK293-CXCR2â¿ or â¿¿U2OS hCXCR1 β-arrestinâ¿ cells (DiscoveRx Corporation) were seeded overnight at 10 000 cells/well (384-well format) in 20 μl of Opti MEM I medium. A preincubation with the antagonist or the vehicle for 30 min at 37° C. and 5% CO2 was followed by 60 minutes of stimulation with CXCL8 at 37° C. and 5% CO2. The cells were then placed at ambient temperature for 30 minutes. The PathHunter detection reagent (DiscoveRx Corporation) was added. After incubation for 60 min at ambient temperature, the β-galactosidase induced by the luminescence during the β-arrestin-CXCR2 interaction was measured for 0.3 s in an Envision 2102 Multilabel Reader (PerkinElmer Life and Analytical Sciences).; In Vitro Affinity Assay: The in vitro affinity of the compounds of the present invention for the CXCR1 and CXCR2 receptors was determined on a functional test of the β-arrestin recruitment after receptor activation type.It was demonstrated that the activation by CXCL8 of the CXCR2 receptor in cells of the PathHunter HEK293-CXCR2 line or of the CXCR1 receptor in cells of the U2OS h CXCR1 β-arrestin line results in the recruitment of β-arrestin (Richardson, R. M., R. J. Marjoram, L. S. Barak, R. Snyderman. 2003. Role of the cytoplasmic tails of CXCR1 and CXCR2 in mediating leukocyte migration, activation, and regulation. J. Immunol. 170: 2904-2911).In order to evaluate the direct interaction of the CXCR2 or CXCR1 receptor with β-arrestin 2, a β-arrestin 2 recruitment test for CXCR2 or CXCR1 based on β-galactosidase enzyme complementation (Olson K R, Eglen R M. Beta galactosidase complementation: a cell-based luminescent assay platform for drug discovery. Assay Drug Dev Technol. 2007 February; 5(1); 137-44), as established by DiscoveRx Corporation was used. The stimulation of these two cell lines with CXCL8 (10 nM) induces β-arrestin 2 recruitment, as indicated by a significant increase in the induction factor. All the CXCR2 antagonists were tested in a dose-dependent manner and the concentration corresponding to 50% inhibition of the response was determined (IC50=half inhibition concentration).",7.7,CHEMBL3904195,CHEMBL5731469; CHEMBL3888717,CHEMBL3886800; CHEMBL5725784,"In Vitro Affinity Assay: â¿¿PathHunter HEK293-CXCR2â¿ or â¿¿U2OS hCXCR1 β-arrestinâ¿ cells (DiscoveRx Corporation) were seeded overnight at 10 000 cells/well (384-well format) in 20 μl of Opti MEM I medium. A preincubation with the antagonist or the vehicle for 30 min at 37° C. and 5% CO2 was followed by 60 minutes of stimulation with CXCL8 at 37° C. and 5% CO2. The cells were then placed at ambient temperature for 30 minutes. The PathHunter detection reagent (DiscoveRx Corporation) was added. After incubation for 60 min at ambient temperature, the β-galactosidase induced by the luminescence during the β-arrestin-CXCR2 interaction was measured for 0.3 s in an Envision 2102 Multilabel Reader (PerkinElmer Life and Analytical Sciences).; In Vitro Affinity Assay: The in vitro affinity of the compounds of the present invention for the CXCR1 and CXCR2 receptors was determined on a functional test of the β-arrestin recruitment after receptor activation type.It was demonstrated that the activation by CXCL8 of the CXCR2 receptor in cells of the PathHunter HEK293-CXCR2 line or of the CXCR1 receptor in cells of the U2OS h CXCR1 β-arrestin line results in the recruitment of β-arrestin (Richardson, R. M., R. J. Marjoram, L. S. Barak, R. Snyderman. 2003. Role of the cytoplasmic tails of CXCR1 and CXCR2 in mediating leukocyte migration, activation, and regulation. J. Immunol. 170: 2904-2911).In order to evaluate the direct interaction of the CXCR2 or CXCR1 receptor with β-arrestin 2, a β-arrestin 2 recruitment test for CXCR2 or CXCR1 based on β-galactosidase enzyme complementation (Olson K R, Eglen R M. Beta galactosidase complementation: a cell-based luminescent assay platform for drug discovery. Assay Drug Dev Technol. 2007 February; 5(1); 137-44), as established by DiscoveRx Corporation was used. The stimulation of these two cell lines with CXCL8 (10 nM) induces β-arrestin 2 recruitment, as indicated by a significant increase in the induction factor. All the CXCR2 antagonists were tested in a dose-dependent manner and the concentration corresponding to 50% inhibition of the response was determined (IC50=half inhibition concentration).",0.3200000000000003
COC(=O)CNCC(=O)c1cccc(Nc2c(NC(c3ccc(C)o3)C3CCCS3)c(=O)c2=O)c1O,6.645,CHEMBL3935902,CHEMBL3888716,CHEMBL3886800,"In Vitro Affinity Assay: â¿¿PathHunter HEK293-CXCR2â¿ or â¿¿U2OS hCXCR1 β-arrestinâ¿ cells (DiscoveRx Corporation) were seeded overnight at 10 000 cells/well (384-well format) in 20 μl of Opti MEM I medium. A preincubation with the antagonist or the vehicle for 30 min at 37° C. and 5% CO2 was followed by 60 minutes of stimulation with CXCL8 at 37° C. and 5% CO2. The cells were then placed at ambient temperature for 30 minutes. The PathHunter detection reagent (DiscoveRx Corporation) was added. After incubation for 60 min at ambient temperature, the β-galactosidase induced by the luminescence during the β-arrestin-CXCR2 interaction was measured for 0.3 s in an Envision 2102 Multilabel Reader (PerkinElmer Life and Analytical Sciences).",6.96,CHEMBL3935902,CHEMBL3888717,CHEMBL3886800,"In Vitro Affinity Assay: â¿¿PathHunter HEK293-CXCR2â¿ or â¿¿U2OS hCXCR1 β-arrestinâ¿ cells (DiscoveRx Corporation) were seeded overnight at 10 000 cells/well (384-well format) in 20 μl of Opti MEM I medium. A preincubation with the antagonist or the vehicle for 30 min at 37° C. and 5% CO2 was followed by 60 minutes of stimulation with CXCL8 at 37° C. and 5% CO2. The cells were then placed at ambient temperature for 30 minutes. The PathHunter detection reagent (DiscoveRx Corporation) was added. After incubation for 60 min at ambient temperature, the β-galactosidase induced by the luminescence during the β-arrestin-CXCR2 interaction was measured for 0.3 s in an Envision 2102 Multilabel Reader (PerkinElmer Life and Analytical Sciences).",0.3150000000000004
COc1ccc(C(Nc2c(Nc3cccc(C(=O)N(C)C)c3O)c(=O)c2=O)C2(C)COC2)cc1,5.0,CHEMBL3704557,CHEMBL3706377,CHEMBL3638995,"In Vitro Assay: The in vitro affinity of the compounds of the present invention for the CXCR1 and CXCR2 receptors was determined on a functional test of the .beta.-arrestin recruitment type after receptor activation.It was demonstrated that the activation by CXCL8 of the CXCR2 receptor in cells of the PathHunter HEK293-CXCR2 line or of the CXCR1 receptor in cells of the U2OS h CXCR1 .beta.-arrestin line results in the recruitment of .beta.-arrestin (Richardson et al. 2003 Role of the cytoplasmic tails of CXCR1 and CXCR2 in mediating leukocyte migration, activation, and regulation. J. Immunol. 170: 2904-2911.)In order to evaluate the direct interaction of the CXCR2 or CXCR1 receptor with .beta.-arrestin 2, a .beta.-arrestin 2 recruitment test for CXCR2 or CXCR1 based on of .beta.-galactosidase enzyme complementation (Olson K R, Eglen R M. Beta galactosidase complementation: a cell-based luminescent assay platform for drug discovery. Assay Drug Dev Technol. 2007 February; 5(1); 137-44).",6.36,CHEMBL3704557,CHEMBL3707937,CHEMBL3638995,"In Vitro Assay: The in vitro affinity of the compounds of the present invention for the CXCR1 and CXCR2 receptors was determined on a functional test of the .beta.-arrestin recruitment type after receptor activation.It was demonstrated that the activation by CXCL8 of the CXCR2 receptor in cells of the PathHunter HEK293-CXCR2 line or of the CXCR1 receptor in cells of the U2OS h CXCR1 .beta.-arrestin line results in the recruitment of .beta.-arrestin (Richardson et al. 2003 Role of the cytoplasmic tails of CXCR1 and CXCR2 in mediating leukocyte migration, activation, and regulation. J. Immunol. 170: 2904-2911.)In order to evaluate the direct interaction of the CXCR2 or CXCR1 receptor with .beta.-arrestin 2, a .beta.-arrestin 2 recruitment test for CXCR2 or CXCR1 based on of .beta.-galactosidase enzyme complementation (Olson K R, Eglen R M. Beta galactosidase complementation: a cell-based luminescent assay platform for drug discovery. Assay Drug Dev Technol. 2007 February; 5(1); 137-44).",1.3600000000000003
COc1ccc(Nc2c(NC(c3ccc(C)o3)C3(C)COC3)c(=O)c2=O)c(=O)[nH]1,5.0,CHEMBL3704566,CHEMBL3706377,CHEMBL3638995,"In Vitro Assay: The in vitro affinity of the compounds of the present invention for the CXCR1 and CXCR2 receptors was determined on a functional test of the .beta.-arrestin recruitment type after receptor activation.It was demonstrated that the activation by CXCL8 of the CXCR2 receptor in cells of the PathHunter HEK293-CXCR2 line or of the CXCR1 receptor in cells of the U2OS h CXCR1 .beta.-arrestin line results in the recruitment of .beta.-arrestin (Richardson et al. 2003 Role of the cytoplasmic tails of CXCR1 and CXCR2 in mediating leukocyte migration, activation, and regulation. J. Immunol. 170: 2904-2911.)In order to evaluate the direct interaction of the CXCR2 or CXCR1 receptor with .beta.-arrestin 2, a .beta.-arrestin 2 recruitment test for CXCR2 or CXCR1 based on of .beta.-galactosidase enzyme complementation (Olson K R, Eglen R M. Beta galactosidase complementation: a cell-based luminescent assay platform for drug discovery. Assay Drug Dev Technol. 2007 February; 5(1); 137-44).",5.99,CHEMBL3704566,CHEMBL3707937,CHEMBL3638995,"In Vitro Assay: The in vitro affinity of the compounds of the present invention for the CXCR1 and CXCR2 receptors was determined on a functional test of the .beta.-arrestin recruitment type after receptor activation.It was demonstrated that the activation by CXCL8 of the CXCR2 receptor in cells of the PathHunter HEK293-CXCR2 line or of the CXCR1 receptor in cells of the U2OS h CXCR1 .beta.-arrestin line results in the recruitment of .beta.-arrestin (Richardson et al. 2003 Role of the cytoplasmic tails of CXCR1 and CXCR2 in mediating leukocyte migration, activation, and regulation. J. Immunol. 170: 2904-2911.)In order to evaluate the direct interaction of the CXCR2 or CXCR1 receptor with .beta.-arrestin 2, a .beta.-arrestin 2 recruitment test for CXCR2 or CXCR1 based on of .beta.-galactosidase enzyme complementation (Olson K R, Eglen R M. Beta galactosidase complementation: a cell-based luminescent assay platform for drug discovery. Assay Drug Dev Technol. 2007 February; 5(1); 137-44).",0.9900000000000002
COc1cccc(C(Nc2c(Nc3cccc(C(=O)N(C)C)c3O)c(=O)c2=O)C2(C)COC2)c1,5.26,CHEMBL3704556,CHEMBL3706377,CHEMBL3638995,"In Vitro Assay: The in vitro affinity of the compounds of the present invention for the CXCR1 and CXCR2 receptors was determined on a functional test of the .beta.-arrestin recruitment type after receptor activation.It was demonstrated that the activation by CXCL8 of the CXCR2 receptor in cells of the PathHunter HEK293-CXCR2 line or of the CXCR1 receptor in cells of the U2OS h CXCR1 .beta.-arrestin line results in the recruitment of .beta.-arrestin (Richardson et al. 2003 Role of the cytoplasmic tails of CXCR1 and CXCR2 in mediating leukocyte migration, activation, and regulation. J. Immunol. 170: 2904-2911.)In order to evaluate the direct interaction of the CXCR2 or CXCR1 receptor with .beta.-arrestin 2, a .beta.-arrestin 2 recruitment test for CXCR2 or CXCR1 based on of .beta.-galactosidase enzyme complementation (Olson K R, Eglen R M. Beta galactosidase complementation: a cell-based luminescent assay platform for drug discovery. Assay Drug Dev Technol. 2007 February; 5(1); 137-44).",6.32,CHEMBL3704556,CHEMBL3707937,CHEMBL3638995,"In Vitro Assay: The in vitro affinity of the compounds of the present invention for the CXCR1 and CXCR2 receptors was determined on a functional test of the .beta.-arrestin recruitment type after receptor activation.It was demonstrated that the activation by CXCL8 of the CXCR2 receptor in cells of the PathHunter HEK293-CXCR2 line or of the CXCR1 receptor in cells of the U2OS h CXCR1 .beta.-arrestin line results in the recruitment of .beta.-arrestin (Richardson et al. 2003 Role of the cytoplasmic tails of CXCR1 and CXCR2 in mediating leukocyte migration, activation, and regulation. J. Immunol. 170: 2904-2911.)In order to evaluate the direct interaction of the CXCR2 or CXCR1 receptor with .beta.-arrestin 2, a .beta.-arrestin 2 recruitment test for CXCR2 or CXCR1 based on of .beta.-galactosidase enzyme complementation (Olson K R, Eglen R M. Beta galactosidase complementation: a cell-based luminescent assay platform for drug discovery. Assay Drug Dev Technol. 2007 February; 5(1); 137-44).",1.0600000000000005
Cc1cc(C(Nc2c(Nc3cccc(C(=O)N(C)C)c3O)c(=O)c2=O)C2(C)COC2)oc1C,5.81,CHEMBL3704555,CHEMBL3706377,CHEMBL3638995,"In Vitro Assay: The in vitro affinity of the compounds of the present invention for the CXCR1 and CXCR2 receptors was determined on a functional test of the .beta.-arrestin recruitment type after receptor activation.It was demonstrated that the activation by CXCL8 of the CXCR2 receptor in cells of the PathHunter HEK293-CXCR2 line or of the CXCR1 receptor in cells of the U2OS h CXCR1 .beta.-arrestin line results in the recruitment of .beta.-arrestin (Richardson et al. 2003 Role of the cytoplasmic tails of CXCR1 and CXCR2 in mediating leukocyte migration, activation, and regulation. J. Immunol. 170: 2904-2911.)In order to evaluate the direct interaction of the CXCR2 or CXCR1 receptor with .beta.-arrestin 2, a .beta.-arrestin 2 recruitment test for CXCR2 or CXCR1 based on of .beta.-galactosidase enzyme complementation (Olson K R, Eglen R M. Beta galactosidase complementation: a cell-based luminescent assay platform for drug discovery. Assay Drug Dev Technol. 2007 February; 5(1); 137-44).",6.61,CHEMBL3704555,CHEMBL3707937,CHEMBL3638995,"In Vitro Assay: The in vitro affinity of the compounds of the present invention for the CXCR1 and CXCR2 receptors was determined on a functional test of the .beta.-arrestin recruitment type after receptor activation.It was demonstrated that the activation by CXCL8 of the CXCR2 receptor in cells of the PathHunter HEK293-CXCR2 line or of the CXCR1 receptor in cells of the U2OS h CXCR1 .beta.-arrestin line results in the recruitment of .beta.-arrestin (Richardson et al. 2003 Role of the cytoplasmic tails of CXCR1 and CXCR2 in mediating leukocyte migration, activation, and regulation. J. Immunol. 170: 2904-2911.)In order to evaluate the direct interaction of the CXCR2 or CXCR1 receptor with .beta.-arrestin 2, a .beta.-arrestin 2 recruitment test for CXCR2 or CXCR1 based on of .beta.-galactosidase enzyme complementation (Olson K R, Eglen R M. Beta galactosidase complementation: a cell-based luminescent assay platform for drug discovery. Assay Drug Dev Technol. 2007 February; 5(1); 137-44).",0.8000000000000007
Cc1ccc(C(Nc2c(NC3CC=CN(C)C3=O)c(=O)c2=O)C2CCCS2)o1,6.42,CHEMBL3986396,CHEMBL3888716,CHEMBL3886800,"In Vitro Affinity Assay: â¿¿PathHunter HEK293-CXCR2â¿ or â¿¿U2OS hCXCR1 β-arrestinâ¿ cells (DiscoveRx Corporation) were seeded overnight at 10 000 cells/well (384-well format) in 20 μl of Opti MEM I medium. A preincubation with the antagonist or the vehicle for 30 min at 37° C. and 5% CO2 was followed by 60 minutes of stimulation with CXCL8 at 37° C. and 5% CO2. The cells were then placed at ambient temperature for 30 minutes. The PathHunter detection reagent (DiscoveRx Corporation) was added. After incubation for 60 min at ambient temperature, the β-galactosidase induced by the luminescence during the β-arrestin-CXCR2 interaction was measured for 0.3 s in an Envision 2102 Multilabel Reader (PerkinElmer Life and Analytical Sciences).",7.36,CHEMBL3986396,CHEMBL3888717,CHEMBL3886800,"In Vitro Affinity Assay: â¿¿PathHunter HEK293-CXCR2â¿ or â¿¿U2OS hCXCR1 β-arrestinâ¿ cells (DiscoveRx Corporation) were seeded overnight at 10 000 cells/well (384-well format) in 20 μl of Opti MEM I medium. A preincubation with the antagonist or the vehicle for 30 min at 37° C. and 5% CO2 was followed by 60 minutes of stimulation with CXCL8 at 37° C. and 5% CO2. The cells were then placed at ambient temperature for 30 minutes. The PathHunter detection reagent (DiscoveRx Corporation) was added. After incubation for 60 min at ambient temperature, the β-galactosidase induced by the luminescence during the β-arrestin-CXCR2 interaction was measured for 0.3 s in an Envision 2102 Multilabel Reader (PerkinElmer Life and Analytical Sciences).",0.9400000000000004
Cc1ccc(C(Nc2c(Nc3ccc(Cl)[nH]c3=O)c(=O)c2=O)C2(C)COC2)o1,5.28,CHEMBL3704567,CHEMBL3706377,CHEMBL3638995,"In Vitro Assay: The in vitro affinity of the compounds of the present invention for the CXCR1 and CXCR2 receptors was determined on a functional test of the .beta.-arrestin recruitment type after receptor activation.It was demonstrated that the activation by CXCL8 of the CXCR2 receptor in cells of the PathHunter HEK293-CXCR2 line or of the CXCR1 receptor in cells of the U2OS h CXCR1 .beta.-arrestin line results in the recruitment of .beta.-arrestin (Richardson et al. 2003 Role of the cytoplasmic tails of CXCR1 and CXCR2 in mediating leukocyte migration, activation, and regulation. J. Immunol. 170: 2904-2911.)In order to evaluate the direct interaction of the CXCR2 or CXCR1 receptor with .beta.-arrestin 2, a .beta.-arrestin 2 recruitment test for CXCR2 or CXCR1 based on of .beta.-galactosidase enzyme complementation (Olson K R, Eglen R M. Beta galactosidase complementation: a cell-based luminescent assay platform for drug discovery. Assay Drug Dev Technol. 2007 February; 5(1); 137-44).",6.3,CHEMBL3704567,CHEMBL3707937,CHEMBL3638995,"In Vitro Assay: The in vitro affinity of the compounds of the present invention for the CXCR1 and CXCR2 receptors was determined on a functional test of the .beta.-arrestin recruitment type after receptor activation.It was demonstrated that the activation by CXCL8 of the CXCR2 receptor in cells of the PathHunter HEK293-CXCR2 line or of the CXCR1 receptor in cells of the U2OS h CXCR1 .beta.-arrestin line results in the recruitment of .beta.-arrestin (Richardson et al. 2003 Role of the cytoplasmic tails of CXCR1 and CXCR2 in mediating leukocyte migration, activation, and regulation. J. Immunol. 170: 2904-2911.)In order to evaluate the direct interaction of the CXCR2 or CXCR1 receptor with .beta.-arrestin 2, a .beta.-arrestin 2 recruitment test for CXCR2 or CXCR1 based on of .beta.-galactosidase enzyme complementation (Olson K R, Eglen R M. Beta galactosidase complementation: a cell-based luminescent assay platform for drug discovery. Assay Drug Dev Technol. 2007 February; 5(1); 137-44).",1.0199999999999996
Cc1ccc(C(Nc2c(Nc3ccc(Cl)c(C(=O)N(C)C)c3O)c(=O)c2=O)C2CCCS2)o1,6.95,CHEMBL3956601,CHEMBL3888716; CHEMBL5731468,CHEMBL3886800; CHEMBL5725784,"In Vitro Affinity Assay: â¿¿PathHunter HEK293-CXCR2â¿ or â¿¿U2OS hCXCR1 β-arrestinâ¿ cells (DiscoveRx Corporation) were seeded overnight at 10 000 cells/well (384-well format) in 20 μl of Opti MEM I medium. A preincubation with the antagonist or the vehicle for 30 min at 37° C. and 5% CO2 was followed by 60 minutes of stimulation with CXCL8 at 37° C. and 5% CO2. The cells were then placed at ambient temperature for 30 minutes. The PathHunter detection reagent (DiscoveRx Corporation) was added. After incubation for 60 min at ambient temperature, the β-galactosidase induced by the luminescence during the β-arrestin-CXCR2 interaction was measured for 0.3 s in an Envision 2102 Multilabel Reader (PerkinElmer Life and Analytical Sciences).; In Vitro Affinity Assay: The in vitro affinity of the compounds of the present invention for the CXCR1 and CXCR2 receptors was determined on a functional test of the β-arrestin recruitment after receptor activation type.It was demonstrated that the activation by CXCL8 of the CXCR2 receptor in cells of the PathHunter HEK293-CXCR2 line or of the CXCR1 receptor in cells of the U2OS h CXCR1 β-arrestin line results in the recruitment of β-arrestin (Richardson, R. M., R. J. Marjoram, L. S. Barak, R. Snyderman. 2003. Role of the cytoplasmic tails of CXCR1 and CXCR2 in mediating leukocyte migration, activation, and regulation. J. Immunol. 170: 2904-2911).In order to evaluate the direct interaction of the CXCR2 or CXCR1 receptor with β-arrestin 2, a β-arrestin 2 recruitment test for CXCR2 or CXCR1 based on β-galactosidase enzyme complementation (Olson K R, Eglen R M. Beta galactosidase complementation: a cell-based luminescent assay platform for drug discovery. Assay Drug Dev Technol. 2007 February; 5(1); 137-44), as established by DiscoveRx Corporation was used. The stimulation of these two cell lines with CXCL8 (10 nM) induces β-arrestin 2 recruitment, as indicated by a significant increase in the induction factor. All the CXCR2 antagonists were tested in a dose-dependent manner and the concentration corresponding to 50% inhibition of the response was determined (IC50=half inhibition concentration).",7.16,CHEMBL3956601,CHEMBL5731469; CHEMBL3888717,CHEMBL3886800; CHEMBL5725784,"In Vitro Affinity Assay: â¿¿PathHunter HEK293-CXCR2â¿ or â¿¿U2OS hCXCR1 β-arrestinâ¿ cells (DiscoveRx Corporation) were seeded overnight at 10 000 cells/well (384-well format) in 20 μl of Opti MEM I medium. A preincubation with the antagonist or the vehicle for 30 min at 37° C. and 5% CO2 was followed by 60 minutes of stimulation with CXCL8 at 37° C. and 5% CO2. The cells were then placed at ambient temperature for 30 minutes. The PathHunter detection reagent (DiscoveRx Corporation) was added. After incubation for 60 min at ambient temperature, the β-galactosidase induced by the luminescence during the β-arrestin-CXCR2 interaction was measured for 0.3 s in an Envision 2102 Multilabel Reader (PerkinElmer Life and Analytical Sciences).; In Vitro Affinity Assay: The in vitro affinity of the compounds of the present invention for the CXCR1 and CXCR2 receptors was determined on a functional test of the β-arrestin recruitment after receptor activation type.It was demonstrated that the activation by CXCL8 of the CXCR2 receptor in cells of the PathHunter HEK293-CXCR2 line or of the CXCR1 receptor in cells of the U2OS h CXCR1 β-arrestin line results in the recruitment of β-arrestin (Richardson, R. M., R. J. Marjoram, L. S. Barak, R. Snyderman. 2003. Role of the cytoplasmic tails of CXCR1 and CXCR2 in mediating leukocyte migration, activation, and regulation. J. Immunol. 170: 2904-2911).In order to evaluate the direct interaction of the CXCR2 or CXCR1 receptor with β-arrestin 2, a β-arrestin 2 recruitment test for CXCR2 or CXCR1 based on β-galactosidase enzyme complementation (Olson K R, Eglen R M. Beta galactosidase complementation: a cell-based luminescent assay platform for drug discovery. Assay Drug Dev Technol. 2007 February; 5(1); 137-44), as established by DiscoveRx Corporation was used. The stimulation of these two cell lines with CXCL8 (10 nM) induces β-arrestin 2 recruitment, as indicated by a significant increase in the induction factor. All the CXCR2 antagonists were tested in a dose-dependent manner and the concentration corresponding to 50% inhibition of the response was determined (IC50=half inhibition concentration).",0.20999999999999996
Cc1ccc(C(Nc2c(Nc3ccc(Cl)c(S(=O)(=O)N(C)C)c3O)c(=O)c2=O)C2(C)COC2)o1,6.93,CHEMBL3701196,CHEMBL3706377,CHEMBL3638995,"In Vitro Assay: The in vitro affinity of the compounds of the present invention for the CXCR1 and CXCR2 receptors was determined on a functional test of the .beta.-arrestin recruitment type after receptor activation.It was demonstrated that the activation by CXCL8 of the CXCR2 receptor in cells of the PathHunter HEK293-CXCR2 line or of the CXCR1 receptor in cells of the U2OS h CXCR1 .beta.-arrestin line results in the recruitment of .beta.-arrestin (Richardson et al. 2003 Role of the cytoplasmic tails of CXCR1 and CXCR2 in mediating leukocyte migration, activation, and regulation. J. Immunol. 170: 2904-2911.)In order to evaluate the direct interaction of the CXCR2 or CXCR1 receptor with .beta.-arrestin 2, a .beta.-arrestin 2 recruitment test for CXCR2 or CXCR1 based on of .beta.-galactosidase enzyme complementation (Olson K R, Eglen R M. Beta galactosidase complementation: a cell-based luminescent assay platform for drug discovery. Assay Drug Dev Technol. 2007 February; 5(1); 137-44).",7.51,CHEMBL3701196,CHEMBL3707937,CHEMBL3638995,"In Vitro Assay: The in vitro affinity of the compounds of the present invention for the CXCR1 and CXCR2 receptors was determined on a functional test of the .beta.-arrestin recruitment type after receptor activation.It was demonstrated that the activation by CXCL8 of the CXCR2 receptor in cells of the PathHunter HEK293-CXCR2 line or of the CXCR1 receptor in cells of the U2OS h CXCR1 .beta.-arrestin line results in the recruitment of .beta.-arrestin (Richardson et al. 2003 Role of the cytoplasmic tails of CXCR1 and CXCR2 in mediating leukocyte migration, activation, and regulation. J. Immunol. 170: 2904-2911.)In order to evaluate the direct interaction of the CXCR2 or CXCR1 receptor with .beta.-arrestin 2, a .beta.-arrestin 2 recruitment test for CXCR2 or CXCR1 based on of .beta.-galactosidase enzyme complementation (Olson K R, Eglen R M. Beta galactosidase complementation: a cell-based luminescent assay platform for drug discovery. Assay Drug Dev Technol. 2007 February; 5(1); 137-44).",0.5800000000000001
Cc1ccc(C(Nc2c(Nc3ccc(Cl)c(S(=O)(=O)N(C)C)c3O)c(=O)c2=O)C2CCCS2)o1,6.83,CHEMBL3913959,CHEMBL3888716,CHEMBL3886800,"In Vitro Affinity Assay: â¿¿PathHunter HEK293-CXCR2â¿ or â¿¿U2OS hCXCR1 β-arrestinâ¿ cells (DiscoveRx Corporation) were seeded overnight at 10 000 cells/well (384-well format) in 20 μl of Opti MEM I medium. A preincubation with the antagonist or the vehicle for 30 min at 37° C. and 5% CO2 was followed by 60 minutes of stimulation with CXCL8 at 37° C. and 5% CO2. The cells were then placed at ambient temperature for 30 minutes. The PathHunter detection reagent (DiscoveRx Corporation) was added. After incubation for 60 min at ambient temperature, the β-galactosidase induced by the luminescence during the β-arrestin-CXCR2 interaction was measured for 0.3 s in an Envision 2102 Multilabel Reader (PerkinElmer Life and Analytical Sciences).",7.1850000000000005,CHEMBL3913959,CHEMBL3888717,CHEMBL3886800,"In Vitro Affinity Assay: â¿¿PathHunter HEK293-CXCR2â¿ or â¿¿U2OS hCXCR1 β-arrestinâ¿ cells (DiscoveRx Corporation) were seeded overnight at 10 000 cells/well (384-well format) in 20 μl of Opti MEM I medium. A preincubation with the antagonist or the vehicle for 30 min at 37° C. and 5% CO2 was followed by 60 minutes of stimulation with CXCL8 at 37° C. and 5% CO2. The cells were then placed at ambient temperature for 30 minutes. The PathHunter detection reagent (DiscoveRx Corporation) was added. After incubation for 60 min at ambient temperature, the β-galactosidase induced by the luminescence during the β-arrestin-CXCR2 interaction was measured for 0.3 s in an Envision 2102 Multilabel Reader (PerkinElmer Life and Analytical Sciences).",0.3550000000000004
Cc1ccc(C(Nc2c(Nc3ccc(Cl)c(S(=O)(=O)N4CCN(C)CC4)c3O)c(=O)c2=O)C2CCCS2)o1,7.52,CHEMBL3952996,CHEMBL3888716; CHEMBL5731468,CHEMBL3886800; CHEMBL5725784,"In Vitro Affinity Assay: â¿¿PathHunter HEK293-CXCR2â¿ or â¿¿U2OS hCXCR1 β-arrestinâ¿ cells (DiscoveRx Corporation) were seeded overnight at 10 000 cells/well (384-well format) in 20 μl of Opti MEM I medium. A preincubation with the antagonist or the vehicle for 30 min at 37° C. and 5% CO2 was followed by 60 minutes of stimulation with CXCL8 at 37° C. and 5% CO2. The cells were then placed at ambient temperature for 30 minutes. The PathHunter detection reagent (DiscoveRx Corporation) was added. After incubation for 60 min at ambient temperature, the β-galactosidase induced by the luminescence during the β-arrestin-CXCR2 interaction was measured for 0.3 s in an Envision 2102 Multilabel Reader (PerkinElmer Life and Analytical Sciences).; In Vitro Affinity Assay: The in vitro affinity of the compounds of the present invention for the CXCR1 and CXCR2 receptors was determined on a functional test of the β-arrestin recruitment after receptor activation type.It was demonstrated that the activation by CXCL8 of the CXCR2 receptor in cells of the PathHunter HEK293-CXCR2 line or of the CXCR1 receptor in cells of the U2OS h CXCR1 β-arrestin line results in the recruitment of β-arrestin (Richardson, R. M., R. J. Marjoram, L. S. Barak, R. Snyderman. 2003. Role of the cytoplasmic tails of CXCR1 and CXCR2 in mediating leukocyte migration, activation, and regulation. J. Immunol. 170: 2904-2911).In order to evaluate the direct interaction of the CXCR2 or CXCR1 receptor with β-arrestin 2, a β-arrestin 2 recruitment test for CXCR2 or CXCR1 based on β-galactosidase enzyme complementation (Olson K R, Eglen R M. Beta galactosidase complementation: a cell-based luminescent assay platform for drug discovery. Assay Drug Dev Technol. 2007 February; 5(1); 137-44), as established by DiscoveRx Corporation was used. The stimulation of these two cell lines with CXCL8 (10 nM) induces β-arrestin 2 recruitment, as indicated by a significant increase in the induction factor. All the CXCR2 antagonists were tested in a dose-dependent manner and the concentration corresponding to 50% inhibition of the response was determined (IC50=half inhibition concentration).",7.77,CHEMBL3952996,CHEMBL5731469; CHEMBL3888717,CHEMBL3886800; CHEMBL5725784,"In Vitro Affinity Assay: â¿¿PathHunter HEK293-CXCR2â¿ or â¿¿U2OS hCXCR1 β-arrestinâ¿ cells (DiscoveRx Corporation) were seeded overnight at 10 000 cells/well (384-well format) in 20 μl of Opti MEM I medium. A preincubation with the antagonist or the vehicle for 30 min at 37° C. and 5% CO2 was followed by 60 minutes of stimulation with CXCL8 at 37° C. and 5% CO2. The cells were then placed at ambient temperature for 30 minutes. The PathHunter detection reagent (DiscoveRx Corporation) was added. After incubation for 60 min at ambient temperature, the β-galactosidase induced by the luminescence during the β-arrestin-CXCR2 interaction was measured for 0.3 s in an Envision 2102 Multilabel Reader (PerkinElmer Life and Analytical Sciences).; In Vitro Affinity Assay: The in vitro affinity of the compounds of the present invention for the CXCR1 and CXCR2 receptors was determined on a functional test of the β-arrestin recruitment after receptor activation type.It was demonstrated that the activation by CXCL8 of the CXCR2 receptor in cells of the PathHunter HEK293-CXCR2 line or of the CXCR1 receptor in cells of the U2OS h CXCR1 β-arrestin line results in the recruitment of β-arrestin (Richardson, R. M., R. J. Marjoram, L. S. Barak, R. Snyderman. 2003. Role of the cytoplasmic tails of CXCR1 and CXCR2 in mediating leukocyte migration, activation, and regulation. J. Immunol. 170: 2904-2911).In order to evaluate the direct interaction of the CXCR2 or CXCR1 receptor with β-arrestin 2, a β-arrestin 2 recruitment test for CXCR2 or CXCR1 based on β-galactosidase enzyme complementation (Olson K R, Eglen R M. Beta galactosidase complementation: a cell-based luminescent assay platform for drug discovery. Assay Drug Dev Technol. 2007 February; 5(1); 137-44), as established by DiscoveRx Corporation was used. The stimulation of these two cell lines with CXCL8 (10 nM) induces β-arrestin 2 recruitment, as indicated by a significant increase in the induction factor. All the CXCR2 antagonists were tested in a dose-dependent manner and the concentration corresponding to 50% inhibition of the response was determined (IC50=half inhibition concentration).",0.25
Cc1ccc(C(Nc2c(Nc3ccc[nH]c3=O)c(=O)c2=O)C2(C)COC2)o1,5.18,CHEMBL3701194,CHEMBL3706377,CHEMBL3638995,"In Vitro Assay: The in vitro affinity of the compounds of the present invention for the CXCR1 and CXCR2 receptors was determined on a functional test of the .beta.-arrestin recruitment type after receptor activation.It was demonstrated that the activation by CXCL8 of the CXCR2 receptor in cells of the PathHunter HEK293-CXCR2 line or of the CXCR1 receptor in cells of the U2OS h CXCR1 .beta.-arrestin line results in the recruitment of .beta.-arrestin (Richardson et al. 2003 Role of the cytoplasmic tails of CXCR1 and CXCR2 in mediating leukocyte migration, activation, and regulation. J. Immunol. 170: 2904-2911.)In order to evaluate the direct interaction of the CXCR2 or CXCR1 receptor with .beta.-arrestin 2, a .beta.-arrestin 2 recruitment test for CXCR2 or CXCR1 based on of .beta.-galactosidase enzyme complementation (Olson K R, Eglen R M. Beta galactosidase complementation: a cell-based luminescent assay platform for drug discovery. Assay Drug Dev Technol. 2007 February; 5(1); 137-44).",6.47,CHEMBL3701194,CHEMBL3707937,CHEMBL3638995,"In Vitro Assay: The in vitro affinity of the compounds of the present invention for the CXCR1 and CXCR2 receptors was determined on a functional test of the .beta.-arrestin recruitment type after receptor activation.It was demonstrated that the activation by CXCL8 of the CXCR2 receptor in cells of the PathHunter HEK293-CXCR2 line or of the CXCR1 receptor in cells of the U2OS h CXCR1 .beta.-arrestin line results in the recruitment of .beta.-arrestin (Richardson et al. 2003 Role of the cytoplasmic tails of CXCR1 and CXCR2 in mediating leukocyte migration, activation, and regulation. J. Immunol. 170: 2904-2911.)In order to evaluate the direct interaction of the CXCR2 or CXCR1 receptor with .beta.-arrestin 2, a .beta.-arrestin 2 recruitment test for CXCR2 or CXCR1 based on of .beta.-galactosidase enzyme complementation (Olson K R, Eglen R M. Beta galactosidase complementation: a cell-based luminescent assay platform for drug discovery. Assay Drug Dev Technol. 2007 February; 5(1); 137-44).",1.29
Cc1ccc(C(Nc2c(Nc3ccc[nH]c3=O)c(=O)c2=O)C2CCCS2)o1,6.19,CHEMBL3947915,CHEMBL3888716; CHEMBL5731468,CHEMBL3886800; CHEMBL5725784,"In Vitro Affinity Assay: â¿¿PathHunter HEK293-CXCR2â¿ or â¿¿U2OS hCXCR1 β-arrestinâ¿ cells (DiscoveRx Corporation) were seeded overnight at 10 000 cells/well (384-well format) in 20 μl of Opti MEM I medium. A preincubation with the antagonist or the vehicle for 30 min at 37° C. and 5% CO2 was followed by 60 minutes of stimulation with CXCL8 at 37° C. and 5% CO2. The cells were then placed at ambient temperature for 30 minutes. The PathHunter detection reagent (DiscoveRx Corporation) was added. After incubation for 60 min at ambient temperature, the β-galactosidase induced by the luminescence during the β-arrestin-CXCR2 interaction was measured for 0.3 s in an Envision 2102 Multilabel Reader (PerkinElmer Life and Analytical Sciences).; In Vitro Affinity Assay: The in vitro affinity of the compounds of the present invention for the CXCR1 and CXCR2 receptors was determined on a functional test of the β-arrestin recruitment after receptor activation type.It was demonstrated that the activation by CXCL8 of the CXCR2 receptor in cells of the PathHunter HEK293-CXCR2 line or of the CXCR1 receptor in cells of the U2OS h CXCR1 β-arrestin line results in the recruitment of β-arrestin (Richardson, R. M., R. J. Marjoram, L. S. Barak, R. Snyderman. 2003. Role of the cytoplasmic tails of CXCR1 and CXCR2 in mediating leukocyte migration, activation, and regulation. J. Immunol. 170: 2904-2911).In order to evaluate the direct interaction of the CXCR2 or CXCR1 receptor with β-arrestin 2, a β-arrestin 2 recruitment test for CXCR2 or CXCR1 based on β-galactosidase enzyme complementation (Olson K R, Eglen R M. Beta galactosidase complementation: a cell-based luminescent assay platform for drug discovery. Assay Drug Dev Technol. 2007 February; 5(1); 137-44), as established by DiscoveRx Corporation was used. The stimulation of these two cell lines with CXCL8 (10 nM) induces β-arrestin 2 recruitment, as indicated by a significant increase in the induction factor. All the CXCR2 antagonists were tested in a dose-dependent manner and the concentration corresponding to 50% inhibition of the response was determined (IC50=half inhibition concentration).",7.64,CHEMBL3947915,CHEMBL5731469; CHEMBL3888717,CHEMBL3886800; CHEMBL5725784,"In Vitro Affinity Assay: â¿¿PathHunter HEK293-CXCR2â¿ or â¿¿U2OS hCXCR1 β-arrestinâ¿ cells (DiscoveRx Corporation) were seeded overnight at 10 000 cells/well (384-well format) in 20 μl of Opti MEM I medium. A preincubation with the antagonist or the vehicle for 30 min at 37° C. and 5% CO2 was followed by 60 minutes of stimulation with CXCL8 at 37° C. and 5% CO2. The cells were then placed at ambient temperature for 30 minutes. The PathHunter detection reagent (DiscoveRx Corporation) was added. After incubation for 60 min at ambient temperature, the β-galactosidase induced by the luminescence during the β-arrestin-CXCR2 interaction was measured for 0.3 s in an Envision 2102 Multilabel Reader (PerkinElmer Life and Analytical Sciences).; In Vitro Affinity Assay: The in vitro affinity of the compounds of the present invention for the CXCR1 and CXCR2 receptors was determined on a functional test of the β-arrestin recruitment after receptor activation type.It was demonstrated that the activation by CXCL8 of the CXCR2 receptor in cells of the PathHunter HEK293-CXCR2 line or of the CXCR1 receptor in cells of the U2OS h CXCR1 β-arrestin line results in the recruitment of β-arrestin (Richardson, R. M., R. J. Marjoram, L. S. Barak, R. Snyderman. 2003. Role of the cytoplasmic tails of CXCR1 and CXCR2 in mediating leukocyte migration, activation, and regulation. J. Immunol. 170: 2904-2911).In order to evaluate the direct interaction of the CXCR2 or CXCR1 receptor with β-arrestin 2, a β-arrestin 2 recruitment test for CXCR2 or CXCR1 based on β-galactosidase enzyme complementation (Olson K R, Eglen R M. Beta galactosidase complementation: a cell-based luminescent assay platform for drug discovery. Assay Drug Dev Technol. 2007 February; 5(1); 137-44), as established by DiscoveRx Corporation was used. The stimulation of these two cell lines with CXCL8 (10 nM) induces β-arrestin 2 recruitment, as indicated by a significant increase in the induction factor. All the CXCR2 antagonists were tested in a dose-dependent manner and the concentration corresponding to 50% inhibition of the response was determined (IC50=half inhibition concentration).",1.4499999999999993
Cc1ccc(C(Nc2c(Nc3cccc(C#N)c3O)c(=O)c2=O)C2(C)COC2)o1,5.0,CHEMBL3704568,CHEMBL3706377,CHEMBL3638995,"In Vitro Assay: The in vitro affinity of the compounds of the present invention for the CXCR1 and CXCR2 receptors was determined on a functional test of the .beta.-arrestin recruitment type after receptor activation.It was demonstrated that the activation by CXCL8 of the CXCR2 receptor in cells of the PathHunter HEK293-CXCR2 line or of the CXCR1 receptor in cells of the U2OS h CXCR1 .beta.-arrestin line results in the recruitment of .beta.-arrestin (Richardson et al. 2003 Role of the cytoplasmic tails of CXCR1 and CXCR2 in mediating leukocyte migration, activation, and regulation. J. Immunol. 170: 2904-2911.)In order to evaluate the direct interaction of the CXCR2 or CXCR1 receptor with .beta.-arrestin 2, a .beta.-arrestin 2 recruitment test for CXCR2 or CXCR1 based on of .beta.-galactosidase enzyme complementation (Olson K R, Eglen R M. Beta galactosidase complementation: a cell-based luminescent assay platform for drug discovery. Assay Drug Dev Technol. 2007 February; 5(1); 137-44).",6.51,CHEMBL3704568,CHEMBL3707937,CHEMBL3638995,"In Vitro Assay: The in vitro affinity of the compounds of the present invention for the CXCR1 and CXCR2 receptors was determined on a functional test of the .beta.-arrestin recruitment type after receptor activation.It was demonstrated that the activation by CXCL8 of the CXCR2 receptor in cells of the PathHunter HEK293-CXCR2 line or of the CXCR1 receptor in cells of the U2OS h CXCR1 .beta.-arrestin line results in the recruitment of .beta.-arrestin (Richardson et al. 2003 Role of the cytoplasmic tails of CXCR1 and CXCR2 in mediating leukocyte migration, activation, and regulation. J. Immunol. 170: 2904-2911.)In order to evaluate the direct interaction of the CXCR2 or CXCR1 receptor with .beta.-arrestin 2, a .beta.-arrestin 2 recruitment test for CXCR2 or CXCR1 based on of .beta.-galactosidase enzyme complementation (Olson K R, Eglen R M. Beta galactosidase complementation: a cell-based luminescent assay platform for drug discovery. Assay Drug Dev Technol. 2007 February; 5(1); 137-44).",1.5099999999999998
Cc1ccc(C(Nc2c(Nc3cccc(C(=O)C(C)C)c3O)c(=O)c2=O)C2(C)COC2)o1,5.0,CHEMBL3701190,CHEMBL3706377,CHEMBL3638995,"In Vitro Assay: The in vitro affinity of the compounds of the present invention for the CXCR1 and CXCR2 receptors was determined on a functional test of the .beta.-arrestin recruitment type after receptor activation.It was demonstrated that the activation by CXCL8 of the CXCR2 receptor in cells of the PathHunter HEK293-CXCR2 line or of the CXCR1 receptor in cells of the U2OS h CXCR1 .beta.-arrestin line results in the recruitment of .beta.-arrestin (Richardson et al. 2003 Role of the cytoplasmic tails of CXCR1 and CXCR2 in mediating leukocyte migration, activation, and regulation. J. Immunol. 170: 2904-2911.)In order to evaluate the direct interaction of the CXCR2 or CXCR1 receptor with .beta.-arrestin 2, a .beta.-arrestin 2 recruitment test for CXCR2 or CXCR1 based on of .beta.-galactosidase enzyme complementation (Olson K R, Eglen R M. Beta galactosidase complementation: a cell-based luminescent assay platform for drug discovery. Assay Drug Dev Technol. 2007 February; 5(1); 137-44).",7.0,CHEMBL3701190,CHEMBL3707937,CHEMBL3638995,"In Vitro Assay: The in vitro affinity of the compounds of the present invention for the CXCR1 and CXCR2 receptors was determined on a functional test of the .beta.-arrestin recruitment type after receptor activation.It was demonstrated that the activation by CXCL8 of the CXCR2 receptor in cells of the PathHunter HEK293-CXCR2 line or of the CXCR1 receptor in cells of the U2OS h CXCR1 .beta.-arrestin line results in the recruitment of .beta.-arrestin (Richardson et al. 2003 Role of the cytoplasmic tails of CXCR1 and CXCR2 in mediating leukocyte migration, activation, and regulation. J. Immunol. 170: 2904-2911.)In order to evaluate the direct interaction of the CXCR2 or CXCR1 receptor with .beta.-arrestin 2, a .beta.-arrestin 2 recruitment test for CXCR2 or CXCR1 based on of .beta.-galactosidase enzyme complementation (Olson K R, Eglen R M. Beta galactosidase complementation: a cell-based luminescent assay platform for drug discovery. Assay Drug Dev Technol. 2007 February; 5(1); 137-44).",2.0
Cc1ccc(C(Nc2c(Nc3cccc(C(=O)N(C)C)c3O)c(=O)c2=O)C2(C)CCCO2)o1,6.09,CHEMBL3979652,CHEMBL3888716,CHEMBL3886800,"In Vitro Affinity Assay: â¿¿PathHunter HEK293-CXCR2â¿ or â¿¿U2OS hCXCR1 β-arrestinâ¿ cells (DiscoveRx Corporation) were seeded overnight at 10 000 cells/well (384-well format) in 20 μl of Opti MEM I medium. A preincubation with the antagonist or the vehicle for 30 min at 37° C. and 5% CO2 was followed by 60 minutes of stimulation with CXCL8 at 37° C. and 5% CO2. The cells were then placed at ambient temperature for 30 minutes. The PathHunter detection reagent (DiscoveRx Corporation) was added. After incubation for 60 min at ambient temperature, the β-galactosidase induced by the luminescence during the β-arrestin-CXCR2 interaction was measured for 0.3 s in an Envision 2102 Multilabel Reader (PerkinElmer Life and Analytical Sciences).",7.05,CHEMBL3979652,CHEMBL3888717,CHEMBL3886800,"In Vitro Affinity Assay: â¿¿PathHunter HEK293-CXCR2â¿ or â¿¿U2OS hCXCR1 β-arrestinâ¿ cells (DiscoveRx Corporation) were seeded overnight at 10 000 cells/well (384-well format) in 20 μl of Opti MEM I medium. A preincubation with the antagonist or the vehicle for 30 min at 37° C. and 5% CO2 was followed by 60 minutes of stimulation with CXCL8 at 37° C. and 5% CO2. The cells were then placed at ambient temperature for 30 minutes. The PathHunter detection reagent (DiscoveRx Corporation) was added. After incubation for 60 min at ambient temperature, the β-galactosidase induced by the luminescence during the β-arrestin-CXCR2 interaction was measured for 0.3 s in an Envision 2102 Multilabel Reader (PerkinElmer Life and Analytical Sciences).",0.96
Cc1ccc(C(Nc2c(Nc3cccc(C(=O)N(C)C)c3O)c(=O)c2=O)C2(C)CCOCC2)o1,5.47,CHEMBL3938406,CHEMBL3887209,CHEMBL3886212,"In Vitro Assay: The in vitro affinity of the compounds of the present invention for the CXCR1 and CXCR2 receptors was determined on a functional test of the beta -arrestin recruitment after receptor activation type.It was demonstrated that the activation by CXCL8 of the CXCR2 receptor in cells of the PathHunter HEK293-CXCR2 line or of the CXCR1 receptor in cells of the U2OS h CXCR1 beta -arrestin line results in the recruitment of beta -arrestin (Richardson et al. 2003 Role of the cytoplasmic tails of CXCR1 and CXCR2 in mediating leukocyte migration, activation, and regulation.>>J. Immunol. 170: 2904-2911).In order to evaluate the direct interaction of the CXCR2 or CXCR1 receptor with beta -arrestin 2, a beta -arrestin 2 recruitment test for CXCR2 or CXCR1 based on beta -galactosidase enzyme complementation (Olson K R, Eglen R M. Beta galactosidase complementation: a cell-based luminescent assay platform for drug discovery. Assay Drug Dev Technol. 2007 February; 5(1); 137-44).",6.8,CHEMBL3938406,CHEMBL3887210,CHEMBL3886212,"In Vitro Assay: The in vitro affinity of the compounds of the present invention for the CXCR1 and CXCR2 receptors was determined on a functional test of the beta -arrestin recruitment after receptor activation type.It was demonstrated that the activation by CXCL8 of the CXCR2 receptor in cells of the PathHunter HEK293-CXCR2 line or of the CXCR1 receptor in cells of the U2OS h CXCR1 beta -arrestin line results in the recruitment of beta -arrestin (Richardson et al. 2003 Role of the cytoplasmic tails of CXCR1 and CXCR2 in mediating leukocyte migration, activation, and regulation.>>J. Immunol. 170: 2904-2911).In order to evaluate the direct interaction of the CXCR2 or CXCR1 receptor with beta -arrestin 2, a beta -arrestin 2 recruitment test for CXCR2 or CXCR1 based on beta -galactosidase enzyme complementation (Olson K R, Eglen R M. Beta galactosidase complementation: a cell-based luminescent assay platform for drug discovery. Assay Drug Dev Technol. 2007 February; 5(1); 137-44).",1.33
Cc1ccc(C(Nc2c(Nc3cccc(C(=O)N(C)C)c3O)c(=O)c2=O)C2(C)COC2)s1,5.52,CHEMBL3704562,CHEMBL3706377,CHEMBL3638995,"In Vitro Assay: The in vitro affinity of the compounds of the present invention for the CXCR1 and CXCR2 receptors was determined on a functional test of the .beta.-arrestin recruitment type after receptor activation.It was demonstrated that the activation by CXCL8 of the CXCR2 receptor in cells of the PathHunter HEK293-CXCR2 line or of the CXCR1 receptor in cells of the U2OS h CXCR1 .beta.-arrestin line results in the recruitment of .beta.-arrestin (Richardson et al. 2003 Role of the cytoplasmic tails of CXCR1 and CXCR2 in mediating leukocyte migration, activation, and regulation. J. Immunol. 170: 2904-2911.)In order to evaluate the direct interaction of the CXCR2 or CXCR1 receptor with .beta.-arrestin 2, a .beta.-arrestin 2 recruitment test for CXCR2 or CXCR1 based on of .beta.-galactosidase enzyme complementation (Olson K R, Eglen R M. Beta galactosidase complementation: a cell-based luminescent assay platform for drug discovery. Assay Drug Dev Technol. 2007 February; 5(1); 137-44).",6.84,CHEMBL3704562,CHEMBL3707937,CHEMBL3638995,"In Vitro Assay: The in vitro affinity of the compounds of the present invention for the CXCR1 and CXCR2 receptors was determined on a functional test of the .beta.-arrestin recruitment type after receptor activation.It was demonstrated that the activation by CXCL8 of the CXCR2 receptor in cells of the PathHunter HEK293-CXCR2 line or of the CXCR1 receptor in cells of the U2OS h CXCR1 .beta.-arrestin line results in the recruitment of .beta.-arrestin (Richardson et al. 2003 Role of the cytoplasmic tails of CXCR1 and CXCR2 in mediating leukocyte migration, activation, and regulation. J. Immunol. 170: 2904-2911.)In order to evaluate the direct interaction of the CXCR2 or CXCR1 receptor with .beta.-arrestin 2, a .beta.-arrestin 2 recruitment test for CXCR2 or CXCR1 based on of .beta.-galactosidase enzyme complementation (Olson K R, Eglen R M. Beta galactosidase complementation: a cell-based luminescent assay platform for drug discovery. Assay Drug Dev Technol. 2007 February; 5(1); 137-44).",1.3200000000000003
Cc1ccc(C(Nc2c(Nc3cccc(C(=O)N(C)C)c3O)c(=O)c2=O)C2(CF)COC2)o1,5.8,CHEMBL3701183,CHEMBL3706377,CHEMBL3638995,"In Vitro Assay: The in vitro affinity of the compounds of the present invention for the CXCR1 and CXCR2 receptors was determined on a functional test of the .beta.-arrestin recruitment type after receptor activation.It was demonstrated that the activation by CXCL8 of the CXCR2 receptor in cells of the PathHunter HEK293-CXCR2 line or of the CXCR1 receptor in cells of the U2OS h CXCR1 .beta.-arrestin line results in the recruitment of .beta.-arrestin (Richardson et al. 2003 Role of the cytoplasmic tails of CXCR1 and CXCR2 in mediating leukocyte migration, activation, and regulation. J. Immunol. 170: 2904-2911.)In order to evaluate the direct interaction of the CXCR2 or CXCR1 receptor with .beta.-arrestin 2, a .beta.-arrestin 2 recruitment test for CXCR2 or CXCR1 based on of .beta.-galactosidase enzyme complementation (Olson K R, Eglen R M. Beta galactosidase complementation: a cell-based luminescent assay platform for drug discovery. Assay Drug Dev Technol. 2007 February; 5(1); 137-44).",6.57,CHEMBL3701183,CHEMBL3707937,CHEMBL3638995,"In Vitro Assay: The in vitro affinity of the compounds of the present invention for the CXCR1 and CXCR2 receptors was determined on a functional test of the .beta.-arrestin recruitment type after receptor activation.It was demonstrated that the activation by CXCL8 of the CXCR2 receptor in cells of the PathHunter HEK293-CXCR2 line or of the CXCR1 receptor in cells of the U2OS h CXCR1 .beta.-arrestin line results in the recruitment of .beta.-arrestin (Richardson et al. 2003 Role of the cytoplasmic tails of CXCR1 and CXCR2 in mediating leukocyte migration, activation, and regulation. J. Immunol. 170: 2904-2911.)In order to evaluate the direct interaction of the CXCR2 or CXCR1 receptor with .beta.-arrestin 2, a .beta.-arrestin 2 recruitment test for CXCR2 or CXCR1 based on of .beta.-galactosidase enzyme complementation (Olson K R, Eglen R M. Beta galactosidase complementation: a cell-based luminescent assay platform for drug discovery. Assay Drug Dev Technol. 2007 February; 5(1); 137-44).",0.7700000000000005
Cc1ccc(C(Nc2c(Nc3cccc(C(=O)N(C)C)c3O)c(=O)c2=O)C2CCCS2)o1,5.574999999999999,CHEMBL3951994,CHEMBL3888716; CHEMBL5731468,CHEMBL3886800; CHEMBL5725784,"In Vitro Affinity Assay: â¿¿PathHunter HEK293-CXCR2â¿ or â¿¿U2OS hCXCR1 β-arrestinâ¿ cells (DiscoveRx Corporation) were seeded overnight at 10 000 cells/well (384-well format) in 20 μl of Opti MEM I medium. A preincubation with the antagonist or the vehicle for 30 min at 37° C. and 5% CO2 was followed by 60 minutes of stimulation with CXCL8 at 37° C. and 5% CO2. The cells were then placed at ambient temperature for 30 minutes. The PathHunter detection reagent (DiscoveRx Corporation) was added. After incubation for 60 min at ambient temperature, the β-galactosidase induced by the luminescence during the β-arrestin-CXCR2 interaction was measured for 0.3 s in an Envision 2102 Multilabel Reader (PerkinElmer Life and Analytical Sciences).; In Vitro Affinity Assay: The in vitro affinity of the compounds of the present invention for the CXCR1 and CXCR2 receptors was determined on a functional test of the β-arrestin recruitment after receptor activation type.It was demonstrated that the activation by CXCL8 of the CXCR2 receptor in cells of the PathHunter HEK293-CXCR2 line or of the CXCR1 receptor in cells of the U2OS h CXCR1 β-arrestin line results in the recruitment of β-arrestin (Richardson, R. M., R. J. Marjoram, L. S. Barak, R. Snyderman. 2003. Role of the cytoplasmic tails of CXCR1 and CXCR2 in mediating leukocyte migration, activation, and regulation. J. Immunol. 170: 2904-2911).In order to evaluate the direct interaction of the CXCR2 or CXCR1 receptor with β-arrestin 2, a β-arrestin 2 recruitment test for CXCR2 or CXCR1 based on β-galactosidase enzyme complementation (Olson K R, Eglen R M. Beta galactosidase complementation: a cell-based luminescent assay platform for drug discovery. Assay Drug Dev Technol. 2007 February; 5(1); 137-44), as established by DiscoveRx Corporation was used. The stimulation of these two cell lines with CXCL8 (10 nM) induces β-arrestin 2 recruitment, as indicated by a significant increase in the induction factor. All the CXCR2 antagonists were tested in a dose-dependent manner and the concentration corresponding to 50% inhibition of the response was determined (IC50=half inhibition concentration).",6.715,CHEMBL3951994,CHEMBL5731469; CHEMBL3888717,CHEMBL3886800; CHEMBL5725784,"In Vitro Affinity Assay: â¿¿PathHunter HEK293-CXCR2â¿ or â¿¿U2OS hCXCR1 β-arrestinâ¿ cells (DiscoveRx Corporation) were seeded overnight at 10 000 cells/well (384-well format) in 20 μl of Opti MEM I medium. A preincubation with the antagonist or the vehicle for 30 min at 37° C. and 5% CO2 was followed by 60 minutes of stimulation with CXCL8 at 37° C. and 5% CO2. The cells were then placed at ambient temperature for 30 minutes. The PathHunter detection reagent (DiscoveRx Corporation) was added. After incubation for 60 min at ambient temperature, the β-galactosidase induced by the luminescence during the β-arrestin-CXCR2 interaction was measured for 0.3 s in an Envision 2102 Multilabel Reader (PerkinElmer Life and Analytical Sciences).; In Vitro Affinity Assay: The in vitro affinity of the compounds of the present invention for the CXCR1 and CXCR2 receptors was determined on a functional test of the β-arrestin recruitment after receptor activation type.It was demonstrated that the activation by CXCL8 of the CXCR2 receptor in cells of the PathHunter HEK293-CXCR2 line or of the CXCR1 receptor in cells of the U2OS h CXCR1 β-arrestin line results in the recruitment of β-arrestin (Richardson, R. M., R. J. Marjoram, L. S. Barak, R. Snyderman. 2003. Role of the cytoplasmic tails of CXCR1 and CXCR2 in mediating leukocyte migration, activation, and regulation. J. Immunol. 170: 2904-2911).In order to evaluate the direct interaction of the CXCR2 or CXCR1 receptor with β-arrestin 2, a β-arrestin 2 recruitment test for CXCR2 or CXCR1 based on β-galactosidase enzyme complementation (Olson K R, Eglen R M. Beta galactosidase complementation: a cell-based luminescent assay platform for drug discovery. Assay Drug Dev Technol. 2007 February; 5(1); 137-44), as established by DiscoveRx Corporation was used. The stimulation of these two cell lines with CXCL8 (10 nM) induces β-arrestin 2 recruitment, as indicated by a significant increase in the induction factor. All the CXCR2 antagonists were tested in a dose-dependent manner and the concentration corresponding to 50% inhibition of the response was determined (IC50=half inhibition concentration).",1.1400000000000006
Cc1ccc(C(Nc2c(Nc3cccc(C(=O)N(C)C)c3O)c(=O)c2=O)C2CCOCC2)o1,5.26,CHEMBL3943808,CHEMBL3887209,CHEMBL3886212,"In Vitro Assay: The in vitro affinity of the compounds of the present invention for the CXCR1 and CXCR2 receptors was determined on a functional test of the beta -arrestin recruitment after receptor activation type.It was demonstrated that the activation by CXCL8 of the CXCR2 receptor in cells of the PathHunter HEK293-CXCR2 line or of the CXCR1 receptor in cells of the U2OS h CXCR1 beta -arrestin line results in the recruitment of beta -arrestin (Richardson et al. 2003 Role of the cytoplasmic tails of CXCR1 and CXCR2 in mediating leukocyte migration, activation, and regulation.>>J. Immunol. 170: 2904-2911).In order to evaluate the direct interaction of the CXCR2 or CXCR1 receptor with beta -arrestin 2, a beta -arrestin 2 recruitment test for CXCR2 or CXCR1 based on beta -galactosidase enzyme complementation (Olson K R, Eglen R M. Beta galactosidase complementation: a cell-based luminescent assay platform for drug discovery. Assay Drug Dev Technol. 2007 February; 5(1); 137-44).",6.67,CHEMBL3943808,CHEMBL3887210,CHEMBL3886212,"In Vitro Assay: The in vitro affinity of the compounds of the present invention for the CXCR1 and CXCR2 receptors was determined on a functional test of the beta -arrestin recruitment after receptor activation type.It was demonstrated that the activation by CXCL8 of the CXCR2 receptor in cells of the PathHunter HEK293-CXCR2 line or of the CXCR1 receptor in cells of the U2OS h CXCR1 beta -arrestin line results in the recruitment of beta -arrestin (Richardson et al. 2003 Role of the cytoplasmic tails of CXCR1 and CXCR2 in mediating leukocyte migration, activation, and regulation.>>J. Immunol. 170: 2904-2911).In order to evaluate the direct interaction of the CXCR2 or CXCR1 receptor with beta -arrestin 2, a beta -arrestin 2 recruitment test for CXCR2 or CXCR1 based on beta -galactosidase enzyme complementation (Olson K R, Eglen R M. Beta galactosidase complementation: a cell-based luminescent assay platform for drug discovery. Assay Drug Dev Technol. 2007 February; 5(1); 137-44).",1.4100000000000001
Cc1ccc(C(Nc2c(Nc3cccc(C(=O)N(C)C)c3O)c(=O)c2=O)C2CCSCC2)o1,5.47,CHEMBL3915853,CHEMBL3887209,CHEMBL3886212,"In Vitro Assay: The in vitro affinity of the compounds of the present invention for the CXCR1 and CXCR2 receptors was determined on a functional test of the beta -arrestin recruitment after receptor activation type.It was demonstrated that the activation by CXCL8 of the CXCR2 receptor in cells of the PathHunter HEK293-CXCR2 line or of the CXCR1 receptor in cells of the U2OS h CXCR1 beta -arrestin line results in the recruitment of beta -arrestin (Richardson et al. 2003 Role of the cytoplasmic tails of CXCR1 and CXCR2 in mediating leukocyte migration, activation, and regulation.>>J. Immunol. 170: 2904-2911).In order to evaluate the direct interaction of the CXCR2 or CXCR1 receptor with beta -arrestin 2, a beta -arrestin 2 recruitment test for CXCR2 or CXCR1 based on beta -galactosidase enzyme complementation (Olson K R, Eglen R M. Beta galactosidase complementation: a cell-based luminescent assay platform for drug discovery. Assay Drug Dev Technol. 2007 February; 5(1); 137-44).",6.96,CHEMBL3915853,CHEMBL3887210,CHEMBL3886212,"In Vitro Assay: The in vitro affinity of the compounds of the present invention for the CXCR1 and CXCR2 receptors was determined on a functional test of the beta -arrestin recruitment after receptor activation type.It was demonstrated that the activation by CXCL8 of the CXCR2 receptor in cells of the PathHunter HEK293-CXCR2 line or of the CXCR1 receptor in cells of the U2OS h CXCR1 beta -arrestin line results in the recruitment of beta -arrestin (Richardson et al. 2003 Role of the cytoplasmic tails of CXCR1 and CXCR2 in mediating leukocyte migration, activation, and regulation.>>J. Immunol. 170: 2904-2911).In order to evaluate the direct interaction of the CXCR2 or CXCR1 receptor with beta -arrestin 2, a beta -arrestin 2 recruitment test for CXCR2 or CXCR1 based on beta -galactosidase enzyme complementation (Olson K R, Eglen R M. Beta galactosidase complementation: a cell-based luminescent assay platform for drug discovery. Assay Drug Dev Technol. 2007 February; 5(1); 137-44).",1.4900000000000002
Cc1ccc(C(Nc2c(Nc3cccc(C(=O)N(C)C)c3O)c(=O)c2=O)[C@@H]2CCCO2)o1,6.32,CHEMBL3934321,CHEMBL3888716; CHEMBL5731468,CHEMBL3886800; CHEMBL5725784,"In Vitro Affinity Assay: â¿¿PathHunter HEK293-CXCR2â¿ or â¿¿U2OS hCXCR1 β-arrestinâ¿ cells (DiscoveRx Corporation) were seeded overnight at 10 000 cells/well (384-well format) in 20 μl of Opti MEM I medium. A preincubation with the antagonist or the vehicle for 30 min at 37° C. and 5% CO2 was followed by 60 minutes of stimulation with CXCL8 at 37° C. and 5% CO2. The cells were then placed at ambient temperature for 30 minutes. The PathHunter detection reagent (DiscoveRx Corporation) was added. After incubation for 60 min at ambient temperature, the β-galactosidase induced by the luminescence during the β-arrestin-CXCR2 interaction was measured for 0.3 s in an Envision 2102 Multilabel Reader (PerkinElmer Life and Analytical Sciences).; In Vitro Affinity Assay: The in vitro affinity of the compounds of the present invention for the CXCR1 and CXCR2 receptors was determined on a functional test of the β-arrestin recruitment after receptor activation type.It was demonstrated that the activation by CXCL8 of the CXCR2 receptor in cells of the PathHunter HEK293-CXCR2 line or of the CXCR1 receptor in cells of the U2OS h CXCR1 β-arrestin line results in the recruitment of β-arrestin (Richardson, R. M., R. J. Marjoram, L. S. Barak, R. Snyderman. 2003. Role of the cytoplasmic tails of CXCR1 and CXCR2 in mediating leukocyte migration, activation, and regulation. J. Immunol. 170: 2904-2911).In order to evaluate the direct interaction of the CXCR2 or CXCR1 receptor with β-arrestin 2, a β-arrestin 2 recruitment test for CXCR2 or CXCR1 based on β-galactosidase enzyme complementation (Olson K R, Eglen R M. Beta galactosidase complementation: a cell-based luminescent assay platform for drug discovery. Assay Drug Dev Technol. 2007 February; 5(1); 137-44), as established by DiscoveRx Corporation was used. The stimulation of these two cell lines with CXCL8 (10 nM) induces β-arrestin 2 recruitment, as indicated by a significant increase in the induction factor. All the CXCR2 antagonists were tested in a dose-dependent manner and the concentration corresponding to 50% inhibition of the response was determined (IC50=half inhibition concentration).",7.08,CHEMBL3934321,CHEMBL5731469; CHEMBL3888717,CHEMBL3886800; CHEMBL5725784,"In Vitro Affinity Assay: â¿¿PathHunter HEK293-CXCR2â¿ or â¿¿U2OS hCXCR1 β-arrestinâ¿ cells (DiscoveRx Corporation) were seeded overnight at 10 000 cells/well (384-well format) in 20 μl of Opti MEM I medium. A preincubation with the antagonist or the vehicle for 30 min at 37° C. and 5% CO2 was followed by 60 minutes of stimulation with CXCL8 at 37° C. and 5% CO2. The cells were then placed at ambient temperature for 30 minutes. The PathHunter detection reagent (DiscoveRx Corporation) was added. After incubation for 60 min at ambient temperature, the β-galactosidase induced by the luminescence during the β-arrestin-CXCR2 interaction was measured for 0.3 s in an Envision 2102 Multilabel Reader (PerkinElmer Life and Analytical Sciences).; In Vitro Affinity Assay: The in vitro affinity of the compounds of the present invention for the CXCR1 and CXCR2 receptors was determined on a functional test of the β-arrestin recruitment after receptor activation type.It was demonstrated that the activation by CXCL8 of the CXCR2 receptor in cells of the PathHunter HEK293-CXCR2 line or of the CXCR1 receptor in cells of the U2OS h CXCR1 β-arrestin line results in the recruitment of β-arrestin (Richardson, R. M., R. J. Marjoram, L. S. Barak, R. Snyderman. 2003. Role of the cytoplasmic tails of CXCR1 and CXCR2 in mediating leukocyte migration, activation, and regulation. J. Immunol. 170: 2904-2911).In order to evaluate the direct interaction of the CXCR2 or CXCR1 receptor with β-arrestin 2, a β-arrestin 2 recruitment test for CXCR2 or CXCR1 based on β-galactosidase enzyme complementation (Olson K R, Eglen R M. Beta galactosidase complementation: a cell-based luminescent assay platform for drug discovery. Assay Drug Dev Technol. 2007 February; 5(1); 137-44), as established by DiscoveRx Corporation was used. The stimulation of these two cell lines with CXCL8 (10 nM) induces β-arrestin 2 recruitment, as indicated by a significant increase in the induction factor. All the CXCR2 antagonists were tested in a dose-dependent manner and the concentration corresponding to 50% inhibition of the response was determined (IC50=half inhibition concentration).",0.7599999999999998
Cc1ccc(C(Nc2c(Nc3cccc(C(=O)N(C)C)c3O)c(=O)c2=O)[C@@H]2COC(C)(C)O2)o1,5.0,CHEMBL3956663,CHEMBL5731468,CHEMBL5725784,"In Vitro Affinity Assay: The in vitro affinity of the compounds of the present invention for the CXCR1 and CXCR2 receptors was determined on a functional test of the β-arrestin recruitment after receptor activation type.It was demonstrated that the activation by CXCL8 of the CXCR2 receptor in cells of the PathHunter HEK293-CXCR2 line or of the CXCR1 receptor in cells of the U2OS h CXCR1 β-arrestin line results in the recruitment of β-arrestin (Richardson, R. M., R. J. Marjoram, L. S. Barak, R. Snyderman. 2003. Role of the cytoplasmic tails of CXCR1 and CXCR2 in mediating leukocyte migration, activation, and regulation. J. Immunol. 170: 2904-2911).In order to evaluate the direct interaction of the CXCR2 or CXCR1 receptor with β-arrestin 2, a β-arrestin 2 recruitment test for CXCR2 or CXCR1 based on β-galactosidase enzyme complementation (Olson K R, Eglen R M. Beta galactosidase complementation: a cell-based luminescent assay platform for drug discovery. Assay Drug Dev Technol. 2007 February; 5(1); 137-44), as established by DiscoveRx Corporation was used. The stimulation of these two cell lines with CXCL8 (10 nM) induces β-arrestin 2 recruitment, as indicated by a significant increase in the induction factor. All the CXCR2 antagonists were tested in a dose-dependent manner and the concentration corresponding to 50% inhibition of the response was determined (IC50=half inhibition concentration).",5.9,CHEMBL3956663,CHEMBL5731469; CHEMBL3888717,CHEMBL3886800; CHEMBL5725784,"In Vitro Affinity Assay: â¿¿PathHunter HEK293-CXCR2â¿ or â¿¿U2OS hCXCR1 β-arrestinâ¿ cells (DiscoveRx Corporation) were seeded overnight at 10 000 cells/well (384-well format) in 20 μl of Opti MEM I medium. A preincubation with the antagonist or the vehicle for 30 min at 37° C. and 5% CO2 was followed by 60 minutes of stimulation with CXCL8 at 37° C. and 5% CO2. The cells were then placed at ambient temperature for 30 minutes. The PathHunter detection reagent (DiscoveRx Corporation) was added. After incubation for 60 min at ambient temperature, the β-galactosidase induced by the luminescence during the β-arrestin-CXCR2 interaction was measured for 0.3 s in an Envision 2102 Multilabel Reader (PerkinElmer Life and Analytical Sciences).; In Vitro Affinity Assay: The in vitro affinity of the compounds of the present invention for the CXCR1 and CXCR2 receptors was determined on a functional test of the β-arrestin recruitment after receptor activation type.It was demonstrated that the activation by CXCL8 of the CXCR2 receptor in cells of the PathHunter HEK293-CXCR2 line or of the CXCR1 receptor in cells of the U2OS h CXCR1 β-arrestin line results in the recruitment of β-arrestin (Richardson, R. M., R. J. Marjoram, L. S. Barak, R. Snyderman. 2003. Role of the cytoplasmic tails of CXCR1 and CXCR2 in mediating leukocyte migration, activation, and regulation. J. Immunol. 170: 2904-2911).In order to evaluate the direct interaction of the CXCR2 or CXCR1 receptor with β-arrestin 2, a β-arrestin 2 recruitment test for CXCR2 or CXCR1 based on β-galactosidase enzyme complementation (Olson K R, Eglen R M. Beta galactosidase complementation: a cell-based luminescent assay platform for drug discovery. Assay Drug Dev Technol. 2007 February; 5(1); 137-44), as established by DiscoveRx Corporation was used. The stimulation of these two cell lines with CXCL8 (10 nM) induces β-arrestin 2 recruitment, as indicated by a significant increase in the induction factor. All the CXCR2 antagonists were tested in a dose-dependent manner and the concentration corresponding to 50% inhibition of the response was determined (IC50=half inhibition concentration).",0.9000000000000004
Cc1ccc(C(Nc2c(Nc3cccc(C(=O)N(C)C)c3O)c(=O)c2=O)[C@H]2CCCO2)o1,5.88,CHEMBL4106677,CHEMBL3888716; CHEMBL5731468,CHEMBL3886800; CHEMBL5725784,"In Vitro Affinity Assay: â¿¿PathHunter HEK293-CXCR2â¿ or â¿¿U2OS hCXCR1 β-arrestinâ¿ cells (DiscoveRx Corporation) were seeded overnight at 10 000 cells/well (384-well format) in 20 μl of Opti MEM I medium. A preincubation with the antagonist or the vehicle for 30 min at 37° C. and 5% CO2 was followed by 60 minutes of stimulation with CXCL8 at 37° C. and 5% CO2. The cells were then placed at ambient temperature for 30 minutes. The PathHunter detection reagent (DiscoveRx Corporation) was added. After incubation for 60 min at ambient temperature, the β-galactosidase induced by the luminescence during the β-arrestin-CXCR2 interaction was measured for 0.3 s in an Envision 2102 Multilabel Reader (PerkinElmer Life and Analytical Sciences).; In Vitro Affinity Assay: The in vitro affinity of the compounds of the present invention for the CXCR1 and CXCR2 receptors was determined on a functional test of the β-arrestin recruitment after receptor activation type.It was demonstrated that the activation by CXCL8 of the CXCR2 receptor in cells of the PathHunter HEK293-CXCR2 line or of the CXCR1 receptor in cells of the U2OS h CXCR1 β-arrestin line results in the recruitment of β-arrestin (Richardson, R. M., R. J. Marjoram, L. S. Barak, R. Snyderman. 2003. Role of the cytoplasmic tails of CXCR1 and CXCR2 in mediating leukocyte migration, activation, and regulation. J. Immunol. 170: 2904-2911).In order to evaluate the direct interaction of the CXCR2 or CXCR1 receptor with β-arrestin 2, a β-arrestin 2 recruitment test for CXCR2 or CXCR1 based on β-galactosidase enzyme complementation (Olson K R, Eglen R M. Beta galactosidase complementation: a cell-based luminescent assay platform for drug discovery. Assay Drug Dev Technol. 2007 February; 5(1); 137-44), as established by DiscoveRx Corporation was used. The stimulation of these two cell lines with CXCL8 (10 nM) induces β-arrestin 2 recruitment, as indicated by a significant increase in the induction factor. All the CXCR2 antagonists were tested in a dose-dependent manner and the concentration corresponding to 50% inhibition of the response was determined (IC50=half inhibition concentration).",6.75,CHEMBL4106677,CHEMBL5731469; CHEMBL3888717,CHEMBL3886800; CHEMBL5725784,"In Vitro Affinity Assay: â¿¿PathHunter HEK293-CXCR2â¿ or â¿¿U2OS hCXCR1 β-arrestinâ¿ cells (DiscoveRx Corporation) were seeded overnight at 10 000 cells/well (384-well format) in 20 μl of Opti MEM I medium. A preincubation with the antagonist or the vehicle for 30 min at 37° C. and 5% CO2 was followed by 60 minutes of stimulation with CXCL8 at 37° C. and 5% CO2. The cells were then placed at ambient temperature for 30 minutes. The PathHunter detection reagent (DiscoveRx Corporation) was added. After incubation for 60 min at ambient temperature, the β-galactosidase induced by the luminescence during the β-arrestin-CXCR2 interaction was measured for 0.3 s in an Envision 2102 Multilabel Reader (PerkinElmer Life and Analytical Sciences).; In Vitro Affinity Assay: The in vitro affinity of the compounds of the present invention for the CXCR1 and CXCR2 receptors was determined on a functional test of the β-arrestin recruitment after receptor activation type.It was demonstrated that the activation by CXCL8 of the CXCR2 receptor in cells of the PathHunter HEK293-CXCR2 line or of the CXCR1 receptor in cells of the U2OS h CXCR1 β-arrestin line results in the recruitment of β-arrestin (Richardson, R. M., R. J. Marjoram, L. S. Barak, R. Snyderman. 2003. Role of the cytoplasmic tails of CXCR1 and CXCR2 in mediating leukocyte migration, activation, and regulation. J. Immunol. 170: 2904-2911).In order to evaluate the direct interaction of the CXCR2 or CXCR1 receptor with β-arrestin 2, a β-arrestin 2 recruitment test for CXCR2 or CXCR1 based on β-galactosidase enzyme complementation (Olson K R, Eglen R M. Beta galactosidase complementation: a cell-based luminescent assay platform for drug discovery. Assay Drug Dev Technol. 2007 February; 5(1); 137-44), as established by DiscoveRx Corporation was used. The stimulation of these two cell lines with CXCL8 (10 nM) induces β-arrestin 2 recruitment, as indicated by a significant increase in the induction factor. All the CXCR2 antagonists were tested in a dose-dependent manner and the concentration corresponding to 50% inhibition of the response was determined (IC50=half inhibition concentration).",0.8700000000000001
Cc1ccc(C(Nc2c(Nc3cccc(C(=O)N(C)CC(F)(F)F)c3O)c(=O)c2=O)C2CCCS2)o1,6.68,CHEMBL5868116,CHEMBL5731468,CHEMBL5725784,"In Vitro Affinity Assay: The in vitro affinity of the compounds of the present invention for the CXCR1 and CXCR2 receptors was determined on a functional test of the β-arrestin recruitment after receptor activation type.It was demonstrated that the activation by CXCL8 of the CXCR2 receptor in cells of the PathHunter HEK293-CXCR2 line or of the CXCR1 receptor in cells of the U2OS h CXCR1 β-arrestin line results in the recruitment of β-arrestin (Richardson, R. M., R. J. Marjoram, L. S. Barak, R. Snyderman. 2003. Role of the cytoplasmic tails of CXCR1 and CXCR2 in mediating leukocyte migration, activation, and regulation. J. Immunol. 170: 2904-2911).In order to evaluate the direct interaction of the CXCR2 or CXCR1 receptor with β-arrestin 2, a β-arrestin 2 recruitment test for CXCR2 or CXCR1 based on β-galactosidase enzyme complementation (Olson K R, Eglen R M. Beta galactosidase complementation: a cell-based luminescent assay platform for drug discovery. Assay Drug Dev Technol. 2007 February; 5(1); 137-44), as established by DiscoveRx Corporation was used. The stimulation of these two cell lines with CXCL8 (10 nM) induces β-arrestin 2 recruitment, as indicated by a significant increase in the induction factor. All the CXCR2 antagonists were tested in a dose-dependent manner and the concentration corresponding to 50% inhibition of the response was determined (IC50=half inhibition concentration).",7.135,CHEMBL5868116,CHEMBL5731469,CHEMBL5725784,"In Vitro Affinity Assay: The in vitro affinity of the compounds of the present invention for the CXCR1 and CXCR2 receptors was determined on a functional test of the β-arrestin recruitment after receptor activation type.It was demonstrated that the activation by CXCL8 of the CXCR2 receptor in cells of the PathHunter HEK293-CXCR2 line or of the CXCR1 receptor in cells of the U2OS h CXCR1 β-arrestin line results in the recruitment of β-arrestin (Richardson, R. M., R. J. Marjoram, L. S. Barak, R. Snyderman. 2003. Role of the cytoplasmic tails of CXCR1 and CXCR2 in mediating leukocyte migration, activation, and regulation. J. Immunol. 170: 2904-2911).In order to evaluate the direct interaction of the CXCR2 or CXCR1 receptor with β-arrestin 2, a β-arrestin 2 recruitment test for CXCR2 or CXCR1 based on β-galactosidase enzyme complementation (Olson K R, Eglen R M. Beta galactosidase complementation: a cell-based luminescent assay platform for drug discovery. Assay Drug Dev Technol. 2007 February; 5(1); 137-44), as established by DiscoveRx Corporation was used. The stimulation of these two cell lines with CXCL8 (10 nM) induces β-arrestin 2 recruitment, as indicated by a significant increase in the induction factor. All the CXCR2 antagonists were tested in a dose-dependent manner and the concentration corresponding to 50% inhibition of the response was determined (IC50=half inhibition concentration).",0.45500000000000007
Cc1ccc(C(Nc2c(Nc3cccc(C(=O)N4CCC(O)C4)c3)c(=O)c2=O)C2(C)COC2)o1,5.45,CHEMBL3704559,CHEMBL3706377,CHEMBL3638995,"In Vitro Assay: The in vitro affinity of the compounds of the present invention for the CXCR1 and CXCR2 receptors was determined on a functional test of the .beta.-arrestin recruitment type after receptor activation.It was demonstrated that the activation by CXCL8 of the CXCR2 receptor in cells of the PathHunter HEK293-CXCR2 line or of the CXCR1 receptor in cells of the U2OS h CXCR1 .beta.-arrestin line results in the recruitment of .beta.-arrestin (Richardson et al. 2003 Role of the cytoplasmic tails of CXCR1 and CXCR2 in mediating leukocyte migration, activation, and regulation. J. Immunol. 170: 2904-2911.)In order to evaluate the direct interaction of the CXCR2 or CXCR1 receptor with .beta.-arrestin 2, a .beta.-arrestin 2 recruitment test for CXCR2 or CXCR1 based on of .beta.-galactosidase enzyme complementation (Olson K R, Eglen R M. Beta galactosidase complementation: a cell-based luminescent assay platform for drug discovery. Assay Drug Dev Technol. 2007 February; 5(1); 137-44).",6.14,CHEMBL3704559,CHEMBL3707937,CHEMBL3638995,"In Vitro Assay: The in vitro affinity of the compounds of the present invention for the CXCR1 and CXCR2 receptors was determined on a functional test of the .beta.-arrestin recruitment type after receptor activation.It was demonstrated that the activation by CXCL8 of the CXCR2 receptor in cells of the PathHunter HEK293-CXCR2 line or of the CXCR1 receptor in cells of the U2OS h CXCR1 .beta.-arrestin line results in the recruitment of .beta.-arrestin (Richardson et al. 2003 Role of the cytoplasmic tails of CXCR1 and CXCR2 in mediating leukocyte migration, activation, and regulation. J. Immunol. 170: 2904-2911.)In order to evaluate the direct interaction of the CXCR2 or CXCR1 receptor with .beta.-arrestin 2, a .beta.-arrestin 2 recruitment test for CXCR2 or CXCR1 based on of .beta.-galactosidase enzyme complementation (Olson K R, Eglen R M. Beta galactosidase complementation: a cell-based luminescent assay platform for drug discovery. Assay Drug Dev Technol. 2007 February; 5(1); 137-44).",0.6899999999999995
Cc1ccc(C(Nc2c(Nc3cccc(C(=O)N4CCCC4)c3O)c(=O)c2=O)C2(C)COC2)o1,5.89,CHEMBL3701191,CHEMBL3706377,CHEMBL3638995,"In Vitro Assay: The in vitro affinity of the compounds of the present invention for the CXCR1 and CXCR2 receptors was determined on a functional test of the .beta.-arrestin recruitment type after receptor activation.It was demonstrated that the activation by CXCL8 of the CXCR2 receptor in cells of the PathHunter HEK293-CXCR2 line or of the CXCR1 receptor in cells of the U2OS h CXCR1 .beta.-arrestin line results in the recruitment of .beta.-arrestin (Richardson et al. 2003 Role of the cytoplasmic tails of CXCR1 and CXCR2 in mediating leukocyte migration, activation, and regulation. J. Immunol. 170: 2904-2911.)In order to evaluate the direct interaction of the CXCR2 or CXCR1 receptor with .beta.-arrestin 2, a .beta.-arrestin 2 recruitment test for CXCR2 or CXCR1 based on of .beta.-galactosidase enzyme complementation (Olson K R, Eglen R M. Beta galactosidase complementation: a cell-based luminescent assay platform for drug discovery. Assay Drug Dev Technol. 2007 February; 5(1); 137-44).",6.58,CHEMBL3701191,CHEMBL3707937,CHEMBL3638995,"In Vitro Assay: The in vitro affinity of the compounds of the present invention for the CXCR1 and CXCR2 receptors was determined on a functional test of the .beta.-arrestin recruitment type after receptor activation.It was demonstrated that the activation by CXCL8 of the CXCR2 receptor in cells of the PathHunter HEK293-CXCR2 line or of the CXCR1 receptor in cells of the U2OS h CXCR1 .beta.-arrestin line results in the recruitment of .beta.-arrestin (Richardson et al. 2003 Role of the cytoplasmic tails of CXCR1 and CXCR2 in mediating leukocyte migration, activation, and regulation. J. Immunol. 170: 2904-2911.)In order to evaluate the direct interaction of the CXCR2 or CXCR1 receptor with .beta.-arrestin 2, a .beta.-arrestin 2 recruitment test for CXCR2 or CXCR1 based on of .beta.-galactosidase enzyme complementation (Olson K R, Eglen R M. Beta galactosidase complementation: a cell-based luminescent assay platform for drug discovery. Assay Drug Dev Technol. 2007 February; 5(1); 137-44).",0.6900000000000004
Cc1ccc(C(Nc2c(Nc3cccc(C(=O)N4CCCC4C(=O)OC(C)(C)C)c3O)c(=O)c2=O)C2(C)COC2)o1,5.62,CHEMBL3701187,CHEMBL3706377,CHEMBL3638995,"In Vitro Assay: The in vitro affinity of the compounds of the present invention for the CXCR1 and CXCR2 receptors was determined on a functional test of the .beta.-arrestin recruitment type after receptor activation.It was demonstrated that the activation by CXCL8 of the CXCR2 receptor in cells of the PathHunter HEK293-CXCR2 line or of the CXCR1 receptor in cells of the U2OS h CXCR1 .beta.-arrestin line results in the recruitment of .beta.-arrestin (Richardson et al. 2003 Role of the cytoplasmic tails of CXCR1 and CXCR2 in mediating leukocyte migration, activation, and regulation. J. Immunol. 170: 2904-2911.)In order to evaluate the direct interaction of the CXCR2 or CXCR1 receptor with .beta.-arrestin 2, a .beta.-arrestin 2 recruitment test for CXCR2 or CXCR1 based on of .beta.-galactosidase enzyme complementation (Olson K R, Eglen R M. Beta galactosidase complementation: a cell-based luminescent assay platform for drug discovery. Assay Drug Dev Technol. 2007 February; 5(1); 137-44).",7.0,CHEMBL3701187,CHEMBL3707937,CHEMBL3638995,"In Vitro Assay: The in vitro affinity of the compounds of the present invention for the CXCR1 and CXCR2 receptors was determined on a functional test of the .beta.-arrestin recruitment type after receptor activation.It was demonstrated that the activation by CXCL8 of the CXCR2 receptor in cells of the PathHunter HEK293-CXCR2 line or of the CXCR1 receptor in cells of the U2OS h CXCR1 .beta.-arrestin line results in the recruitment of .beta.-arrestin (Richardson et al. 2003 Role of the cytoplasmic tails of CXCR1 and CXCR2 in mediating leukocyte migration, activation, and regulation. J. Immunol. 170: 2904-2911.)In order to evaluate the direct interaction of the CXCR2 or CXCR1 receptor with .beta.-arrestin 2, a .beta.-arrestin 2 recruitment test for CXCR2 or CXCR1 based on of .beta.-galactosidase enzyme complementation (Olson K R, Eglen R M. Beta galactosidase complementation: a cell-based luminescent assay platform for drug discovery. Assay Drug Dev Technol. 2007 February; 5(1); 137-44).",1.38
Cc1ccc(C(Nc2c(Nc3cccc(C(=O)N4CCCC4C(=O)OC(C)C)c3F)c(=O)c2=O)C2CCCS2)o1,5.72,CHEMBL3976863,CHEMBL3888716; CHEMBL5731468,CHEMBL3886800; CHEMBL5725784,"In Vitro Affinity Assay: â¿¿PathHunter HEK293-CXCR2â¿ or â¿¿U2OS hCXCR1 β-arrestinâ¿ cells (DiscoveRx Corporation) were seeded overnight at 10 000 cells/well (384-well format) in 20 μl of Opti MEM I medium. A preincubation with the antagonist or the vehicle for 30 min at 37° C. and 5% CO2 was followed by 60 minutes of stimulation with CXCL8 at 37° C. and 5% CO2. The cells were then placed at ambient temperature for 30 minutes. The PathHunter detection reagent (DiscoveRx Corporation) was added. After incubation for 60 min at ambient temperature, the β-galactosidase induced by the luminescence during the β-arrestin-CXCR2 interaction was measured for 0.3 s in an Envision 2102 Multilabel Reader (PerkinElmer Life and Analytical Sciences).; In Vitro Affinity Assay: The in vitro affinity of the compounds of the present invention for the CXCR1 and CXCR2 receptors was determined on a functional test of the β-arrestin recruitment after receptor activation type.It was demonstrated that the activation by CXCL8 of the CXCR2 receptor in cells of the PathHunter HEK293-CXCR2 line or of the CXCR1 receptor in cells of the U2OS h CXCR1 β-arrestin line results in the recruitment of β-arrestin (Richardson, R. M., R. J. Marjoram, L. S. Barak, R. Snyderman. 2003. Role of the cytoplasmic tails of CXCR1 and CXCR2 in mediating leukocyte migration, activation, and regulation. J. Immunol. 170: 2904-2911).In order to evaluate the direct interaction of the CXCR2 or CXCR1 receptor with β-arrestin 2, a β-arrestin 2 recruitment test for CXCR2 or CXCR1 based on β-galactosidase enzyme complementation (Olson K R, Eglen R M. Beta galactosidase complementation: a cell-based luminescent assay platform for drug discovery. Assay Drug Dev Technol. 2007 February; 5(1); 137-44), as established by DiscoveRx Corporation was used. The stimulation of these two cell lines with CXCL8 (10 nM) induces β-arrestin 2 recruitment, as indicated by a significant increase in the induction factor. All the CXCR2 antagonists were tested in a dose-dependent manner and the concentration corresponding to 50% inhibition of the response was determined (IC50=half inhibition concentration).",6.96,CHEMBL3976863,CHEMBL5731469; CHEMBL3888717,CHEMBL3886800; CHEMBL5725784,"In Vitro Affinity Assay: â¿¿PathHunter HEK293-CXCR2â¿ or â¿¿U2OS hCXCR1 β-arrestinâ¿ cells (DiscoveRx Corporation) were seeded overnight at 10 000 cells/well (384-well format) in 20 μl of Opti MEM I medium. A preincubation with the antagonist or the vehicle for 30 min at 37° C. and 5% CO2 was followed by 60 minutes of stimulation with CXCL8 at 37° C. and 5% CO2. The cells were then placed at ambient temperature for 30 minutes. The PathHunter detection reagent (DiscoveRx Corporation) was added. After incubation for 60 min at ambient temperature, the β-galactosidase induced by the luminescence during the β-arrestin-CXCR2 interaction was measured for 0.3 s in an Envision 2102 Multilabel Reader (PerkinElmer Life and Analytical Sciences).; In Vitro Affinity Assay: The in vitro affinity of the compounds of the present invention for the CXCR1 and CXCR2 receptors was determined on a functional test of the β-arrestin recruitment after receptor activation type.It was demonstrated that the activation by CXCL8 of the CXCR2 receptor in cells of the PathHunter HEK293-CXCR2 line or of the CXCR1 receptor in cells of the U2OS h CXCR1 β-arrestin line results in the recruitment of β-arrestin (Richardson, R. M., R. J. Marjoram, L. S. Barak, R. Snyderman. 2003. Role of the cytoplasmic tails of CXCR1 and CXCR2 in mediating leukocyte migration, activation, and regulation. J. Immunol. 170: 2904-2911).In order to evaluate the direct interaction of the CXCR2 or CXCR1 receptor with β-arrestin 2, a β-arrestin 2 recruitment test for CXCR2 or CXCR1 based on β-galactosidase enzyme complementation (Olson K R, Eglen R M. Beta galactosidase complementation: a cell-based luminescent assay platform for drug discovery. Assay Drug Dev Technol. 2007 February; 5(1); 137-44), as established by DiscoveRx Corporation was used. The stimulation of these two cell lines with CXCL8 (10 nM) induces β-arrestin 2 recruitment, as indicated by a significant increase in the induction factor. All the CXCR2 antagonists were tested in a dose-dependent manner and the concentration corresponding to 50% inhibition of the response was determined (IC50=half inhibition concentration).",1.2400000000000002
Cc1ccc(C(Nc2c(Nc3cccc(C(=O)N4CCOCC4)c3O)c(=O)c2=O)C2(C)COC2)o1,5.5,CHEMBL3701192,CHEMBL3706377,CHEMBL3638995,"In Vitro Assay: The in vitro affinity of the compounds of the present invention for the CXCR1 and CXCR2 receptors was determined on a functional test of the .beta.-arrestin recruitment type after receptor activation.It was demonstrated that the activation by CXCL8 of the CXCR2 receptor in cells of the PathHunter HEK293-CXCR2 line or of the CXCR1 receptor in cells of the U2OS h CXCR1 .beta.-arrestin line results in the recruitment of .beta.-arrestin (Richardson et al. 2003 Role of the cytoplasmic tails of CXCR1 and CXCR2 in mediating leukocyte migration, activation, and regulation. J. Immunol. 170: 2904-2911.)In order to evaluate the direct interaction of the CXCR2 or CXCR1 receptor with .beta.-arrestin 2, a .beta.-arrestin 2 recruitment test for CXCR2 or CXCR1 based on of .beta.-galactosidase enzyme complementation (Olson K R, Eglen R M. Beta galactosidase complementation: a cell-based luminescent assay platform for drug discovery. Assay Drug Dev Technol. 2007 February; 5(1); 137-44).",6.2,CHEMBL3701192,CHEMBL3707937,CHEMBL3638995,"In Vitro Assay: The in vitro affinity of the compounds of the present invention for the CXCR1 and CXCR2 receptors was determined on a functional test of the .beta.-arrestin recruitment type after receptor activation.It was demonstrated that the activation by CXCL8 of the CXCR2 receptor in cells of the PathHunter HEK293-CXCR2 line or of the CXCR1 receptor in cells of the U2OS h CXCR1 .beta.-arrestin line results in the recruitment of .beta.-arrestin (Richardson et al. 2003 Role of the cytoplasmic tails of CXCR1 and CXCR2 in mediating leukocyte migration, activation, and regulation. J. Immunol. 170: 2904-2911.)In order to evaluate the direct interaction of the CXCR2 or CXCR1 receptor with .beta.-arrestin 2, a .beta.-arrestin 2 recruitment test for CXCR2 or CXCR1 based on of .beta.-galactosidase enzyme complementation (Olson K R, Eglen R M. Beta galactosidase complementation: a cell-based luminescent assay platform for drug discovery. Assay Drug Dev Technol. 2007 February; 5(1); 137-44).",0.7000000000000002
Cc1ccc(C(Nc2c(Nc3cccc(C(=O)N4CC[C@@H](O)C4)c3O)c(=O)c2=O)C2(C)COC2)o1,5.58,CHEMBL3701185,CHEMBL3706377,CHEMBL3638995,"In Vitro Assay: The in vitro affinity of the compounds of the present invention for the CXCR1 and CXCR2 receptors was determined on a functional test of the .beta.-arrestin recruitment type after receptor activation.It was demonstrated that the activation by CXCL8 of the CXCR2 receptor in cells of the PathHunter HEK293-CXCR2 line or of the CXCR1 receptor in cells of the U2OS h CXCR1 .beta.-arrestin line results in the recruitment of .beta.-arrestin (Richardson et al. 2003 Role of the cytoplasmic tails of CXCR1 and CXCR2 in mediating leukocyte migration, activation, and regulation. J. Immunol. 170: 2904-2911.)In order to evaluate the direct interaction of the CXCR2 or CXCR1 receptor with .beta.-arrestin 2, a .beta.-arrestin 2 recruitment test for CXCR2 or CXCR1 based on of .beta.-galactosidase enzyme complementation (Olson K R, Eglen R M. Beta galactosidase complementation: a cell-based luminescent assay platform for drug discovery. Assay Drug Dev Technol. 2007 February; 5(1); 137-44).",6.47,CHEMBL3701185,CHEMBL3707937,CHEMBL3638995,"In Vitro Assay: The in vitro affinity of the compounds of the present invention for the CXCR1 and CXCR2 receptors was determined on a functional test of the .beta.-arrestin recruitment type after receptor activation.It was demonstrated that the activation by CXCL8 of the CXCR2 receptor in cells of the PathHunter HEK293-CXCR2 line or of the CXCR1 receptor in cells of the U2OS h CXCR1 .beta.-arrestin line results in the recruitment of .beta.-arrestin (Richardson et al. 2003 Role of the cytoplasmic tails of CXCR1 and CXCR2 in mediating leukocyte migration, activation, and regulation. J. Immunol. 170: 2904-2911.)In order to evaluate the direct interaction of the CXCR2 or CXCR1 receptor with .beta.-arrestin 2, a .beta.-arrestin 2 recruitment test for CXCR2 or CXCR1 based on of .beta.-galactosidase enzyme complementation (Olson K R, Eglen R M. Beta galactosidase complementation: a cell-based luminescent assay platform for drug discovery. Assay Drug Dev Technol. 2007 February; 5(1); 137-44).",0.8899999999999997
Cc1ccc(C(Nc2c(Nc3cccc(C(=O)N4CC[C@H](O)C4)c3O)c(=O)c2=O)C2(C)COC2)o1,5.55,CHEMBL3701186,CHEMBL3706377,CHEMBL3638995,"In Vitro Assay: The in vitro affinity of the compounds of the present invention for the CXCR1 and CXCR2 receptors was determined on a functional test of the .beta.-arrestin recruitment type after receptor activation.It was demonstrated that the activation by CXCL8 of the CXCR2 receptor in cells of the PathHunter HEK293-CXCR2 line or of the CXCR1 receptor in cells of the U2OS h CXCR1 .beta.-arrestin line results in the recruitment of .beta.-arrestin (Richardson et al. 2003 Role of the cytoplasmic tails of CXCR1 and CXCR2 in mediating leukocyte migration, activation, and regulation. J. Immunol. 170: 2904-2911.)In order to evaluate the direct interaction of the CXCR2 or CXCR1 receptor with .beta.-arrestin 2, a .beta.-arrestin 2 recruitment test for CXCR2 or CXCR1 based on of .beta.-galactosidase enzyme complementation (Olson K R, Eglen R M. Beta galactosidase complementation: a cell-based luminescent assay platform for drug discovery. Assay Drug Dev Technol. 2007 February; 5(1); 137-44).",5.96,CHEMBL3701186,CHEMBL3707937,CHEMBL3638995,"In Vitro Assay: The in vitro affinity of the compounds of the present invention for the CXCR1 and CXCR2 receptors was determined on a functional test of the .beta.-arrestin recruitment type after receptor activation.It was demonstrated that the activation by CXCL8 of the CXCR2 receptor in cells of the PathHunter HEK293-CXCR2 line or of the CXCR1 receptor in cells of the U2OS h CXCR1 .beta.-arrestin line results in the recruitment of .beta.-arrestin (Richardson et al. 2003 Role of the cytoplasmic tails of CXCR1 and CXCR2 in mediating leukocyte migration, activation, and regulation. J. Immunol. 170: 2904-2911.)In order to evaluate the direct interaction of the CXCR2 or CXCR1 receptor with .beta.-arrestin 2, a .beta.-arrestin 2 recruitment test for CXCR2 or CXCR1 based on of .beta.-galactosidase enzyme complementation (Olson K R, Eglen R M. Beta galactosidase complementation: a cell-based luminescent assay platform for drug discovery. Assay Drug Dev Technol. 2007 February; 5(1); 137-44).",0.41000000000000014
Cc1ccc(C(Nc2c(Nc3cccc(C(C)O)c3O)c(=O)c2=O)C2(C)COC2)o1,5.19,CHEMBL3701189,CHEMBL3706377,CHEMBL3638995,"In Vitro Assay: The in vitro affinity of the compounds of the present invention for the CXCR1 and CXCR2 receptors was determined on a functional test of the .beta.-arrestin recruitment type after receptor activation.It was demonstrated that the activation by CXCL8 of the CXCR2 receptor in cells of the PathHunter HEK293-CXCR2 line or of the CXCR1 receptor in cells of the U2OS h CXCR1 .beta.-arrestin line results in the recruitment of .beta.-arrestin (Richardson et al. 2003 Role of the cytoplasmic tails of CXCR1 and CXCR2 in mediating leukocyte migration, activation, and regulation. J. Immunol. 170: 2904-2911.)In order to evaluate the direct interaction of the CXCR2 or CXCR1 receptor with .beta.-arrestin 2, a .beta.-arrestin 2 recruitment test for CXCR2 or CXCR1 based on of .beta.-galactosidase enzyme complementation (Olson K R, Eglen R M. Beta galactosidase complementation: a cell-based luminescent assay platform for drug discovery. Assay Drug Dev Technol. 2007 February; 5(1); 137-44).",6.26,CHEMBL3701189,CHEMBL3707937,CHEMBL3638995,"In Vitro Assay: The in vitro affinity of the compounds of the present invention for the CXCR1 and CXCR2 receptors was determined on a functional test of the .beta.-arrestin recruitment type after receptor activation.It was demonstrated that the activation by CXCL8 of the CXCR2 receptor in cells of the PathHunter HEK293-CXCR2 line or of the CXCR1 receptor in cells of the U2OS h CXCR1 .beta.-arrestin line results in the recruitment of .beta.-arrestin (Richardson et al. 2003 Role of the cytoplasmic tails of CXCR1 and CXCR2 in mediating leukocyte migration, activation, and regulation. J. Immunol. 170: 2904-2911.)In order to evaluate the direct interaction of the CXCR2 or CXCR1 receptor with .beta.-arrestin 2, a .beta.-arrestin 2 recruitment test for CXCR2 or CXCR1 based on of .beta.-galactosidase enzyme complementation (Olson K R, Eglen R M. Beta galactosidase complementation: a cell-based luminescent assay platform for drug discovery. Assay Drug Dev Technol. 2007 February; 5(1); 137-44).",1.0699999999999994
Cc1ccc(C(Nc2c(Nc3cccc(S(=O)(=O)N(C)C)c3C)c(=O)c2=O)C2CCCS2)o1,6.83,CHEMBL6049426,CHEMBL5731468,CHEMBL5725784,"In Vitro Affinity Assay: The in vitro affinity of the compounds of the present invention for the CXCR1 and CXCR2 receptors was determined on a functional test of the β-arrestin recruitment after receptor activation type.It was demonstrated that the activation by CXCL8 of the CXCR2 receptor in cells of the PathHunter HEK293-CXCR2 line or of the CXCR1 receptor in cells of the U2OS h CXCR1 β-arrestin line results in the recruitment of β-arrestin (Richardson, R. M., R. J. Marjoram, L. S. Barak, R. Snyderman. 2003. Role of the cytoplasmic tails of CXCR1 and CXCR2 in mediating leukocyte migration, activation, and regulation. J. Immunol. 170: 2904-2911).In order to evaluate the direct interaction of the CXCR2 or CXCR1 receptor with β-arrestin 2, a β-arrestin 2 recruitment test for CXCR2 or CXCR1 based on β-galactosidase enzyme complementation (Olson K R, Eglen R M. Beta galactosidase complementation: a cell-based luminescent assay platform for drug discovery. Assay Drug Dev Technol. 2007 February; 5(1); 137-44), as established by DiscoveRx Corporation was used. The stimulation of these two cell lines with CXCL8 (10 nM) induces β-arrestin 2 recruitment, as indicated by a significant increase in the induction factor. All the CXCR2 antagonists were tested in a dose-dependent manner and the concentration corresponding to 50% inhibition of the response was determined (IC50=half inhibition concentration).",7.1850000000000005,CHEMBL6049426,CHEMBL5731469,CHEMBL5725784,"In Vitro Affinity Assay: The in vitro affinity of the compounds of the present invention for the CXCR1 and CXCR2 receptors was determined on a functional test of the β-arrestin recruitment after receptor activation type.It was demonstrated that the activation by CXCL8 of the CXCR2 receptor in cells of the PathHunter HEK293-CXCR2 line or of the CXCR1 receptor in cells of the U2OS h CXCR1 β-arrestin line results in the recruitment of β-arrestin (Richardson, R. M., R. J. Marjoram, L. S. Barak, R. Snyderman. 2003. Role of the cytoplasmic tails of CXCR1 and CXCR2 in mediating leukocyte migration, activation, and regulation. J. Immunol. 170: 2904-2911).In order to evaluate the direct interaction of the CXCR2 or CXCR1 receptor with β-arrestin 2, a β-arrestin 2 recruitment test for CXCR2 or CXCR1 based on β-galactosidase enzyme complementation (Olson K R, Eglen R M. Beta galactosidase complementation: a cell-based luminescent assay platform for drug discovery. Assay Drug Dev Technol. 2007 February; 5(1); 137-44), as established by DiscoveRx Corporation was used. The stimulation of these two cell lines with CXCL8 (10 nM) induces β-arrestin 2 recruitment, as indicated by a significant increase in the induction factor. All the CXCR2 antagonists were tested in a dose-dependent manner and the concentration corresponding to 50% inhibition of the response was determined (IC50=half inhibition concentration).",0.3550000000000004
Cc1ccc(C(Nc2c(Nc3cccc(S(=O)(=O)N(C)C)c3O)c(=O)c2=O)C2(C)COC2)o1,5.84,CHEMBL3701195,CHEMBL3706377,CHEMBL3638995,"In Vitro Assay: The in vitro affinity of the compounds of the present invention for the CXCR1 and CXCR2 receptors was determined on a functional test of the .beta.-arrestin recruitment type after receptor activation.It was demonstrated that the activation by CXCL8 of the CXCR2 receptor in cells of the PathHunter HEK293-CXCR2 line or of the CXCR1 receptor in cells of the U2OS h CXCR1 .beta.-arrestin line results in the recruitment of .beta.-arrestin (Richardson et al. 2003 Role of the cytoplasmic tails of CXCR1 and CXCR2 in mediating leukocyte migration, activation, and regulation. J. Immunol. 170: 2904-2911.)In order to evaluate the direct interaction of the CXCR2 or CXCR1 receptor with .beta.-arrestin 2, a .beta.-arrestin 2 recruitment test for CXCR2 or CXCR1 based on of .beta.-galactosidase enzyme complementation (Olson K R, Eglen R M. Beta galactosidase complementation: a cell-based luminescent assay platform for drug discovery. Assay Drug Dev Technol. 2007 February; 5(1); 137-44).",6.59,CHEMBL3701195,CHEMBL3707937,CHEMBL3638995,"In Vitro Assay: The in vitro affinity of the compounds of the present invention for the CXCR1 and CXCR2 receptors was determined on a functional test of the .beta.-arrestin recruitment type after receptor activation.It was demonstrated that the activation by CXCL8 of the CXCR2 receptor in cells of the PathHunter HEK293-CXCR2 line or of the CXCR1 receptor in cells of the U2OS h CXCR1 .beta.-arrestin line results in the recruitment of .beta.-arrestin (Richardson et al. 2003 Role of the cytoplasmic tails of CXCR1 and CXCR2 in mediating leukocyte migration, activation, and regulation. J. Immunol. 170: 2904-2911.)In order to evaluate the direct interaction of the CXCR2 or CXCR1 receptor with .beta.-arrestin 2, a .beta.-arrestin 2 recruitment test for CXCR2 or CXCR1 based on of .beta.-galactosidase enzyme complementation (Olson K R, Eglen R M. Beta galactosidase complementation: a cell-based luminescent assay platform for drug discovery. Assay Drug Dev Technol. 2007 February; 5(1); 137-44).",0.75
Cc1ccc(C(Nc2c(Nc3cccn(C)c3=O)c(=O)c2=O)C2(C)COC2)o1,5.3,CHEMBL3701193,CHEMBL3706377,CHEMBL3638995,"In Vitro Assay: The in vitro affinity of the compounds of the present invention for the CXCR1 and CXCR2 receptors was determined on a functional test of the .beta.-arrestin recruitment type after receptor activation.It was demonstrated that the activation by CXCL8 of the CXCR2 receptor in cells of the PathHunter HEK293-CXCR2 line or of the CXCR1 receptor in cells of the U2OS h CXCR1 .beta.-arrestin line results in the recruitment of .beta.-arrestin (Richardson et al. 2003 Role of the cytoplasmic tails of CXCR1 and CXCR2 in mediating leukocyte migration, activation, and regulation. J. Immunol. 170: 2904-2911.)In order to evaluate the direct interaction of the CXCR2 or CXCR1 receptor with .beta.-arrestin 2, a .beta.-arrestin 2 recruitment test for CXCR2 or CXCR1 based on of .beta.-galactosidase enzyme complementation (Olson K R, Eglen R M. Beta galactosidase complementation: a cell-based luminescent assay platform for drug discovery. Assay Drug Dev Technol. 2007 February; 5(1); 137-44).",6.41,CHEMBL3701193,CHEMBL3707937,CHEMBL3638995,"In Vitro Assay: The in vitro affinity of the compounds of the present invention for the CXCR1 and CXCR2 receptors was determined on a functional test of the .beta.-arrestin recruitment type after receptor activation.It was demonstrated that the activation by CXCL8 of the CXCR2 receptor in cells of the PathHunter HEK293-CXCR2 line or of the CXCR1 receptor in cells of the U2OS h CXCR1 .beta.-arrestin line results in the recruitment of .beta.-arrestin (Richardson et al. 2003 Role of the cytoplasmic tails of CXCR1 and CXCR2 in mediating leukocyte migration, activation, and regulation. J. Immunol. 170: 2904-2911.)In order to evaluate the direct interaction of the CXCR2 or CXCR1 receptor with .beta.-arrestin 2, a .beta.-arrestin 2 recruitment test for CXCR2 or CXCR1 based on of .beta.-galactosidase enzyme complementation (Olson K R, Eglen R M. Beta galactosidase complementation: a cell-based luminescent assay platform for drug discovery. Assay Drug Dev Technol. 2007 February; 5(1); 137-44).",1.1100000000000003
Cc1ccc(C(Nc2c(Nc3cccn(C)c3=O)c(=O)c2=O)C2CCCS2)o1,6.42,CHEMBL5920779,CHEMBL5731468,CHEMBL5725784,"In Vitro Affinity Assay: The in vitro affinity of the compounds of the present invention for the CXCR1 and CXCR2 receptors was determined on a functional test of the β-arrestin recruitment after receptor activation type.It was demonstrated that the activation by CXCL8 of the CXCR2 receptor in cells of the PathHunter HEK293-CXCR2 line or of the CXCR1 receptor in cells of the U2OS h CXCR1 β-arrestin line results in the recruitment of β-arrestin (Richardson, R. M., R. J. Marjoram, L. S. Barak, R. Snyderman. 2003. Role of the cytoplasmic tails of CXCR1 and CXCR2 in mediating leukocyte migration, activation, and regulation. J. Immunol. 170: 2904-2911).In order to evaluate the direct interaction of the CXCR2 or CXCR1 receptor with β-arrestin 2, a β-arrestin 2 recruitment test for CXCR2 or CXCR1 based on β-galactosidase enzyme complementation (Olson K R, Eglen R M. Beta galactosidase complementation: a cell-based luminescent assay platform for drug discovery. Assay Drug Dev Technol. 2007 February; 5(1); 137-44), as established by DiscoveRx Corporation was used. The stimulation of these two cell lines with CXCL8 (10 nM) induces β-arrestin 2 recruitment, as indicated by a significant increase in the induction factor. All the CXCR2 antagonists were tested in a dose-dependent manner and the concentration corresponding to 50% inhibition of the response was determined (IC50=half inhibition concentration).",7.36,CHEMBL5920779,CHEMBL5731469,CHEMBL5725784,"In Vitro Affinity Assay: The in vitro affinity of the compounds of the present invention for the CXCR1 and CXCR2 receptors was determined on a functional test of the β-arrestin recruitment after receptor activation type.It was demonstrated that the activation by CXCL8 of the CXCR2 receptor in cells of the PathHunter HEK293-CXCR2 line or of the CXCR1 receptor in cells of the U2OS h CXCR1 β-arrestin line results in the recruitment of β-arrestin (Richardson, R. M., R. J. Marjoram, L. S. Barak, R. Snyderman. 2003. Role of the cytoplasmic tails of CXCR1 and CXCR2 in mediating leukocyte migration, activation, and regulation. J. Immunol. 170: 2904-2911).In order to evaluate the direct interaction of the CXCR2 or CXCR1 receptor with β-arrestin 2, a β-arrestin 2 recruitment test for CXCR2 or CXCR1 based on β-galactosidase enzyme complementation (Olson K R, Eglen R M. Beta galactosidase complementation: a cell-based luminescent assay platform for drug discovery. Assay Drug Dev Technol. 2007 February; 5(1); 137-44), as established by DiscoveRx Corporation was used. The stimulation of these two cell lines with CXCL8 (10 nM) induces β-arrestin 2 recruitment, as indicated by a significant increase in the induction factor. All the CXCR2 antagonists were tested in a dose-dependent manner and the concentration corresponding to 50% inhibition of the response was determined (IC50=half inhibition concentration).",0.9400000000000004
Cc1ccc([C@@H](Nc2c(Nc3cccc(C(=O)N(C)C)c3O)c(=O)c2=O)C2(C)COC2)o1,5.13,CHEMBL3704574,CHEMBL3706377,CHEMBL3638995,"In Vitro Assay: The in vitro affinity of the compounds of the present invention for the CXCR1 and CXCR2 receptors was determined on a functional test of the .beta.-arrestin recruitment type after receptor activation.It was demonstrated that the activation by CXCL8 of the CXCR2 receptor in cells of the PathHunter HEK293-CXCR2 line or of the CXCR1 receptor in cells of the U2OS h CXCR1 .beta.-arrestin line results in the recruitment of .beta.-arrestin (Richardson et al. 2003 Role of the cytoplasmic tails of CXCR1 and CXCR2 in mediating leukocyte migration, activation, and regulation. J. Immunol. 170: 2904-2911.)In order to evaluate the direct interaction of the CXCR2 or CXCR1 receptor with .beta.-arrestin 2, a .beta.-arrestin 2 recruitment test for CXCR2 or CXCR1 based on of .beta.-galactosidase enzyme complementation (Olson K R, Eglen R M. Beta galactosidase complementation: a cell-based luminescent assay platform for drug discovery. Assay Drug Dev Technol. 2007 February; 5(1); 137-44).",6.13,CHEMBL3704574,CHEMBL3707937,CHEMBL3638995,"In Vitro Assay: The in vitro affinity of the compounds of the present invention for the CXCR1 and CXCR2 receptors was determined on a functional test of the .beta.-arrestin recruitment type after receptor activation.It was demonstrated that the activation by CXCL8 of the CXCR2 receptor in cells of the PathHunter HEK293-CXCR2 line or of the CXCR1 receptor in cells of the U2OS h CXCR1 .beta.-arrestin line results in the recruitment of .beta.-arrestin (Richardson et al. 2003 Role of the cytoplasmic tails of CXCR1 and CXCR2 in mediating leukocyte migration, activation, and regulation. J. Immunol. 170: 2904-2911.)In order to evaluate the direct interaction of the CXCR2 or CXCR1 receptor with .beta.-arrestin 2, a .beta.-arrestin 2 recruitment test for CXCR2 or CXCR1 based on of .beta.-galactosidase enzyme complementation (Olson K R, Eglen R M. Beta galactosidase complementation: a cell-based luminescent assay platform for drug discovery. Assay Drug Dev Technol. 2007 February; 5(1); 137-44).",1.0
Cc1ccc([C@@H](Nc2c(Nc3cccc(C(=O)N(C)CC(F)(F)F)c3O)c(=O)c2=O)C2CCCS2)o1,6.29,CHEMBL3902863,CHEMBL3888716,CHEMBL3886800,"In Vitro Affinity Assay: â¿¿PathHunter HEK293-CXCR2â¿ or â¿¿U2OS hCXCR1 β-arrestinâ¿ cells (DiscoveRx Corporation) were seeded overnight at 10 000 cells/well (384-well format) in 20 μl of Opti MEM I medium. A preincubation with the antagonist or the vehicle for 30 min at 37° C. and 5% CO2 was followed by 60 minutes of stimulation with CXCL8 at 37° C. and 5% CO2. The cells were then placed at ambient temperature for 30 minutes. The PathHunter detection reagent (DiscoveRx Corporation) was added. After incubation for 60 min at ambient temperature, the β-galactosidase induced by the luminescence during the β-arrestin-CXCR2 interaction was measured for 0.3 s in an Envision 2102 Multilabel Reader (PerkinElmer Life and Analytical Sciences).",6.94,CHEMBL3902863,CHEMBL3888717,CHEMBL3886800,"In Vitro Affinity Assay: â¿¿PathHunter HEK293-CXCR2â¿ or â¿¿U2OS hCXCR1 β-arrestinâ¿ cells (DiscoveRx Corporation) were seeded overnight at 10 000 cells/well (384-well format) in 20 μl of Opti MEM I medium. A preincubation with the antagonist or the vehicle for 30 min at 37° C. and 5% CO2 was followed by 60 minutes of stimulation with CXCL8 at 37° C. and 5% CO2. The cells were then placed at ambient temperature for 30 minutes. The PathHunter detection reagent (DiscoveRx Corporation) was added. After incubation for 60 min at ambient temperature, the β-galactosidase induced by the luminescence during the β-arrestin-CXCR2 interaction was measured for 0.3 s in an Envision 2102 Multilabel Reader (PerkinElmer Life and Analytical Sciences).",0.6500000000000004
Cc1ccc([C@H](Nc2c(Nc3ccc(Cl)c(C(=O)N(C)C)c3O)c(=O)c2=O)C2(C)COC2)o1,6.05,CHEMBL3704572,CHEMBL3706377,CHEMBL3638995,"In Vitro Assay: The in vitro affinity of the compounds of the present invention for the CXCR1 and CXCR2 receptors was determined on a functional test of the .beta.-arrestin recruitment type after receptor activation.It was demonstrated that the activation by CXCL8 of the CXCR2 receptor in cells of the PathHunter HEK293-CXCR2 line or of the CXCR1 receptor in cells of the U2OS h CXCR1 .beta.-arrestin line results in the recruitment of .beta.-arrestin (Richardson et al. 2003 Role of the cytoplasmic tails of CXCR1 and CXCR2 in mediating leukocyte migration, activation, and regulation. J. Immunol. 170: 2904-2911.)In order to evaluate the direct interaction of the CXCR2 or CXCR1 receptor with .beta.-arrestin 2, a .beta.-arrestin 2 recruitment test for CXCR2 or CXCR1 based on of .beta.-galactosidase enzyme complementation (Olson K R, Eglen R M. Beta galactosidase complementation: a cell-based luminescent assay platform for drug discovery. Assay Drug Dev Technol. 2007 February; 5(1); 137-44).",6.43,CHEMBL3704572,CHEMBL3707937,CHEMBL3638995,"In Vitro Assay: The in vitro affinity of the compounds of the present invention for the CXCR1 and CXCR2 receptors was determined on a functional test of the .beta.-arrestin recruitment type after receptor activation.It was demonstrated that the activation by CXCL8 of the CXCR2 receptor in cells of the PathHunter HEK293-CXCR2 line or of the CXCR1 receptor in cells of the U2OS h CXCR1 .beta.-arrestin line results in the recruitment of .beta.-arrestin (Richardson et al. 2003 Role of the cytoplasmic tails of CXCR1 and CXCR2 in mediating leukocyte migration, activation, and regulation. J. Immunol. 170: 2904-2911.)In order to evaluate the direct interaction of the CXCR2 or CXCR1 receptor with .beta.-arrestin 2, a .beta.-arrestin 2 recruitment test for CXCR2 or CXCR1 based on of .beta.-galactosidase enzyme complementation (Olson K R, Eglen R M. Beta galactosidase complementation: a cell-based luminescent assay platform for drug discovery. Assay Drug Dev Technol. 2007 February; 5(1); 137-44).",0.3799999999999999
Cc1ccc([C@H](Nc2c(Nc3ccc(Cl)c(S(=O)(=O)N4CCN(C)CC4)c3O)c(=O)c2=O)C2(C)COC2)o1,6.94,CHEMBL3704573,CHEMBL3706377,CHEMBL3638995,"In Vitro Assay: The in vitro affinity of the compounds of the present invention for the CXCR1 and CXCR2 receptors was determined on a functional test of the .beta.-arrestin recruitment type after receptor activation.It was demonstrated that the activation by CXCL8 of the CXCR2 receptor in cells of the PathHunter HEK293-CXCR2 line or of the CXCR1 receptor in cells of the U2OS h CXCR1 .beta.-arrestin line results in the recruitment of .beta.-arrestin (Richardson et al. 2003 Role of the cytoplasmic tails of CXCR1 and CXCR2 in mediating leukocyte migration, activation, and regulation. J. Immunol. 170: 2904-2911.)In order to evaluate the direct interaction of the CXCR2 or CXCR1 receptor with .beta.-arrestin 2, a .beta.-arrestin 2 recruitment test for CXCR2 or CXCR1 based on of .beta.-galactosidase enzyme complementation (Olson K R, Eglen R M. Beta galactosidase complementation: a cell-based luminescent assay platform for drug discovery. Assay Drug Dev Technol. 2007 February; 5(1); 137-44).",7.52,CHEMBL3704573,CHEMBL3707937,CHEMBL3638995,"In Vitro Assay: The in vitro affinity of the compounds of the present invention for the CXCR1 and CXCR2 receptors was determined on a functional test of the .beta.-arrestin recruitment type after receptor activation.It was demonstrated that the activation by CXCL8 of the CXCR2 receptor in cells of the PathHunter HEK293-CXCR2 line or of the CXCR1 receptor in cells of the U2OS h CXCR1 .beta.-arrestin line results in the recruitment of .beta.-arrestin (Richardson et al. 2003 Role of the cytoplasmic tails of CXCR1 and CXCR2 in mediating leukocyte migration, activation, and regulation. J. Immunol. 170: 2904-2911.)In order to evaluate the direct interaction of the CXCR2 or CXCR1 receptor with .beta.-arrestin 2, a .beta.-arrestin 2 recruitment test for CXCR2 or CXCR1 based on of .beta.-galactosidase enzyme complementation (Olson K R, Eglen R M. Beta galactosidase complementation: a cell-based luminescent assay platform for drug discovery. Assay Drug Dev Technol. 2007 February; 5(1); 137-44).",0.5799999999999992
Cc1ccc([C@H](Nc2c(Nc3cccc(C(=O)N(C)C)c3O)c(=O)c2=O)C2(C)COC2)o1,6.51,CHEMBL3704570,CHEMBL3706377,CHEMBL3638995,"In Vitro Assay: The in vitro affinity of the compounds of the present invention for the CXCR1 and CXCR2 receptors was determined on a functional test of the .beta.-arrestin recruitment type after receptor activation.It was demonstrated that the activation by CXCL8 of the CXCR2 receptor in cells of the PathHunter HEK293-CXCR2 line or of the CXCR1 receptor in cells of the U2OS h CXCR1 .beta.-arrestin line results in the recruitment of .beta.-arrestin (Richardson et al. 2003 Role of the cytoplasmic tails of CXCR1 and CXCR2 in mediating leukocyte migration, activation, and regulation. J. Immunol. 170: 2904-2911.)In order to evaluate the direct interaction of the CXCR2 or CXCR1 receptor with .beta.-arrestin 2, a .beta.-arrestin 2 recruitment test for CXCR2 or CXCR1 based on of .beta.-galactosidase enzyme complementation (Olson K R, Eglen R M. Beta galactosidase complementation: a cell-based luminescent assay platform for drug discovery. Assay Drug Dev Technol. 2007 February; 5(1); 137-44).",7.14,CHEMBL3704570,CHEMBL3707937,CHEMBL3638995,"In Vitro Assay: The in vitro affinity of the compounds of the present invention for the CXCR1 and CXCR2 receptors was determined on a functional test of the .beta.-arrestin recruitment type after receptor activation.It was demonstrated that the activation by CXCL8 of the CXCR2 receptor in cells of the PathHunter HEK293-CXCR2 line or of the CXCR1 receptor in cells of the U2OS h CXCR1 .beta.-arrestin line results in the recruitment of .beta.-arrestin (Richardson et al. 2003 Role of the cytoplasmic tails of CXCR1 and CXCR2 in mediating leukocyte migration, activation, and regulation. J. Immunol. 170: 2904-2911.)In order to evaluate the direct interaction of the CXCR2 or CXCR1 receptor with .beta.-arrestin 2, a .beta.-arrestin 2 recruitment test for CXCR2 or CXCR1 based on of .beta.-galactosidase enzyme complementation (Olson K R, Eglen R M. Beta galactosidase complementation: a cell-based luminescent assay platform for drug discovery. Assay Drug Dev Technol. 2007 February; 5(1); 137-44).",0.6299999999999999
Cc1ccc([C@H](Nc2c(Nc3cccc(C(=O)N(C)CC(F)(F)F)c3O)c(=O)c2=O)C2(C)COC2)o1,6.25,CHEMBL3704569,CHEMBL3706377,CHEMBL3638995,"In Vitro Assay: The in vitro affinity of the compounds of the present invention for the CXCR1 and CXCR2 receptors was determined on a functional test of the .beta.-arrestin recruitment type after receptor activation.It was demonstrated that the activation by CXCL8 of the CXCR2 receptor in cells of the PathHunter HEK293-CXCR2 line or of the CXCR1 receptor in cells of the U2OS h CXCR1 .beta.-arrestin line results in the recruitment of .beta.-arrestin (Richardson et al. 2003 Role of the cytoplasmic tails of CXCR1 and CXCR2 in mediating leukocyte migration, activation, and regulation. J. Immunol. 170: 2904-2911.)In order to evaluate the direct interaction of the CXCR2 or CXCR1 receptor with .beta.-arrestin 2, a .beta.-arrestin 2 recruitment test for CXCR2 or CXCR1 based on of .beta.-galactosidase enzyme complementation (Olson K R, Eglen R M. Beta galactosidase complementation: a cell-based luminescent assay platform for drug discovery. Assay Drug Dev Technol. 2007 February; 5(1); 137-44).",7.58,CHEMBL3704569,CHEMBL3707937,CHEMBL3638995,"In Vitro Assay: The in vitro affinity of the compounds of the present invention for the CXCR1 and CXCR2 receptors was determined on a functional test of the .beta.-arrestin recruitment type after receptor activation.It was demonstrated that the activation by CXCL8 of the CXCR2 receptor in cells of the PathHunter HEK293-CXCR2 line or of the CXCR1 receptor in cells of the U2OS h CXCR1 .beta.-arrestin line results in the recruitment of .beta.-arrestin (Richardson et al. 2003 Role of the cytoplasmic tails of CXCR1 and CXCR2 in mediating leukocyte migration, activation, and regulation. J. Immunol. 170: 2904-2911.)In order to evaluate the direct interaction of the CXCR2 or CXCR1 receptor with .beta.-arrestin 2, a .beta.-arrestin 2 recruitment test for CXCR2 or CXCR1 based on of .beta.-galactosidase enzyme complementation (Olson K R, Eglen R M. Beta galactosidase complementation: a cell-based luminescent assay platform for drug discovery. Assay Drug Dev Technol. 2007 February; 5(1); 137-44).",1.33
Cc1ccc([C@H](Nc2c(Nc3cccc(C(=O)N(C)CC(F)(F)F)c3O)c(=O)c2=O)C2CCCS2)o1,7.44,CHEMBL3909470,CHEMBL3888716; CHEMBL5731468,CHEMBL3886800; CHEMBL5725784,"In Vitro Affinity Assay: â¿¿PathHunter HEK293-CXCR2â¿ or â¿¿U2OS hCXCR1 β-arrestinâ¿ cells (DiscoveRx Corporation) were seeded overnight at 10 000 cells/well (384-well format) in 20 μl of Opti MEM I medium. A preincubation with the antagonist or the vehicle for 30 min at 37° C. and 5% CO2 was followed by 60 minutes of stimulation with CXCL8 at 37° C. and 5% CO2. The cells were then placed at ambient temperature for 30 minutes. The PathHunter detection reagent (DiscoveRx Corporation) was added. After incubation for 60 min at ambient temperature, the β-galactosidase induced by the luminescence during the β-arrestin-CXCR2 interaction was measured for 0.3 s in an Envision 2102 Multilabel Reader (PerkinElmer Life and Analytical Sciences).; In Vitro Affinity Assay: The in vitro affinity of the compounds of the present invention for the CXCR1 and CXCR2 receptors was determined on a functional test of the β-arrestin recruitment after receptor activation type.It was demonstrated that the activation by CXCL8 of the CXCR2 receptor in cells of the PathHunter HEK293-CXCR2 line or of the CXCR1 receptor in cells of the U2OS h CXCR1 β-arrestin line results in the recruitment of β-arrestin (Richardson, R. M., R. J. Marjoram, L. S. Barak, R. Snyderman. 2003. Role of the cytoplasmic tails of CXCR1 and CXCR2 in mediating leukocyte migration, activation, and regulation. J. Immunol. 170: 2904-2911).In order to evaluate the direct interaction of the CXCR2 or CXCR1 receptor with β-arrestin 2, a β-arrestin 2 recruitment test for CXCR2 or CXCR1 based on β-galactosidase enzyme complementation (Olson K R, Eglen R M. Beta galactosidase complementation: a cell-based luminescent assay platform for drug discovery. Assay Drug Dev Technol. 2007 February; 5(1); 137-44), as established by DiscoveRx Corporation was used. The stimulation of these two cell lines with CXCL8 (10 nM) induces β-arrestin 2 recruitment, as indicated by a significant increase in the induction factor. All the CXCR2 antagonists were tested in a dose-dependent manner and the concentration corresponding to 50% inhibition of the response was determined (IC50=half inhibition concentration).",7.82,CHEMBL3909470,CHEMBL5731469; CHEMBL3888717,CHEMBL3886800; CHEMBL5725784,"In Vitro Affinity Assay: â¿¿PathHunter HEK293-CXCR2â¿ or â¿¿U2OS hCXCR1 β-arrestinâ¿ cells (DiscoveRx Corporation) were seeded overnight at 10 000 cells/well (384-well format) in 20 μl of Opti MEM I medium. A preincubation with the antagonist or the vehicle for 30 min at 37° C. and 5% CO2 was followed by 60 minutes of stimulation with CXCL8 at 37° C. and 5% CO2. The cells were then placed at ambient temperature for 30 minutes. The PathHunter detection reagent (DiscoveRx Corporation) was added. After incubation for 60 min at ambient temperature, the β-galactosidase induced by the luminescence during the β-arrestin-CXCR2 interaction was measured for 0.3 s in an Envision 2102 Multilabel Reader (PerkinElmer Life and Analytical Sciences).; In Vitro Affinity Assay: The in vitro affinity of the compounds of the present invention for the CXCR1 and CXCR2 receptors was determined on a functional test of the β-arrestin recruitment after receptor activation type.It was demonstrated that the activation by CXCL8 of the CXCR2 receptor in cells of the PathHunter HEK293-CXCR2 line or of the CXCR1 receptor in cells of the U2OS h CXCR1 β-arrestin line results in the recruitment of β-arrestin (Richardson, R. M., R. J. Marjoram, L. S. Barak, R. Snyderman. 2003. Role of the cytoplasmic tails of CXCR1 and CXCR2 in mediating leukocyte migration, activation, and regulation. J. Immunol. 170: 2904-2911).In order to evaluate the direct interaction of the CXCR2 or CXCR1 receptor with β-arrestin 2, a β-arrestin 2 recruitment test for CXCR2 or CXCR1 based on β-galactosidase enzyme complementation (Olson K R, Eglen R M. Beta galactosidase complementation: a cell-based luminescent assay platform for drug discovery. Assay Drug Dev Technol. 2007 February; 5(1); 137-44), as established by DiscoveRx Corporation was used. The stimulation of these two cell lines with CXCL8 (10 nM) induces β-arrestin 2 recruitment, as indicated by a significant increase in the induction factor. All the CXCR2 antagonists were tested in a dose-dependent manner and the concentration corresponding to 50% inhibition of the response was determined (IC50=half inhibition concentration).",0.3799999999999999
Cc1ccc([C@H](Nc2c(Nc3csc(C(=O)N(C)C)c3O)c(=O)c2=O)C2(C)COC2)o1,5.41,CHEMBL3640034,CHEMBL3706377,CHEMBL3638995,"In Vitro Assay: The in vitro affinity of the compounds of the present invention for the CXCR1 and CXCR2 receptors was determined on a functional test of the .beta.-arrestin recruitment type after receptor activation.It was demonstrated that the activation by CXCL8 of the CXCR2 receptor in cells of the PathHunter HEK293-CXCR2 line or of the CXCR1 receptor in cells of the U2OS h CXCR1 .beta.-arrestin line results in the recruitment of .beta.-arrestin (Richardson et al. 2003 Role of the cytoplasmic tails of CXCR1 and CXCR2 in mediating leukocyte migration, activation, and regulation. J. Immunol. 170: 2904-2911.)In order to evaluate the direct interaction of the CXCR2 or CXCR1 receptor with .beta.-arrestin 2, a .beta.-arrestin 2 recruitment test for CXCR2 or CXCR1 based on of .beta.-galactosidase enzyme complementation (Olson K R, Eglen R M. Beta galactosidase complementation: a cell-based luminescent assay platform for drug discovery. Assay Drug Dev Technol. 2007 February; 5(1); 137-44).",7.02,CHEMBL3640034,CHEMBL3707937,CHEMBL3638995,"In Vitro Assay: The in vitro affinity of the compounds of the present invention for the CXCR1 and CXCR2 receptors was determined on a functional test of the .beta.-arrestin recruitment type after receptor activation.It was demonstrated that the activation by CXCL8 of the CXCR2 receptor in cells of the PathHunter HEK293-CXCR2 line or of the CXCR1 receptor in cells of the U2OS h CXCR1 .beta.-arrestin line results in the recruitment of .beta.-arrestin (Richardson et al. 2003 Role of the cytoplasmic tails of CXCR1 and CXCR2 in mediating leukocyte migration, activation, and regulation. J. Immunol. 170: 2904-2911.)In order to evaluate the direct interaction of the CXCR2 or CXCR1 receptor with .beta.-arrestin 2, a .beta.-arrestin 2 recruitment test for CXCR2 or CXCR1 based on of .beta.-galactosidase enzyme complementation (Olson K R, Eglen R M. Beta galactosidase complementation: a cell-based luminescent assay platform for drug discovery. Assay Drug Dev Technol. 2007 February; 5(1); 137-44).",1.6099999999999994
Cc1ccc([C@H](Nc2nsnc2Nc2cccc(C(=O)N(C)C)c2O)C(C)(C)C)o1,6.84,CHEMBL455431,CHEMBL963310,CHEMBL1153271,Displacement of [125I]CXCL8 from CXCR1 receptor in human PMN assessed as myeloperoxidase release,7.68,CHEMBL455431,CHEMBL963311,CHEMBL1153271,Displacement of [125I]CXCL1 from CXCR2 receptor in human PMN assessed as myeloperoxidase release,0.8399999999999999
Cc1ccc([C@H](Nc2nsnc2Nc2cccc(C(=O)N(C)C)c2O)C(C)C)o1,5.41,CHEMBL510437,CHEMBL963310,CHEMBL1153271,Displacement of [125I]CXCL8 from CXCR1 receptor in human PMN assessed as myeloperoxidase release,7.44,CHEMBL510437,CHEMBL963311,CHEMBL1153271,Displacement of [125I]CXCL1 from CXCR2 receptor in human PMN assessed as myeloperoxidase release,2.0300000000000002
Cc1coc(C(Nc2c(Nc3cccc(C(=O)N(C)C)c3O)c(=O)c2=O)C2(C)COC2)c1,5.595000000000001,CHEMBL3704564,CHEMBL3706377,CHEMBL3638995,"In Vitro Assay: The in vitro affinity of the compounds of the present invention for the CXCR1 and CXCR2 receptors was determined on a functional test of the .beta.-arrestin recruitment type after receptor activation.It was demonstrated that the activation by CXCL8 of the CXCR2 receptor in cells of the PathHunter HEK293-CXCR2 line or of the CXCR1 receptor in cells of the U2OS h CXCR1 .beta.-arrestin line results in the recruitment of .beta.-arrestin (Richardson et al. 2003 Role of the cytoplasmic tails of CXCR1 and CXCR2 in mediating leukocyte migration, activation, and regulation. J. Immunol. 170: 2904-2911.)In order to evaluate the direct interaction of the CXCR2 or CXCR1 receptor with .beta.-arrestin 2, a .beta.-arrestin 2 recruitment test for CXCR2 or CXCR1 based on of .beta.-galactosidase enzyme complementation (Olson K R, Eglen R M. Beta galactosidase complementation: a cell-based luminescent assay platform for drug discovery. Assay Drug Dev Technol. 2007 February; 5(1); 137-44).",7.09,CHEMBL3704564,CHEMBL3707937,CHEMBL3638995,"In Vitro Assay: The in vitro affinity of the compounds of the present invention for the CXCR1 and CXCR2 receptors was determined on a functional test of the .beta.-arrestin recruitment type after receptor activation.It was demonstrated that the activation by CXCL8 of the CXCR2 receptor in cells of the PathHunter HEK293-CXCR2 line or of the CXCR1 receptor in cells of the U2OS h CXCR1 .beta.-arrestin line results in the recruitment of .beta.-arrestin (Richardson et al. 2003 Role of the cytoplasmic tails of CXCR1 and CXCR2 in mediating leukocyte migration, activation, and regulation. J. Immunol. 170: 2904-2911.)In order to evaluate the direct interaction of the CXCR2 or CXCR1 receptor with .beta.-arrestin 2, a .beta.-arrestin 2 recruitment test for CXCR2 or CXCR1 based on of .beta.-galactosidase enzyme complementation (Olson K R, Eglen R M. Beta galactosidase complementation: a cell-based luminescent assay platform for drug discovery. Assay Drug Dev Technol. 2007 February; 5(1); 137-44).",1.4949999999999992
O=C(Nc1ccc(F)cc1)c1ccc(SCc2ccccc2B(O)O)nc1,6.06,CHEMBL3342269,CHEMBL3387792,CHEMBL3352272,Antagonist activity at human CXCR1 expressed in HEK293 cells assessed as inhibition of CXCL8-induced intracellular Ca2+ release by fluorescence based calcium flux assay,7.42,CHEMBL3342269,CHEMBL3387793; CHEMBL3386566; CHEMBL3705746,CHEMBL3352272; CHEMBL3639254,"In Vitro Inhibition Assay: An in vitro assay showed inhibition of CXCR2-mediated intracellular calcium release. Briefly, human neutrophils were suspended in HBSS- (without Ca2+ and Mg2+) containing 10 mM HEPES and FLIPR Calcium 3 dye (3.1x107 cells in total volume 1.7 mL). Cells were aliquoted (200 uL of the cell suspension per tube, 8 tubes total) and 2 uL of the designated compound (with appropriate dilutions) were added to each of 6 tubes. As controls, 2 uL of DMSO (1% final concentration) were added to 2 other tubes. Cells were incubated for 30 min at 37 C. After dye loading, tubes were centrifuged at 6,000 rpm for 1 min, supernatant was removed and the cell pellet was re-suspended in 200 uL of HBSS+ (with Ca2+ and Mg2+) containing 10 mM HEPES. The test compound or DMSO (control) was added again at the same concentrations that were used during cell loading. The cell suspension was aliquoted into a 96-well Reading Plate (Corning) in a volume of 90 uL (105 cells/well).; Antagonist activity at human CXCR2 expressed in HEK293 cells assessed as inhibition of CXCL8-induced intracellular Ca2+ release by fluorescence based calcium flux assay; Antagonist activity at CXCR2 in human PMNs assessed as inhibition of CXCL1-induced intracellular Ca2+ release by fluorescence based calcium flux assay",1.3600000000000003
