standardized_smiles,pchembl_value_cxcr1,molecule_chembl_id_cxcr1,assay_chembl_id_cxcr1,document_chembl_id_cxcr1,assay_description_cxcr1,pchembl_value_cxcr2,molecule_chembl_id_cxcr2,assay_chembl_id_cxcr2,document_chembl_id_cxcr2,assay_description_cxcr2,Selectivity_Score,BM_Scaffold_SMILES,Label,Modality,MolWt,LogP,TPSA,HBD,HBA,Fsp3,Validation_Group
CC(C)Cc1ccc(C(C)C(=O)NS(C)(=O)=O)cc1,9.0,CHEMBL191413,CHEMBL2184854,CHEMBL2176887,Binding affinity to CXCR1,7.0,CHEMBL191413,CHEMBL2184853,CHEMBL2176887,Binding affinity to CXCR2,-2.0,c1ccccc1,0,Binding Cohort,283.393,2.0644,63.24,1.0,3.0,0.5,Train
CC(C)c1ccccc1N=C(NC#N)Nc1ccc(Cl)c(S(=O)(=O)N(C)C)c1O,5.14,CHEMBL218334,CHEMBL908414,CHEMBL1139694,Displacement of [125I]IL8 from CXCR1 expressed in CHO cells,6.95,CHEMBL218334,CHEMBL908413,CHEMBL1139694,Displacement of [125I]IL8 from CXCR2 expressed in CHO cells,1.8100000000000005,C(=Nc1ccccc1)Nc1ccccc1,0,Binding Cohort,435.9370000000001,3.589580000000002,117.82,3.0,5.0,0.2631578947368421,Train
CCC(CC)(NS(=O)(=O)c1c(C)ccc(N=C(NC#N)Nc2ccccc2Br)c1O)N1CCOCC1,6.98,CHEMBL221481,CHEMBL908414,CHEMBL1139694,Displacement of [125I]IL8 from CXCR1 expressed in CHO cells,8.22,CHEMBL221481,CHEMBL908413,CHEMBL1139694,Displacement of [125I]IL8 from CXCR2 expressed in CHO cells,1.2400000000000002,O=S(=O)(NCN1CCOCC1)c1cccc(N=CNc2ccccc2)c1,0,Binding Cohort,579.5209999999998,3.760200000000002,139.07999999999998,4.0,7.0,0.4166666666666667,Train
CCC(CC)(NS(=O)(=O)c1c(Cl)ccc(N=C(NC#N)Nc2ccccc2Br)c1O)N1CCC(N)CC1,6.73,CHEMBL386072,CHEMBL908414,CHEMBL1139694,Displacement of [125I]IL8 from CXCR1 expressed in CHO cells,7.66,CHEMBL386072,CHEMBL908413,CHEMBL1139694,Displacement of [125I]IL8 from CXCR2 expressed in CHO cells,0.9299999999999997,O=S(=O)(NCN1CCCCC1)c1cccc(N=CNc2ccccc2)c1,0,Binding Cohort,612.9819999999997,4.196080000000002,155.87,5.0,7.0,0.4166666666666667,Train
CCC(CC)(NS(=O)(=O)c1c(Cl)ccc(N=C(NC#N)Nc2ccccc2Br)c1O)N1CCCC1C(=O)O,7.66,CHEMBL387136,CHEMBL908414,CHEMBL1139694,Displacement of [125I]IL8 from CXCR1 expressed in CHO cells,7.8,CHEMBL387136,CHEMBL908413,CHEMBL1139694,Displacement of [125I]IL8 from CXCR2 expressed in CHO cells,0.13999999999999968,O=S(=O)(NCN1CCCC1)c1cccc(N=CNc2ccccc2)c1,0,Binding Cohort,627.949,4.321980000000002,167.14999999999998,5.0,7.0,0.375,Train
CCC(CC)(NS(=O)(=O)c1c(Cl)ccc(N=C(NC#N)Nc2ccccc2Br)c1O)N1C[C@@H](C)O[C@@H](C)C1,6.67,CHEMBL218486,CHEMBL908414,CHEMBL1139694,Displacement of [125I]IL8 from CXCR1 expressed in CHO cells,8.05,CHEMBL218486,CHEMBL908413,CHEMBL1139694,Displacement of [125I]IL8 from CXCR2 expressed in CHO cells,1.3800000000000008,O=S(=O)(NCN1CCOCC1)c1cccc(N=CNc2ccccc2)c1,0,Binding Cohort,627.9929999999999,4.8821800000000035,139.07999999999998,4.0,7.0,0.44,Train
CCC(CC)(NS(=O)(=O)c1c(Cl)ccc(N=C(NC#N)Nc2ccccc2C)c1O)N1C[C@@H](C)O[C@@H](C)C1,5.97,CHEMBL373522,CHEMBL908414,CHEMBL1139694,Displacement of [125I]IL8 from CXCR1 expressed in CHO cells,7.77,CHEMBL373522,CHEMBL908413,CHEMBL1139694,Displacement of [125I]IL8 from CXCR2 expressed in CHO cells,1.7999999999999998,O=S(=O)(NCN1CCOCC1)c1cccc(N=CNc2ccccc2)c1,0,Binding Cohort,563.1240000000001,4.428100000000004,139.07999999999998,4.0,7.0,0.46153846153846156,Train
CCC(CC)(NS(=O)(=O)c1cccc(N=C(NC#N)Nc2ccccc2Br)c1O)N1CCOCC1,6.24,CHEMBL218744,CHEMBL908414,CHEMBL1139694,Displacement of [125I]IL8 from CXCR1 expressed in CHO cells,7.92,CHEMBL218744,CHEMBL908413,CHEMBL1139694,Displacement of [125I]IL8 from CXCR2 expressed in CHO cells,1.6799999999999997,O=S(=O)(NCN1CCOCC1)c1cccc(N=CNc2ccccc2)c1,0,Binding Cohort,565.494,3.451780000000002,139.07999999999998,4.0,7.0,0.391304347826087,Train
CCC(CC)Nc1c(Nc2cccc(C(=O)N(C)C)c2O)c(=O)c1=O,6.04,CHEMBL218964,CHEMBL912816,CHEMBL1138214,Displacement of [125I]hCXCL8 from human CXCR1 receptor expressed in BaF3 cells,8.06,CHEMBL214047,CHEMBL909848; CHEMBL867334,CHEMBL1146016; CHEMBL1138214,Displacement of [125I]hCXCL8 from human CXCR2 receptor expressed in BaF3 cells; Displacement of [125I]IL8 from human CXCR2 expressed in CHO cells,2.0200000000000005,O=c1cc(Nc2ccccc2)c1=O,0,Binding Cohort,345.3990000000001,2.0341,98.73999999999998,3.0,6.0,0.3888888888888889,Test
CCN(CC)CCCCNc1nc2cc(Cl)c(Cl)cc2nc1-c1cc2ccccc2o1,6.64,CHEMBL4473520,CHEMBL4324677,CHEMBL4321855,Displacement of [125I]IL-8 from CXCR1 in human neutrophils incubated for 3 hrs by gamma counting method,7.52,CHEMBL4473520,CHEMBL4324678,CHEMBL4321855,Displacement of [125I]IL-8 from CXCR2 in human neutrophils incubated for 3 hrs by gamma counting method,0.8799999999999999,c1ccc2oc(-c3cnc4ccccc4n3)cc2c1,0,Binding Cohort,457.4050000000002,6.883700000000006,54.19,1.0,5.0,0.3333333333333333,Test
CC[C@@H](Nc1c(Nc2cccc(C(=O)N(C)C)c2O)c(=O)c1=O)c1cc(C(C)C)co1,8.14,CHEMBL246108,CHEMBL886376,CHEMBL1139955,Displacement of [125I]IL8 from human CXCR1 expressed in CHO cells by SPA,8.89,CHEMBL246108,CHEMBL886375,CHEMBL1139955,Displacement of [125I]IL8 from human CXCR2 expressed in CHO cells by SPA,0.75,O=c1c(NCc2ccco2)c(Nc2ccccc2)c1=O,0,Binding Cohort,425.4850000000002,3.7132000000000023,111.87999999999998,3.0,7.0,0.34782608695652173,Train
CC[C@@H](Nc1c(Nc2cccc(C(=O)N(C)C)c2O)c(=O)c1=O)c1ccc(C)o1,7.925000000000001,CHEMBL216981,CHEMBL912816; CHEMBL2184854,CHEMBL1138214; CHEMBL2176887,Displacement of [125I]hCXCL8 from human CXCR1 receptor expressed in BaF3 cells; Binding affinity to CXCR1,9.45,CHEMBL216981,CHEMBL909848; CHEMBL2184853,CHEMBL1138214; CHEMBL2176887,Displacement of [125I]hCXCL8 from human CXCR2 receptor expressed in BaF3 cells; Binding affinity to CXCR2,1.5249999999999986,O=c1c(NCc2ccco2)c(Nc2ccccc2)c1=O,0,Binding Cohort,397.43100000000015,2.898220000000001,111.87999999999998,3.0,7.0,0.2857142857142857,Train
CC[C@@H](Nc1c(Nc2cccc(C(=O)N(C)C)c2O)c(=O)c1=O)c1ccc(C)s1,6.63,CHEMBL415446,CHEMBL912816,CHEMBL1138214,Displacement of [125I]hCXCL8 from human CXCR1 receptor expressed in BaF3 cells,8.28,CHEMBL415446,CHEMBL909848,CHEMBL1138214,Displacement of [125I]hCXCL8 from human CXCR2 receptor expressed in BaF3 cells,1.6499999999999995,O=c1c(NCc2cccs2)c(Nc2ccccc2)c1=O,0,Binding Cohort,413.49900000000014,3.3667200000000017,98.73999999999998,3.0,7.0,0.2857142857142857,Train
CC[C@@H](Nc1c(Nc2cccc(C(=O)N(C)C)c2O)c(=O)c1=O)c1ccc2c(c1)OCO2,6.84,CHEMBL220182,CHEMBL912816,CHEMBL1138214,Displacement of [125I]hCXCL8 from human CXCR1 receptor expressed in BaF3 cells,8.3,CHEMBL220182,CHEMBL909848,CHEMBL1138214,Displacement of [125I]hCXCL8 from human CXCR2 receptor expressed in BaF3 cells,1.4600000000000009,O=c1c(NCc2ccc3c(c2)OCO3)c(Nc2ccccc2)c1=O,0,Binding Cohort,437.4520000000002,2.725500000000001,117.19999999999999,3.0,8.0,0.2608695652173913,Train
CC[C@@H](Nc1c(Nc2cccc(C(=O)N(C)C)c2O)c(=O)c1=O)c1cccc(F)c1,6.71,CHEMBL401512,CHEMBL912816,CHEMBL1138214,Displacement of [125I]hCXCL8 from human CXCR1 receptor expressed in BaF3 cells,8.31,CHEMBL401512,CHEMBL909848; CHEMBL929862,CHEMBL1141536; CHEMBL1138214,Displacement of [125I]IL8 from human CXCR2 by SPA assay; Displacement of [125I]hCXCL8 from human CXCR2 receptor expressed in BaF3 cells,1.6000000000000005,O=c1c(NCc2ccccc2)c(Nc2ccccc2)c1=O,0,Binding Cohort,411.4330000000001,3.1359000000000012,98.73999999999998,3.0,6.0,0.22727272727272727,Train
CC[C@@H](Nc1c(Nc2cccc(C(=O)N(C)C)c2O)c(=O)c1=O)c1ccccc1,6.59,CHEMBL254370,CHEMBL912816,CHEMBL1138214,Displacement of [125I]hCXCL8 from human CXCR1 receptor expressed in BaF3 cells,8.17,CHEMBL254370,CHEMBL909848; CHEMBL929862,CHEMBL1141536; CHEMBL1138214,Displacement of [125I]IL8 from human CXCR2 by SPA assay; Displacement of [125I]hCXCL8 from human CXCR2 receptor expressed in BaF3 cells,1.58,O=c1c(NCc2ccccc2)c(Nc2ccccc2)c1=O,0,Binding Cohort,393.4430000000001,2.9968000000000012,98.73999999999998,3.0,6.0,0.22727272727272727,Train
CC[C@@H](Nc1c(Nc2cccc(C(=O)N(C)C)c2O)c(=O)c1=O)c1ccco1,7.58,CHEMBL218115,CHEMBL912816,CHEMBL1138214,Displacement of [125I]hCXCL8 from human CXCR1 receptor expressed in BaF3 cells,8.42,CHEMBL218115,CHEMBL909848,CHEMBL1138214,Displacement of [125I]hCXCL8 from human CXCR2 receptor expressed in BaF3 cells,0.8399999999999999,O=c1c(NCc2ccco2)c(Nc2ccccc2)c1=O,0,Binding Cohort,383.4040000000001,2.5898000000000003,111.87999999999998,3.0,7.0,0.25,Train
CC[C@@H](Nc1c(Nc2cccc(C(=O)N(C)C)c2O)c(=O)c1=O)c1cccs1,7.09,CHEMBL385715,CHEMBL912816,CHEMBL1138214,Displacement of [125I]hCXCL8 from human CXCR1 receptor expressed in BaF3 cells,8.22,CHEMBL385715,CHEMBL909848,CHEMBL1138214,Displacement of [125I]hCXCL8 from human CXCR2 receptor expressed in BaF3 cells,1.1300000000000008,O=c1c(NCc2cccs2)c(Nc2ccccc2)c1=O,0,Binding Cohort,399.4720000000001,3.058300000000002,98.73999999999998,3.0,7.0,0.25,Train
CCc1ccccc1N=C(NC#N)Nc1ccc(Cl)c(S(=O)(=O)N(C)C)c1O,6.29,CHEMBL386505,CHEMBL908414,CHEMBL1139694,Displacement of [125I]IL8 from CXCR1 expressed in CHO cells,7.82,CHEMBL386505,CHEMBL908413,CHEMBL1139694,Displacement of [125I]IL8 from CXCR2 expressed in CHO cells,1.5300000000000002,C(=Nc1ccccc1)Nc1ccccc1,0,Binding Cohort,421.9100000000002,3.028580000000002,117.82,3.0,5.0,0.2222222222222222,Train
CN(C)S(=O)(=O)c1c(C(F)(F)F)ccc(N=C(NC#N)Nc2ccccc2Br)c1O,7.0,CHEMBL218665,CHEMBL908414,CHEMBL1139694,Displacement of [125I]IL8 from CXCR1 expressed in CHO cells,8.15,CHEMBL218665,CHEMBL908413,CHEMBL1139694,Displacement of [125I]IL8 from CXCR2 expressed in CHO cells,1.1500000000000004,C(=Nc1ccccc1)Nc1ccccc1,0,Binding Cohort,506.3040000000001,3.594080000000002,117.82000000000001,3.0,5.0,0.17647058823529413,Train
CN(C)S(=O)(=O)c1c(Cl)ccc(N=C(NC#N)Nc2cccc(Cl)c2F)c1O,5.21,CHEMBL221039,CHEMBL908414,CHEMBL1139694,Displacement of [125I]IL8 from CXCR1 expressed in CHO cells,7.54,CHEMBL221039,CHEMBL908413,CHEMBL1139694,Displacement of [125I]IL8 from CXCR2 expressed in CHO cells,2.33,C(=Nc1ccccc1)Nc1ccccc1,0,Binding Cohort,446.29100000000017,3.2586800000000014,117.82000000000001,3.0,5.0,0.125,Train
CN(C)S(=O)(=O)c1c(Cl)ccc(N=C(NC#N)Nc2ccccc2-c2ccccc2)c1O,6.12,CHEMBL425985,CHEMBL908414,CHEMBL1139694,Displacement of [125I]IL8 from CXCR1 expressed in CHO cells,7.89,CHEMBL425985,CHEMBL908413,CHEMBL1139694,Displacement of [125I]IL8 from CXCR2 expressed in CHO cells,1.7699999999999996,C(=Nc1ccccc1)Nc1ccccc1-c1ccccc1,0,Binding Cohort,469.9540000000002,4.133180000000004,117.82000000000001,3.0,5.0,0.09090909090909091,Train
CN(C)S(=O)(=O)c1c(Cl)ccc(N=C(NC#N)Nc2ccccc2Br)c1O,7.26,CHEMBL218387,CHEMBL908414,CHEMBL1139694,Displacement of [125I]IL8 from CXCR1 expressed in CHO cells,8.3,CHEMBL218387,CHEMBL908413,CHEMBL1139694,Displacement of [125I]IL8 from CXCR2 expressed in CHO cells,1.040000000000001,C(=Nc1ccccc1)Nc1ccccc1,0,Binding Cohort,472.7520000000001,3.228680000000001,117.82000000000001,3.0,5.0,0.125,Train
CN(C)S(=O)(=O)c1c(Cl)ccc(N=C(NC#N)Nc2ccccc2C(F)(F)F)c1O,6.39,CHEMBL222075,CHEMBL908414,CHEMBL1139694,Displacement of [125I]IL8 from CXCR1 expressed in CHO cells,7.92,CHEMBL222075,CHEMBL908413,CHEMBL1139694,Displacement of [125I]IL8 from CXCR2 expressed in CHO cells,1.5300000000000002,C(=Nc1ccccc1)Nc1ccccc1,0,Binding Cohort,461.8530000000001,3.4849800000000015,117.82000000000001,3.0,5.0,0.17647058823529413,Train
CN(C)S(=O)(=O)c1c(Cl)ccc(N=C(NC#N)Nc2ccccc2F)c1O,5.81,CHEMBL220797,CHEMBL908414,CHEMBL1139694,Displacement of [125I]IL8 from CXCR1 expressed in CHO cells,8.05,CHEMBL220797,CHEMBL908413,CHEMBL1139694,Displacement of [125I]IL8 from CXCR2 expressed in CHO cells,2.240000000000001,C(=Nc1ccccc1)Nc1ccccc1,0,Binding Cohort,411.8460000000001,2.605280000000001,117.82000000000001,3.0,5.0,0.125,Train
CN(C)S(=O)(=O)c1c(Cl)ccc(N=C(NC#N)Nc2ccccc2OCc2ccccc2)c1O,6.53,CHEMBL376621,CHEMBL908414,CHEMBL1139694,Displacement of [125I]IL8 from CXCR1 expressed in CHO cells,8.05,CHEMBL376621,CHEMBL908413,CHEMBL1139694,Displacement of [125I]IL8 from CXCR2 expressed in CHO cells,1.5200000000000005,C(=Nc1ccccc1)Nc1ccccc1OCc1ccccc1,0,Binding Cohort,499.98000000000025,4.045180000000004,127.05000000000001,3.0,6.0,0.13043478260869565,Train
CN(C)S(=O)(=O)c1c(Cl)ccc(NC(=O)Nc2ccccc2Br)c1O,5.37,CHEMBL183222,CHEMBL828743,CHEMBL1137097,Concentration required to inhibit [125I]-IL-8 binding towards C-X-C chemokine receptor type 1 of human expressed in CHO cells,7.92,CHEMBL183222,CHEMBL828744,CHEMBL1137097,Concentration required to inhibit [125I]IL-8 binding towards C-X-C chemokine receptor type 2 of human expressed in CHO cells,2.55,O=C(Nc1ccccc1)Nc1ccccc1,0,Binding Cohort,448.72600000000006,3.702400000000002,98.74000000000001,3.0,4.0,0.13333333333333333,Train
CN(C)S(=O)(=O)c1c(F)ccc(N=C(NC#N)Nc2ccccc2Br)c1O,6.72,CHEMBL375393,CHEMBL908414,CHEMBL1139694,Displacement of [125I]IL8 from CXCR1 expressed in CHO cells,8.4,CHEMBL375393,CHEMBL908413,CHEMBL1139694,Displacement of [125I]IL8 from CXCR2 expressed in CHO cells,1.6800000000000006,C(=Nc1ccccc1)Nc1ccccc1,0,Binding Cohort,456.2970000000001,2.7143800000000007,117.82000000000001,3.0,5.0,0.125,Train
C[C@@H](Nc1c(Nc2cccc(C(=O)N(C)C)c2O)c(=O)c1=O)c1ccccc1,5.51,CHEMBL1162935,CHEMBL912816,CHEMBL1138214,Displacement of [125I]hCXCL8 from human CXCR1 receptor expressed in BaF3 cells,7.77,CHEMBL1162935,CHEMBL909848,CHEMBL1138214,Displacement of [125I]hCXCL8 from human CXCR2 receptor expressed in BaF3 cells,2.26,O=c1c(NCc2ccccc2)c(Nc2ccccc2)c1=O,0,Binding Cohort,379.4160000000001,2.606700000000001,98.73999999999998,3.0,6.0,0.19047619047619047,Train
Cc1ccc(N=C(NC#N)Nc2ccccc2Br)c(O)c1S(=O)(=O)N(C)C,6.73,CHEMBL376540,CHEMBL908414,CHEMBL1139694,Displacement of [125I]IL8 from CXCR1 expressed in CHO cells,8.15,CHEMBL376540,CHEMBL908413,CHEMBL1139694,Displacement of [125I]IL8 from CXCR2 expressed in CHO cells,1.42,C(=Nc1ccccc1)Nc1ccccc1,0,Binding Cohort,452.3340000000002,2.883700000000001,117.81999999999998,3.0,5.0,0.17647058823529413,Train
Cc1ccc([C@@H](C)Nc2c(Nc3cccc(C(=O)N(C)C)c3O)c(=O)c2=O)o1,6.11,CHEMBL216602,CHEMBL912816,CHEMBL1138214,Displacement of [125I]hCXCL8 from human CXCR1 receptor expressed in BaF3 cells,8.27,CHEMBL216602,CHEMBL909848,CHEMBL1138214,Displacement of [125I]hCXCL8 from human CXCR2 receptor expressed in BaF3 cells,2.1599999999999993,O=c1c(NCc2ccco2)c(Nc2ccccc2)c1=O,0,Binding Cohort,383.4040000000002,2.5081200000000003,111.87999999999998,3.0,7.0,0.25,Train
Cc1ccc([C@H](Nc2c(Nc3cccc(C(=O)N(C)C)c3O)c(=O)c2=O)C(C)(C)C)o1,7.96,CHEMBL376414,CHEMBL912816,CHEMBL1138214,Displacement of [125I]hCXCL8 from human CXCR1 receptor expressed in BaF3 cells,8.42,CHEMBL376414,CHEMBL909848,CHEMBL1138214,Displacement of [125I]hCXCL8 from human CXCR2 receptor expressed in BaF3 cells,0.45999999999999996,O=c1c(NCc2ccco2)c(Nc2ccccc2)c1=O,0,Binding Cohort,425.48500000000024,3.534320000000002,111.87999999999998,3.0,7.0,0.34782608695652173,Train
Cc1ccc([C@H](Nc2c(Nc3cccc(C(=O)N(C)C)c3O)c(=O)c2=O)C(C)C)o1,7.47,CHEMBL384889,CHEMBL912816,CHEMBL1138214,Displacement of [125I]hCXCL8 from human CXCR1 receptor expressed in BaF3 cells,8.21,CHEMBL384889,CHEMBL909848,CHEMBL1138214,Displacement of [125I]hCXCL8 from human CXCR2 receptor expressed in BaF3 cells,0.7400000000000011,O=c1c(NCc2ccco2)c(Nc2ccccc2)c1=O,0,Binding Cohort,411.4580000000002,3.1442200000000007,111.87999999999998,3.0,7.0,0.3181818181818182,Train
Cc1ccc([C@H](Nc2c(Nc3cccc(C(=O)N(C)C)c3O)c(=O)c2=O)C2CC2)o1,7.26,CHEMBL216603,CHEMBL912816,CHEMBL1138214,Displacement of [125I]hCXCL8 from human CXCR1 receptor expressed in BaF3 cells,8.44,CHEMBL216603,CHEMBL909848,CHEMBL1138214,Displacement of [125I]hCXCL8 from human CXCR2 receptor expressed in BaF3 cells,1.1799999999999997,O=c1c(Nc2ccccc2)c(N[C@@H](c2ccco2)C2CC2)c1=O,0,Binding Cohort,409.44200000000023,2.8982200000000002,111.87999999999998,3.0,7.0,0.3181818181818182,Train
Cc1ccccc1N=C(NC#N)Nc1ccc(Cl)c(S(=O)(=O)N(C)C)c1O,6.42,CHEMBL220860,CHEMBL908414,CHEMBL1139694,Displacement of [125I]IL8 from CXCR1 expressed in CHO cells,7.77,CHEMBL220860,CHEMBL908413,CHEMBL1139694,Displacement of [125I]IL8 from CXCR2 expressed in CHO cells,1.3499999999999996,C(=Nc1ccccc1)Nc1ccccc1,0,Binding Cohort,407.88300000000015,2.7746000000000017,117.82,3.0,5.0,0.17647058823529413,Train
N#Cc1c(Cl)ccc(NC(=O)Nc2ccccc2Br)c1O,4.96,CHEMBL26830,CHEMBL656546,CHEMBL1149089,Inhibition of binding of IL-8 to membranes of cloned CXC chemokine receptor 1 expressed in CHO Cells using [125I]IL-8 radioligand,7.24,CHEMBL26830,CHEMBL656551,CHEMBL1149089,Inhibition of binding of IL-8 to membranes of cloned CXC chemokine receptor 2 expressed in CHO Cells using [125I]IL-8 radioligand,2.2800000000000002,O=C(Nc1ccccc1)Nc1ccccc1,0,Binding Cohort,366.60200000000003,4.323780000000001,85.15,3.0,3.0,0.0,Train
N#Cc1ccc(NC(=O)Nc2ccccc2)c(O)c1,4.68,CHEMBL25573,CHEMBL656546,CHEMBL1149089,Inhibition of binding of IL-8 to membranes of cloned CXC chemokine receptor 1 expressed in CHO Cells using [125I]IL-8 radioligand,6.7,CHEMBL25573,CHEMBL903301; CHEMBL656551,CHEMBL1149089; CHEMBL1139102,Inhibition of binding of IL-8 to membranes of cloned CXC chemokine receptor 2 expressed in CHO Cells using [125I]IL-8 radioligand; Displacement of [125I]IL8 from human recombinant CXCR2 expressed in CHO cells,2.0200000000000005,O=C(Nc1ccccc1)Nc1ccccc1,0,Binding Cohort,253.26100000000002,2.9078800000000005,85.15,3.0,3.0,0.0,Train
N#Cc1ccc(NC(=O)Nc2ccccc2Br)c(O)c1,4.82,CHEMBL27863,CHEMBL656546,CHEMBL1149089,Inhibition of binding of IL-8 to membranes of cloned CXC chemokine receptor 1 expressed in CHO Cells using [125I]IL-8 radioligand,7.6,CHEMBL27863,CHEMBL903301; CHEMBL656551,CHEMBL1149089; CHEMBL1139102,Inhibition of binding of IL-8 to membranes of cloned CXC chemokine receptor 2 expressed in CHO Cells using [125I]IL-8 radioligand; Displacement of [125I]IL8 from human recombinant CXCR2 expressed in CHO cells,2.7799999999999994,O=C(Nc1ccccc1)Nc1ccccc1,0,Binding Cohort,332.15700000000004,3.6703800000000006,85.15,3.0,3.0,0.0,Train
N#Cc1ccc(NC(=O)Nc2ccccc2Br)c(O)c1Br,5.58,CHEMBL28009,CHEMBL656546,CHEMBL1149089,Inhibition of binding of IL-8 to membranes of cloned CXC chemokine receptor 1 expressed in CHO Cells using [125I]IL-8 radioligand,8.22,CHEMBL28009,CHEMBL656551,CHEMBL1149089,Inhibition of binding of IL-8 to membranes of cloned CXC chemokine receptor 2 expressed in CHO Cells using [125I]IL-8 radioligand,2.6400000000000006,O=C(Nc1ccccc1)Nc1ccccc1,0,Binding Cohort,411.05300000000005,4.432880000000001,85.15,3.0,3.0,0.0,Train
N#Cc1ccc(NC(=O)Nc2ccccc2Br)c(O)c1Cl,5.38,CHEMBL27446,CHEMBL656546,CHEMBL1149089,Inhibition of binding of IL-8 to membranes of cloned CXC chemokine receptor 1 expressed in CHO Cells using [125I]IL-8 radioligand,7.66,CHEMBL27446,CHEMBL656551,CHEMBL1149089,Inhibition of binding of IL-8 to membranes of cloned CXC chemokine receptor 2 expressed in CHO Cells using [125I]IL-8 radioligand,2.2800000000000002,O=C(Nc1ccccc1)Nc1ccccc1,0,Binding Cohort,366.6020000000001,4.323780000000001,85.15,3.0,3.0,0.0,Train
NC(=O)c1c(Cl)ccc(NC(=O)Nc2ccccc2Br)c1O,5.22,CHEMBL184185,CHEMBL828743,CHEMBL1137097,Concentration required to inhibit [125I]-IL-8 binding towards C-X-C chemokine receptor type 1 of human expressed in CHO cells,8.0,CHEMBL184185,CHEMBL828744,CHEMBL1137097,Concentration required to inhibit [125I]IL-8 binding towards C-X-C chemokine receptor type 2 of human expressed in CHO cells,2.7800000000000002,O=C(Nc1ccccc1)Nc1ccccc1,0,Binding Cohort,384.6170000000001,3.5510000000000006,104.45,4.0,3.0,0.0,Train
NCc1c(Cl)ccc(NC(=O)Nc2ccccc2Br)c1O,4.52,CHEMBL535818,CHEMBL828743,CHEMBL1137097,Concentration required to inhibit [125I]-IL-8 binding towards C-X-C chemokine receptor type 1 of human expressed in CHO cells,6.94,CHEMBL535818,CHEMBL828744,CHEMBL1137097,Concentration required to inhibit [125I]IL-8 binding towards C-X-C chemokine receptor type 2 of human expressed in CHO cells,2.420000000000001,O=C(Nc1ccccc1)Nc1ccccc1,0,Binding Cohort,370.634,3.9108000000000014,87.38,4.0,3.0,0.07142857142857142,Train
NS(=O)(=O)c1c(Cl)ccc(NC(=O)Nc2ccccc2Br)c1O,5.87,CHEMBL359670,CHEMBL828743,CHEMBL1137097,Concentration required to inhibit [125I]-IL-8 binding towards C-X-C chemokine receptor type 1 of human expressed in CHO cells,8.15,CHEMBL359670,CHEMBL828744,CHEMBL1137097,Concentration required to inhibit [125I]IL-8 binding towards C-X-C chemokine receptor type 2 of human expressed in CHO cells,2.2800000000000002,O=C(Nc1ccccc1)Nc1ccccc1,0,Binding Cohort,420.6720000000001,3.0995000000000013,121.52,4.0,4.0,0.0,Train
O=C(Nc1ccc([N+](=O)[O-])cc1O)Nc1ccccc1Br,7.66,CHEMBL239767,CHEMBL2184855,CHEMBL2176887,Antagonist activity at CXCR1 assessed as inhibition of CXCL8 binding by cell based assay,7.66,CHEMBL239767,CHEMBL2184853; CHEMBL903301,CHEMBL2176887; CHEMBL1139102,Displacement of [125I]IL8 from human recombinant CXCR2 expressed in CHO cells; Binding affinity to CXCR2,0.0,O=C(Nc1ccccc1)Nc1ccccc1,0,Binding Cohort,352.144,3.7069,104.5,3.0,4.0,0.0,Train
O=C(Nc1ccccc1)Nc1cc([N+](=O)[O-])ccc1O,4.33,CHEMBL24912,CHEMBL656546,CHEMBL1149089,Inhibition of binding of IL-8 to membranes of cloned CXC chemokine receptor 1 expressed in CHO Cells using [125I]IL-8 radioligand,4.96,CHEMBL24912,CHEMBL656551,CHEMBL1149089,Inhibition of binding of IL-8 to membranes of cloned CXC chemokine receptor 2 expressed in CHO Cells using [125I]IL-8 radioligand,0.6299999999999999,O=C(Nc1ccccc1)Nc1ccccc1,0,Binding Cohort,273.248,2.9444000000000012,104.5,3.0,4.0,0.0,Train
O=C(Nc1ccccc1)Nc1ccc([N+](=O)[O-])cc1O,4.74,CHEMBL280711,CHEMBL656546,CHEMBL1149089,Inhibition of binding of IL-8 to membranes of cloned CXC chemokine receptor 1 expressed in CHO Cells using [125I]IL-8 radioligand,6.5,CHEMBL280711,CHEMBL903301; CHEMBL656551,CHEMBL1149089; CHEMBL1139102,Inhibition of binding of IL-8 to membranes of cloned CXC chemokine receptor 2 expressed in CHO Cells using [125I]IL-8 radioligand; Displacement of [125I]IL8 from human recombinant CXCR2 expressed in CHO cells,1.7599999999999998,O=C(Nc1ccccc1)Nc1ccccc1,0,Binding Cohort,273.248,2.9444000000000012,104.5,3.0,4.0,0.0,Train
O=C(Nc1ccccc1)Nc1cccc([N+](=O)[O-])c1O,4.48,CHEMBL283736,CHEMBL656546,CHEMBL1149089,Inhibition of binding of IL-8 to membranes of cloned CXC chemokine receptor 1 expressed in CHO Cells using [125I]IL-8 radioligand,6.07,CHEMBL283736,CHEMBL656551,CHEMBL1149089,Inhibition of binding of IL-8 to membranes of cloned CXC chemokine receptor 2 expressed in CHO Cells using [125I]IL-8 radioligand,1.5899999999999999,O=C(Nc1ccccc1)Nc1ccccc1,0,Binding Cohort,273.248,2.9444000000000012,104.5,3.0,4.0,0.0,Train
O=C(Nc1ccccc1Br)Nc1ccc(Cl)c(Cl)c1O,4.87,CHEMBL185259,CHEMBL828743,CHEMBL1137097,Concentration required to inhibit [125I]-IL-8 binding towards C-X-C chemokine receptor type 1 of human expressed in CHO cells,7.2,CHEMBL185259,CHEMBL828744,CHEMBL1137097,Concentration required to inhibit [125I]IL-8 binding towards C-X-C chemokine receptor type 2 of human expressed in CHO cells,2.33,O=C(Nc1ccccc1)Nc1ccccc1,0,Binding Cohort,376.03700000000003,5.105500000000002,61.36,3.0,2.0,0.0,Train
O=S1(=O)N=C(Nc2cccc(F)c2Cl)Nc2c(O)cc(Cl)cc21,4.89,CHEMBL393253,CHEMBL896518,CHEMBL1149534,Displacement of human recombinant [125I]IL8 from CXCR1 receptor expressed in CHO cells,7.19,CHEMBL393253,CHEMBL896516,CHEMBL1149534,Displacement of human recombinant [125I]IL8 from CXCR2 receptor expressed in CHO cells,2.3000000000000007,O=S1(=O)N=C(Nc2ccccc2)Nc2ccccc21,0,Binding Cohort,376.1960000000001,3.4204,90.79,3.0,5.0,0.0,Test
O=S1(=O)N=C(Nc2ccccc2Br)Nc2c(O)cc(Cl)cc21,4.89,CHEMBL393047,CHEMBL896518,CHEMBL1149534,Displacement of human recombinant [125I]IL8 from CXCR1 receptor expressed in CHO cells,7.19,CHEMBL393047,CHEMBL896516,CHEMBL1149534,Displacement of human recombinant [125I]IL8 from CXCR2 receptor expressed in CHO cells,2.3000000000000007,O=S1(=O)N=C(Nc2ccccc2)Nc2ccccc21,0,Binding Cohort,402.6570000000001,3.3903999999999996,90.79,3.0,5.0,0.0,Test
O=S1(=O)N=C(Nc2ccccc2Cl)Nc2c(O)cc(Cl)cc21,4.62,CHEMBL234186,CHEMBL896518,CHEMBL1149534,Displacement of human recombinant [125I]IL8 from CXCR1 receptor expressed in CHO cells,7.04,CHEMBL234186,CHEMBL896516,CHEMBL1149534,Displacement of human recombinant [125I]IL8 from CXCR2 receptor expressed in CHO cells,2.42,O=S1(=O)N=C(Nc2ccccc2)Nc2ccccc21,0,Binding Cohort,358.2060000000001,3.2813,90.79,3.0,5.0,0.0,Test
O=S1(=O)N=C(Nc2ccccc2Oc2ccccc2)Nc2c(O)cc(Cl)cc21,4.7,CHEMBL233346,CHEMBL896518,CHEMBL1149534,Displacement of human recombinant [125I]IL8 from CXCR1 receptor expressed in CHO cells,7.27,CHEMBL233346,CHEMBL896516,CHEMBL1149534,Displacement of human recombinant [125I]IL8 from CXCR2 receptor expressed in CHO cells,2.5699999999999994,O=S1(=O)N=C(Nc2ccccc2Oc2ccccc2)Nc2ccccc21,0,Binding Cohort,415.8580000000001,4.420200000000002,100.02000000000001,3.0,6.0,0.0,Train
O=[N+]([O-])c1cc(O)c2c(c1)S(=O)(=O)N=C(Nc1ccccc1Br)N2,5.5,CHEMBL443583,CHEMBL896518,CHEMBL1149534,Displacement of human recombinant [125I]IL8 from CXCR1 receptor expressed in CHO cells,7.58,CHEMBL443583,CHEMBL896516,CHEMBL1149534,Displacement of human recombinant [125I]IL8 from CXCR2 receptor expressed in CHO cells,2.08,O=S1(=O)N=C(Nc2ccccc2)Nc2ccccc21,0,Binding Cohort,413.209,2.6452,133.92999999999998,3.0,7.0,0.0,Test
O=[N+]([O-])c1cc(O)c2c(c1)S(=O)(=O)N=C(Nc1ccccc1Cl)N2,4.92,CHEMBL231924,CHEMBL896518,CHEMBL1149534,Displacement of human recombinant [125I]IL8 from CXCR1 receptor expressed in CHO cells,7.09,CHEMBL231924,CHEMBL896516,CHEMBL1149534,Displacement of human recombinant [125I]IL8 from CXCR2 receptor expressed in CHO cells,2.17,O=S1(=O)N=C(Nc2ccccc2)Nc2ccccc21,0,Binding Cohort,368.75800000000004,2.5360999999999994,133.92999999999998,3.0,7.0,0.0,Test
O=[N+]([O-])c1cc(O)c2c(c1)S(=O)(=O)N=C(Nc1ccccc1Oc1ccccc1)N2,5.12,CHEMBL399203,CHEMBL896518,CHEMBL1149534,Displacement of human recombinant [125I]IL8 from CXCR1 receptor expressed in CHO cells,7.27,CHEMBL399203,CHEMBL896516,CHEMBL1149534,Displacement of human recombinant [125I]IL8 from CXCR2 receptor expressed in CHO cells,2.1499999999999995,O=S1(=O)N=C(Nc2ccccc2Oc2ccccc2)Nc2ccccc21,0,Binding Cohort,426.4100000000001,3.6750000000000016,143.16,3.0,8.0,0.0,Train
CC(C)c1coc(C(Nc2c(Nc3cccc(C(=O)N(C)C)c3O)c(=O)c2=O)C2(C)COC2)c1,6.49,CHEMBL3704565,CHEMBL3706377,CHEMBL3638995,"In Vitro Assay: The in vitro affinity of the compounds of the present invention for the CXCR1 and CXCR2 receptors was determined on a functional test of the .beta.-arrestin recruitment type after receptor activation.It was demonstrated that the activation by CXCL8 of the CXCR2 receptor in cells of the PathHunter HEK293-CXCR2 line or of the CXCR1 receptor in cells of the U2OS h CXCR1 .beta.-arrestin line results in the recruitment of .beta.-arrestin (Richardson et al. 2003 Role of the cytoplasmic tails of CXCR1 and CXCR2 in mediating leukocyte migration, activation, and regulation. J. Immunol. 170: 2904-2911.)In order to evaluate the direct interaction of the CXCR2 or CXCR1 receptor with .beta.-arrestin 2, a .beta.-arrestin 2 recruitment test for CXCR2 or CXCR1 based on of .beta.-galactosidase enzyme complementation (Olson K R, Eglen R M. Beta galactosidase complementation: a cell-based luminescent assay platform for drug discovery. Assay Drug Dev Technol. 2007 February; 5(1); 137-44).",7.6,CHEMBL3704565,CHEMBL3707937,CHEMBL3638995,"In Vitro Assay: The in vitro affinity of the compounds of the present invention for the CXCR1 and CXCR2 receptors was determined on a functional test of the .beta.-arrestin recruitment type after receptor activation.It was demonstrated that the activation by CXCL8 of the CXCR2 receptor in cells of the PathHunter HEK293-CXCR2 line or of the CXCR1 receptor in cells of the U2OS h CXCR1 .beta.-arrestin line results in the recruitment of .beta.-arrestin (Richardson et al. 2003 Role of the cytoplasmic tails of CXCR1 and CXCR2 in mediating leukocyte migration, activation, and regulation. J. Immunol. 170: 2904-2911.)In order to evaluate the direct interaction of the CXCR2 or CXCR1 receptor with .beta.-arrestin 2, a .beta.-arrestin 2 recruitment test for CXCR2 or CXCR1 based on of .beta.-galactosidase enzyme complementation (Olson K R, Eglen R M. Beta galactosidase complementation: a cell-based luminescent assay platform for drug discovery. Assay Drug Dev Technol. 2007 February; 5(1); 137-44).",1.1099999999999994,O=c1c(Nc2ccccc2)c(NC(c2ccco2)C2COC2)c1=O,1,Functional Cohort,467.52200000000033,3.3397000000000014,121.11,3.0,8.0,0.4,Train
CCC1(C(Nc2c(Nc3cccc(C(=O)N(C)C)c3O)c(=O)c2=O)c2ccc(C)o2)COC1,5.94,CHEMBL3701184,CHEMBL3706377,CHEMBL3638995,"In Vitro Assay: The in vitro affinity of the compounds of the present invention for the CXCR1 and CXCR2 receptors was determined on a functional test of the .beta.-arrestin recruitment type after receptor activation.It was demonstrated that the activation by CXCL8 of the CXCR2 receptor in cells of the PathHunter HEK293-CXCR2 line or of the CXCR1 receptor in cells of the U2OS h CXCR1 .beta.-arrestin line results in the recruitment of .beta.-arrestin (Richardson et al. 2003 Role of the cytoplasmic tails of CXCR1 and CXCR2 in mediating leukocyte migration, activation, and regulation. J. Immunol. 170: 2904-2911.)In order to evaluate the direct interaction of the CXCR2 or CXCR1 receptor with .beta.-arrestin 2, a .beta.-arrestin 2 recruitment test for CXCR2 or CXCR1 based on of .beta.-galactosidase enzyme complementation (Olson K R, Eglen R M. Beta galactosidase complementation: a cell-based luminescent assay platform for drug discovery. Assay Drug Dev Technol. 2007 February; 5(1); 137-44).",6.97,CHEMBL3701184,CHEMBL3707937,CHEMBL3638995,"In Vitro Assay: The in vitro affinity of the compounds of the present invention for the CXCR1 and CXCR2 receptors was determined on a functional test of the .beta.-arrestin recruitment type after receptor activation.It was demonstrated that the activation by CXCL8 of the CXCR2 receptor in cells of the PathHunter HEK293-CXCR2 line or of the CXCR1 receptor in cells of the U2OS h CXCR1 .beta.-arrestin line results in the recruitment of .beta.-arrestin (Richardson et al. 2003 Role of the cytoplasmic tails of CXCR1 and CXCR2 in mediating leukocyte migration, activation, and regulation. J. Immunol. 170: 2904-2911.)In order to evaluate the direct interaction of the CXCR2 or CXCR1 receptor with .beta.-arrestin 2, a .beta.-arrestin 2 recruitment test for CXCR2 or CXCR1 based on of .beta.-galactosidase enzyme complementation (Olson K R, Eglen R M. Beta galactosidase complementation: a cell-based luminescent assay platform for drug discovery. Assay Drug Dev Technol. 2007 February; 5(1); 137-44).",1.0299999999999994,O=c1c(Nc2ccccc2)c(NC(c2ccco2)C2COC2)c1=O,1,Functional Cohort,453.4950000000003,2.9148200000000015,121.10999999999999,3.0,8.0,0.375,Train
CCN(C)C(=O)c1cccc(Nc2c(N[C@@H](c3ccc(C)o3)C3(C)COC3)c(=O)c2=O)c1O,6.19,CHEMBL3704571,CHEMBL3706377,CHEMBL3638995,"In Vitro Assay: The in vitro affinity of the compounds of the present invention for the CXCR1 and CXCR2 receptors was determined on a functional test of the .beta.-arrestin recruitment type after receptor activation.It was demonstrated that the activation by CXCL8 of the CXCR2 receptor in cells of the PathHunter HEK293-CXCR2 line or of the CXCR1 receptor in cells of the U2OS h CXCR1 .beta.-arrestin line results in the recruitment of .beta.-arrestin (Richardson et al. 2003 Role of the cytoplasmic tails of CXCR1 and CXCR2 in mediating leukocyte migration, activation, and regulation. J. Immunol. 170: 2904-2911.)In order to evaluate the direct interaction of the CXCR2 or CXCR1 receptor with .beta.-arrestin 2, a .beta.-arrestin 2 recruitment test for CXCR2 or CXCR1 based on of .beta.-galactosidase enzyme complementation (Olson K R, Eglen R M. Beta galactosidase complementation: a cell-based luminescent assay platform for drug discovery. Assay Drug Dev Technol. 2007 February; 5(1); 137-44).",7.14,CHEMBL3704571,CHEMBL3707937,CHEMBL3638995,"In Vitro Assay: The in vitro affinity of the compounds of the present invention for the CXCR1 and CXCR2 receptors was determined on a functional test of the .beta.-arrestin recruitment type after receptor activation.It was demonstrated that the activation by CXCL8 of the CXCR2 receptor in cells of the PathHunter HEK293-CXCR2 line or of the CXCR1 receptor in cells of the U2OS h CXCR1 .beta.-arrestin line results in the recruitment of .beta.-arrestin (Richardson et al. 2003 Role of the cytoplasmic tails of CXCR1 and CXCR2 in mediating leukocyte migration, activation, and regulation. J. Immunol. 170: 2904-2911.)In order to evaluate the direct interaction of the CXCR2 or CXCR1 receptor with .beta.-arrestin 2, a .beta.-arrestin 2 recruitment test for CXCR2 or CXCR1 based on of .beta.-galactosidase enzyme complementation (Olson K R, Eglen R M. Beta galactosidase complementation: a cell-based luminescent assay platform for drug discovery. Assay Drug Dev Technol. 2007 February; 5(1); 137-44).",0.9499999999999993,O=c1c(Nc2ccccc2)c(N[C@@H](c2ccco2)C2COC2)c1=O,1,Functional Cohort,453.49500000000035,2.914820000000001,121.11,3.0,8.0,0.375,Train
CCOC(=O)C1CCCN1C(=O)c1cccc(Nc2c(NC(c3ccc(C)o3)C3CCCS3)c(=O)c2=O)c1F,6.15,CHEMBL3906175,CHEMBL3888716; CHEMBL5731468,CHEMBL3886800; CHEMBL5725784,"In Vitro Affinity Assay: â¿¿PathHunter HEK293-CXCR2â¿ or â¿¿U2OS hCXCR1 β-arrestinâ¿ cells (DiscoveRx Corporation) were seeded overnight at 10 000 cells/well (384-well format) in 20 μl of Opti MEM I medium. A preincubation with the antagonist or the vehicle for 30 min at 37° C. and 5% CO2 was followed by 60 minutes of stimulation with CXCL8 at 37° C. and 5% CO2. The cells were then placed at ambient temperature for 30 minutes. The PathHunter detection reagent (DiscoveRx Corporation) was added. After incubation for 60 min at ambient temperature, the β-galactosidase induced by the luminescence during the β-arrestin-CXCR2 interaction was measured for 0.3 s in an Envision 2102 Multilabel Reader (PerkinElmer Life and Analytical Sciences).; In Vitro Affinity Assay: The in vitro affinity of the compounds of the present invention for the CXCR1 and CXCR2 receptors was determined on a functional test of the β-arrestin recruitment after receptor activation type.It was demonstrated that the activation by CXCL8 of the CXCR2 receptor in cells of the PathHunter HEK293-CXCR2 line or of the CXCR1 receptor in cells of the U2OS h CXCR1 β-arrestin line results in the recruitment of β-arrestin (Richardson, R. M., R. J. Marjoram, L. S. Barak, R. Snyderman. 2003. Role of the cytoplasmic tails of CXCR1 and CXCR2 in mediating leukocyte migration, activation, and regulation. J. Immunol. 170: 2904-2911).In order to evaluate the direct interaction of the CXCR2 or CXCR1 receptor with β-arrestin 2, a β-arrestin 2 recruitment test for CXCR2 or CXCR1 based on β-galactosidase enzyme complementation (Olson K R, Eglen R M. Beta galactosidase complementation: a cell-based luminescent assay platform for drug discovery. Assay Drug Dev Technol. 2007 February; 5(1); 137-44), as established by DiscoveRx Corporation was used. The stimulation of these two cell lines with CXCL8 (10 nM) induces β-arrestin 2 recruitment, as indicated by a significant increase in the induction factor. All the CXCR2 antagonists were tested in a dose-dependent manner and the concentration corresponding to 50% inhibition of the response was determined (IC50=half inhibition concentration).",6.97,CHEMBL3906175,CHEMBL5731469; CHEMBL3888717,CHEMBL3886800; CHEMBL5725784,"In Vitro Affinity Assay: â¿¿PathHunter HEK293-CXCR2â¿ or â¿¿U2OS hCXCR1 β-arrestinâ¿ cells (DiscoveRx Corporation) were seeded overnight at 10 000 cells/well (384-well format) in 20 μl of Opti MEM I medium. A preincubation with the antagonist or the vehicle for 30 min at 37° C. and 5% CO2 was followed by 60 minutes of stimulation with CXCL8 at 37° C. and 5% CO2. The cells were then placed at ambient temperature for 30 minutes. The PathHunter detection reagent (DiscoveRx Corporation) was added. After incubation for 60 min at ambient temperature, the β-galactosidase induced by the luminescence during the β-arrestin-CXCR2 interaction was measured for 0.3 s in an Envision 2102 Multilabel Reader (PerkinElmer Life and Analytical Sciences).; In Vitro Affinity Assay: The in vitro affinity of the compounds of the present invention for the CXCR1 and CXCR2 receptors was determined on a functional test of the β-arrestin recruitment after receptor activation type.It was demonstrated that the activation by CXCL8 of the CXCR2 receptor in cells of the PathHunter HEK293-CXCR2 line or of the CXCR1 receptor in cells of the U2OS h CXCR1 β-arrestin line results in the recruitment of β-arrestin (Richardson, R. M., R. J. Marjoram, L. S. Barak, R. Snyderman. 2003. Role of the cytoplasmic tails of CXCR1 and CXCR2 in mediating leukocyte migration, activation, and regulation. J. Immunol. 170: 2904-2911).In order to evaluate the direct interaction of the CXCR2 or CXCR1 receptor with β-arrestin 2, a β-arrestin 2 recruitment test for CXCR2 or CXCR1 based on β-galactosidase enzyme complementation (Olson K R, Eglen R M. Beta galactosidase complementation: a cell-based luminescent assay platform for drug discovery. Assay Drug Dev Technol. 2007 February; 5(1); 137-44), as established by DiscoveRx Corporation was used. The stimulation of these two cell lines with CXCL8 (10 nM) induces β-arrestin 2 recruitment, as indicated by a significant increase in the induction factor. All the CXCR2 antagonists were tested in a dose-dependent manner and the concentration corresponding to 50% inhibition of the response was determined (IC50=half inhibition concentration).",0.8199999999999994,O=C(c1cccc(Nc2c(NC(c3ccco3)C3CCCS3)c(=O)c2=O)c1)N1CCCC1,1,Functional Cohort,555.6280000000004,4.283220000000003,117.94999999999999,2.0,9.0,0.42857142857142855,Train
CC[C@@H](Nc1c(Nc2cccc(C(=O)N(C)C)c2O)c(=O)c1=O)c1cc(Br)co1,6.04,CHEMBL401939,CHEMBL927218,CHEMBL1141493,Inhibition of CXCR1-mediated chemotaxis in Ba/F3 cells expressing human CXCR1,8.7,CHEMBL401939,CHEMBL927217,CHEMBL1141493,Inhibition of CXCR2-mediated chemotaxis in Ba/F3 cells expressing human CXCR2,2.6599999999999993,O=c1c(NCc2ccco2)c(Nc2ccccc2)c1=O,1,Functional Cohort,462.3000000000001,3.3523000000000014,111.87999999999998,3.0,7.0,0.25,Train
CN(C)C(=O)c1cccc(Nc2c(NC(c3ccc4c(c3)OCO4)C3(C)COC3)c(=O)c2=O)c1O,5.65,CHEMBL3704558,CHEMBL3706377,CHEMBL3638995,"In Vitro Assay: The in vitro affinity of the compounds of the present invention for the CXCR1 and CXCR2 receptors was determined on a functional test of the .beta.-arrestin recruitment type after receptor activation.It was demonstrated that the activation by CXCL8 of the CXCR2 receptor in cells of the PathHunter HEK293-CXCR2 line or of the CXCR1 receptor in cells of the U2OS h CXCR1 .beta.-arrestin line results in the recruitment of .beta.-arrestin (Richardson et al. 2003 Role of the cytoplasmic tails of CXCR1 and CXCR2 in mediating leukocyte migration, activation, and regulation. J. Immunol. 170: 2904-2911.)In order to evaluate the direct interaction of the CXCR2 or CXCR1 receptor with .beta.-arrestin 2, a .beta.-arrestin 2 recruitment test for CXCR2 or CXCR1 based on of .beta.-galactosidase enzyme complementation (Olson K R, Eglen R M. Beta galactosidase complementation: a cell-based luminescent assay platform for drug discovery. Assay Drug Dev Technol. 2007 February; 5(1); 137-44).",6.46,CHEMBL3704558,CHEMBL3707937,CHEMBL3638995,"In Vitro Assay: The in vitro affinity of the compounds of the present invention for the CXCR1 and CXCR2 receptors was determined on a functional test of the .beta.-arrestin recruitment type after receptor activation.It was demonstrated that the activation by CXCL8 of the CXCR2 receptor in cells of the PathHunter HEK293-CXCR2 line or of the CXCR1 receptor in cells of the U2OS h CXCR1 .beta.-arrestin line results in the recruitment of .beta.-arrestin (Richardson et al. 2003 Role of the cytoplasmic tails of CXCR1 and CXCR2 in mediating leukocyte migration, activation, and regulation. J. Immunol. 170: 2904-2911.)In order to evaluate the direct interaction of the CXCR2 or CXCR1 receptor with .beta.-arrestin 2, a .beta.-arrestin 2 recruitment test for CXCR2 or CXCR1 based on of .beta.-galactosidase enzyme complementation (Olson K R, Eglen R M. Beta galactosidase complementation: a cell-based luminescent assay platform for drug discovery. Assay Drug Dev Technol. 2007 February; 5(1); 137-44).",0.8099999999999996,O=c1c(Nc2ccccc2)c(NC(c2ccc3c(c2)OCO3)C2COC2)c1=O,1,Functional Cohort,479.4890000000004,2.3520000000000008,126.43000000000002,3.0,9.0,0.32,Test
CN(C)C(=O)c1cccc(Nc2c(NC(c3ccccc3)C3CCCO3)c(=O)c2=O)c1O,5.94,CHEMBL3980279,CHEMBL3888716; CHEMBL5731468,CHEMBL3886800; CHEMBL5725784,"In Vitro Affinity Assay: â¿¿PathHunter HEK293-CXCR2â¿ or â¿¿U2OS hCXCR1 β-arrestinâ¿ cells (DiscoveRx Corporation) were seeded overnight at 10 000 cells/well (384-well format) in 20 μl of Opti MEM I medium. A preincubation with the antagonist or the vehicle for 30 min at 37° C. and 5% CO2 was followed by 60 minutes of stimulation with CXCL8 at 37° C. and 5% CO2. The cells were then placed at ambient temperature for 30 minutes. The PathHunter detection reagent (DiscoveRx Corporation) was added. After incubation for 60 min at ambient temperature, the β-galactosidase induced by the luminescence during the β-arrestin-CXCR2 interaction was measured for 0.3 s in an Envision 2102 Multilabel Reader (PerkinElmer Life and Analytical Sciences).; In Vitro Affinity Assay: The in vitro affinity of the compounds of the present invention for the CXCR1 and CXCR2 receptors was determined on a functional test of the β-arrestin recruitment after receptor activation type.It was demonstrated that the activation by CXCL8 of the CXCR2 receptor in cells of the PathHunter HEK293-CXCR2 line or of the CXCR1 receptor in cells of the U2OS h CXCR1 β-arrestin line results in the recruitment of β-arrestin (Richardson, R. M., R. J. Marjoram, L. S. Barak, R. Snyderman. 2003. Role of the cytoplasmic tails of CXCR1 and CXCR2 in mediating leukocyte migration, activation, and regulation. J. Immunol. 170: 2904-2911).In order to evaluate the direct interaction of the CXCR2 or CXCR1 receptor with β-arrestin 2, a β-arrestin 2 recruitment test for CXCR2 or CXCR1 based on β-galactosidase enzyme complementation (Olson K R, Eglen R M. Beta galactosidase complementation: a cell-based luminescent assay platform for drug discovery. Assay Drug Dev Technol. 2007 February; 5(1); 137-44), as established by DiscoveRx Corporation was used. The stimulation of these two cell lines with CXCL8 (10 nM) induces β-arrestin 2 recruitment, as indicated by a significant increase in the induction factor. All the CXCR2 antagonists were tested in a dose-dependent manner and the concentration corresponding to 50% inhibition of the response was determined (IC50=half inhibition concentration).",6.77,CHEMBL3980279,CHEMBL5731469; CHEMBL3888717,CHEMBL3886800; CHEMBL5725784,"In Vitro Affinity Assay: â¿¿PathHunter HEK293-CXCR2â¿ or â¿¿U2OS hCXCR1 β-arrestinâ¿ cells (DiscoveRx Corporation) were seeded overnight at 10 000 cells/well (384-well format) in 20 μl of Opti MEM I medium. A preincubation with the antagonist or the vehicle for 30 min at 37° C. and 5% CO2 was followed by 60 minutes of stimulation with CXCL8 at 37° C. and 5% CO2. The cells were then placed at ambient temperature for 30 minutes. The PathHunter detection reagent (DiscoveRx Corporation) was added. After incubation for 60 min at ambient temperature, the β-galactosidase induced by the luminescence during the β-arrestin-CXCR2 interaction was measured for 0.3 s in an Envision 2102 Multilabel Reader (PerkinElmer Life and Analytical Sciences).; In Vitro Affinity Assay: The in vitro affinity of the compounds of the present invention for the CXCR1 and CXCR2 receptors was determined on a functional test of the β-arrestin recruitment after receptor activation type.It was demonstrated that the activation by CXCL8 of the CXCR2 receptor in cells of the PathHunter HEK293-CXCR2 line or of the CXCR1 receptor in cells of the U2OS h CXCR1 β-arrestin line results in the recruitment of β-arrestin (Richardson, R. M., R. J. Marjoram, L. S. Barak, R. Snyderman. 2003. Role of the cytoplasmic tails of CXCR1 and CXCR2 in mediating leukocyte migration, activation, and regulation. J. Immunol. 170: 2904-2911).In order to evaluate the direct interaction of the CXCR2 or CXCR1 receptor with β-arrestin 2, a β-arrestin 2 recruitment test for CXCR2 or CXCR1 based on β-galactosidase enzyme complementation (Olson K R, Eglen R M. Beta galactosidase complementation: a cell-based luminescent assay platform for drug discovery. Assay Drug Dev Technol. 2007 February; 5(1); 137-44), as established by DiscoveRx Corporation was used. The stimulation of these two cell lines with CXCL8 (10 nM) induces β-arrestin 2 recruitment, as indicated by a significant increase in the induction factor. All the CXCR2 antagonists were tested in a dose-dependent manner and the concentration corresponding to 50% inhibition of the response was determined (IC50=half inhibition concentration).",0.8299999999999992,O=c1c(Nc2ccccc2)c(NC(c2ccccc2)C2CCCO2)c1=O,1,Functional Cohort,435.4800000000003,2.765800000000001,107.97000000000001,3.0,7.0,0.2916666666666667,Train
CN(C)C(=O)c1cccc(Nc2c(NC(c3ccco3)C3(C)COC3)c(=O)c2=O)c1O,5.77,CHEMBL3704563,CHEMBL3706377,CHEMBL3638995,"In Vitro Assay: The in vitro affinity of the compounds of the present invention for the CXCR1 and CXCR2 receptors was determined on a functional test of the .beta.-arrestin recruitment type after receptor activation.It was demonstrated that the activation by CXCL8 of the CXCR2 receptor in cells of the PathHunter HEK293-CXCR2 line or of the CXCR1 receptor in cells of the U2OS h CXCR1 .beta.-arrestin line results in the recruitment of .beta.-arrestin (Richardson et al. 2003 Role of the cytoplasmic tails of CXCR1 and CXCR2 in mediating leukocyte migration, activation, and regulation. J. Immunol. 170: 2904-2911.)In order to evaluate the direct interaction of the CXCR2 or CXCR1 receptor with .beta.-arrestin 2, a .beta.-arrestin 2 recruitment test for CXCR2 or CXCR1 based on of .beta.-galactosidase enzyme complementation (Olson K R, Eglen R M. Beta galactosidase complementation: a cell-based luminescent assay platform for drug discovery. Assay Drug Dev Technol. 2007 February; 5(1); 137-44).",6.7,CHEMBL3704563,CHEMBL3707937,CHEMBL3638995,"In Vitro Assay: The in vitro affinity of the compounds of the present invention for the CXCR1 and CXCR2 receptors was determined on a functional test of the .beta.-arrestin recruitment type after receptor activation.It was demonstrated that the activation by CXCL8 of the CXCR2 receptor in cells of the PathHunter HEK293-CXCR2 line or of the CXCR1 receptor in cells of the U2OS h CXCR1 .beta.-arrestin line results in the recruitment of .beta.-arrestin (Richardson et al. 2003 Role of the cytoplasmic tails of CXCR1 and CXCR2 in mediating leukocyte migration, activation, and regulation. J. Immunol. 170: 2904-2911.)In order to evaluate the direct interaction of the CXCR2 or CXCR1 receptor with .beta.-arrestin 2, a .beta.-arrestin 2 recruitment test for CXCR2 or CXCR1 based on of .beta.-galactosidase enzyme complementation (Olson K R, Eglen R M. Beta galactosidase complementation: a cell-based luminescent assay platform for drug discovery. Assay Drug Dev Technol. 2007 February; 5(1); 137-44).",0.9300000000000006,O=c1c(Nc2ccccc2)c(NC(c2ccco2)C2COC2)c1=O,1,Functional Cohort,425.4410000000003,2.2163,121.11,3.0,8.0,0.3181818181818182,Train
CN(C)C(=O)c1cccc(Nc2c(NC(c3cccs3)C3(C)COC3)c(=O)c2=O)c1O,5.79,CHEMBL3704561,CHEMBL3706377,CHEMBL3638995,"In Vitro Assay: The in vitro affinity of the compounds of the present invention for the CXCR1 and CXCR2 receptors was determined on a functional test of the .beta.-arrestin recruitment type after receptor activation.It was demonstrated that the activation by CXCL8 of the CXCR2 receptor in cells of the PathHunter HEK293-CXCR2 line or of the CXCR1 receptor in cells of the U2OS h CXCR1 .beta.-arrestin line results in the recruitment of .beta.-arrestin (Richardson et al. 2003 Role of the cytoplasmic tails of CXCR1 and CXCR2 in mediating leukocyte migration, activation, and regulation. J. Immunol. 170: 2904-2911.)In order to evaluate the direct interaction of the CXCR2 or CXCR1 receptor with .beta.-arrestin 2, a .beta.-arrestin 2 recruitment test for CXCR2 or CXCR1 based on of .beta.-galactosidase enzyme complementation (Olson K R, Eglen R M. Beta galactosidase complementation: a cell-based luminescent assay platform for drug discovery. Assay Drug Dev Technol. 2007 February; 5(1); 137-44).",6.97,CHEMBL3704561,CHEMBL3707937,CHEMBL3638995,"In Vitro Assay: The in vitro affinity of the compounds of the present invention for the CXCR1 and CXCR2 receptors was determined on a functional test of the .beta.-arrestin recruitment type after receptor activation.It was demonstrated that the activation by CXCL8 of the CXCR2 receptor in cells of the PathHunter HEK293-CXCR2 line or of the CXCR1 receptor in cells of the U2OS h CXCR1 .beta.-arrestin line results in the recruitment of .beta.-arrestin (Richardson et al. 2003 Role of the cytoplasmic tails of CXCR1 and CXCR2 in mediating leukocyte migration, activation, and regulation. J. Immunol. 170: 2904-2911.)In order to evaluate the direct interaction of the CXCR2 or CXCR1 receptor with .beta.-arrestin 2, a .beta.-arrestin 2 recruitment test for CXCR2 or CXCR1 based on of .beta.-galactosidase enzyme complementation (Olson K R, Eglen R M. Beta galactosidase complementation: a cell-based luminescent assay platform for drug discovery. Assay Drug Dev Technol. 2007 February; 5(1); 137-44).",1.1799999999999997,O=c1c(Nc2ccccc2)c(NC(c2cccs2)C2COC2)c1=O,1,Functional Cohort,441.5090000000003,2.6848000000000005,107.97000000000001,3.0,8.0,0.3181818181818182,Train
CNC(=O)c1cccc(NC2C(=O)C(=O)C2NC(c2ccc(C)o2)C2(C)CCCO2)c1O,5.0,CHEMBL5979255,CHEMBL5731468,CHEMBL5725784,"In Vitro Affinity Assay: The in vitro affinity of the compounds of the present invention for the CXCR1 and CXCR2 receptors was determined on a functional test of the β-arrestin recruitment after receptor activation type.It was demonstrated that the activation by CXCL8 of the CXCR2 receptor in cells of the PathHunter HEK293-CXCR2 line or of the CXCR1 receptor in cells of the U2OS h CXCR1 β-arrestin line results in the recruitment of β-arrestin (Richardson, R. M., R. J. Marjoram, L. S. Barak, R. Snyderman. 2003. Role of the cytoplasmic tails of CXCR1 and CXCR2 in mediating leukocyte migration, activation, and regulation. J. Immunol. 170: 2904-2911).In order to evaluate the direct interaction of the CXCR2 or CXCR1 receptor with β-arrestin 2, a β-arrestin 2 recruitment test for CXCR2 or CXCR1 based on β-galactosidase enzyme complementation (Olson K R, Eglen R M. Beta galactosidase complementation: a cell-based luminescent assay platform for drug discovery. Assay Drug Dev Technol. 2007 February; 5(1); 137-44), as established by DiscoveRx Corporation was used. The stimulation of these two cell lines with CXCL8 (10 nM) induces β-arrestin 2 recruitment, as indicated by a significant increase in the induction factor. All the CXCR2 antagonists were tested in a dose-dependent manner and the concentration corresponding to 50% inhibition of the response was determined (IC50=half inhibition concentration).",5.0,CHEMBL5979255,CHEMBL5731469,CHEMBL5725784,"In Vitro Affinity Assay: The in vitro affinity of the compounds of the present invention for the CXCR1 and CXCR2 receptors was determined on a functional test of the β-arrestin recruitment after receptor activation type.It was demonstrated that the activation by CXCL8 of the CXCR2 receptor in cells of the PathHunter HEK293-CXCR2 line or of the CXCR1 receptor in cells of the U2OS h CXCR1 β-arrestin line results in the recruitment of β-arrestin (Richardson, R. M., R. J. Marjoram, L. S. Barak, R. Snyderman. 2003. Role of the cytoplasmic tails of CXCR1 and CXCR2 in mediating leukocyte migration, activation, and regulation. J. Immunol. 170: 2904-2911).In order to evaluate the direct interaction of the CXCR2 or CXCR1 receptor with β-arrestin 2, a β-arrestin 2 recruitment test for CXCR2 or CXCR1 based on β-galactosidase enzyme complementation (Olson K R, Eglen R M. Beta galactosidase complementation: a cell-based luminescent assay platform for drug discovery. Assay Drug Dev Technol. 2007 February; 5(1); 137-44), as established by DiscoveRx Corporation was used. The stimulation of these two cell lines with CXCL8 (10 nM) induces β-arrestin 2 recruitment, as indicated by a significant increase in the induction factor. All the CXCR2 antagonists were tested in a dose-dependent manner and the concentration corresponding to 50% inhibition of the response was determined (IC50=half inhibition concentration).",0.0,O=C1C(=O)C(NC(c2ccco2)C2CCCO2)C1Nc1ccccc1,1,Functional Cohort,441.4840000000003,1.8541199999999987,129.9,4.0,8.0,0.43478260869565216,Train
COC(=O)C1CCCN1C(=O)c1cccc(Nc2c(NC(c3ccc(C)o3)C3(C)COC3)c(=O)c2=O)c1O,5.0,CHEMBL3704560,CHEMBL3706377,CHEMBL3638995,"In Vitro Assay: The in vitro affinity of the compounds of the present invention for the CXCR1 and CXCR2 receptors was determined on a functional test of the .beta.-arrestin recruitment type after receptor activation.It was demonstrated that the activation by CXCL8 of the CXCR2 receptor in cells of the PathHunter HEK293-CXCR2 line or of the CXCR1 receptor in cells of the U2OS h CXCR1 .beta.-arrestin line results in the recruitment of .beta.-arrestin (Richardson et al. 2003 Role of the cytoplasmic tails of CXCR1 and CXCR2 in mediating leukocyte migration, activation, and regulation. J. Immunol. 170: 2904-2911.)In order to evaluate the direct interaction of the CXCR2 or CXCR1 receptor with .beta.-arrestin 2, a .beta.-arrestin 2 recruitment test for CXCR2 or CXCR1 based on of .beta.-galactosidase enzyme complementation (Olson K R, Eglen R M. Beta galactosidase complementation: a cell-based luminescent assay platform for drug discovery. Assay Drug Dev Technol. 2007 February; 5(1); 137-44).",6.02,CHEMBL3704560,CHEMBL3707937,CHEMBL3638995,"In Vitro Assay: The in vitro affinity of the compounds of the present invention for the CXCR1 and CXCR2 receptors was determined on a functional test of the .beta.-arrestin recruitment type after receptor activation.It was demonstrated that the activation by CXCL8 of the CXCR2 receptor in cells of the PathHunter HEK293-CXCR2 line or of the CXCR1 receptor in cells of the U2OS h CXCR1 .beta.-arrestin line results in the recruitment of .beta.-arrestin (Richardson et al. 2003 Role of the cytoplasmic tails of CXCR1 and CXCR2 in mediating leukocyte migration, activation, and regulation. J. Immunol. 170: 2904-2911.)In order to evaluate the direct interaction of the CXCR2 or CXCR1 receptor with .beta.-arrestin 2, a .beta.-arrestin 2 recruitment test for CXCR2 or CXCR1 based on of .beta.-galactosidase enzyme complementation (Olson K R, Eglen R M. Beta galactosidase complementation: a cell-based luminescent assay platform for drug discovery. Assay Drug Dev Technol. 2007 February; 5(1); 137-44).",1.0199999999999996,O=C(c1cccc(Nc2c(NC(c3ccco3)C3COC3)c(=O)c2=O)c1)N1CCCC1,1,Functional Cohort,523.5420000000005,2.600520000000001,147.41,3.0,10.0,0.4074074074074074,Train
COC(=O)C1CCCN1C(=O)c1cccc(Nc2c(NC(c3ccc(C)o3)C3CCCS3)c(=O)c2=O)c1F,5.42,CHEMBL3900726,CHEMBL3888716; CHEMBL5731468,CHEMBL3886800; CHEMBL5725784,"In Vitro Affinity Assay: â¿¿PathHunter HEK293-CXCR2â¿ or â¿¿U2OS hCXCR1 β-arrestinâ¿ cells (DiscoveRx Corporation) were seeded overnight at 10 000 cells/well (384-well format) in 20 μl of Opti MEM I medium. A preincubation with the antagonist or the vehicle for 30 min at 37° C. and 5% CO2 was followed by 60 minutes of stimulation with CXCL8 at 37° C. and 5% CO2. The cells were then placed at ambient temperature for 30 minutes. The PathHunter detection reagent (DiscoveRx Corporation) was added. After incubation for 60 min at ambient temperature, the β-galactosidase induced by the luminescence during the β-arrestin-CXCR2 interaction was measured for 0.3 s in an Envision 2102 Multilabel Reader (PerkinElmer Life and Analytical Sciences).; In Vitro Affinity Assay: The in vitro affinity of the compounds of the present invention for the CXCR1 and CXCR2 receptors was determined on a functional test of the β-arrestin recruitment after receptor activation type.It was demonstrated that the activation by CXCL8 of the CXCR2 receptor in cells of the PathHunter HEK293-CXCR2 line or of the CXCR1 receptor in cells of the U2OS h CXCR1 β-arrestin line results in the recruitment of β-arrestin (Richardson, R. M., R. J. Marjoram, L. S. Barak, R. Snyderman. 2003. Role of the cytoplasmic tails of CXCR1 and CXCR2 in mediating leukocyte migration, activation, and regulation. J. Immunol. 170: 2904-2911).In order to evaluate the direct interaction of the CXCR2 or CXCR1 receptor with β-arrestin 2, a β-arrestin 2 recruitment test for CXCR2 or CXCR1 based on β-galactosidase enzyme complementation (Olson K R, Eglen R M. Beta galactosidase complementation: a cell-based luminescent assay platform for drug discovery. Assay Drug Dev Technol. 2007 February; 5(1); 137-44), as established by DiscoveRx Corporation was used. The stimulation of these two cell lines with CXCL8 (10 nM) induces β-arrestin 2 recruitment, as indicated by a significant increase in the induction factor. All the CXCR2 antagonists were tested in a dose-dependent manner and the concentration corresponding to 50% inhibition of the response was determined (IC50=half inhibition concentration).",6.53,CHEMBL3900726,CHEMBL5731469; CHEMBL3888717,CHEMBL3886800; CHEMBL5725784,"In Vitro Affinity Assay: â¿¿PathHunter HEK293-CXCR2â¿ or â¿¿U2OS hCXCR1 β-arrestinâ¿ cells (DiscoveRx Corporation) were seeded overnight at 10 000 cells/well (384-well format) in 20 μl of Opti MEM I medium. A preincubation with the antagonist or the vehicle for 30 min at 37° C. and 5% CO2 was followed by 60 minutes of stimulation with CXCL8 at 37° C. and 5% CO2. The cells were then placed at ambient temperature for 30 minutes. The PathHunter detection reagent (DiscoveRx Corporation) was added. After incubation for 60 min at ambient temperature, the β-galactosidase induced by the luminescence during the β-arrestin-CXCR2 interaction was measured for 0.3 s in an Envision 2102 Multilabel Reader (PerkinElmer Life and Analytical Sciences).; In Vitro Affinity Assay: The in vitro affinity of the compounds of the present invention for the CXCR1 and CXCR2 receptors was determined on a functional test of the β-arrestin recruitment after receptor activation type.It was demonstrated that the activation by CXCL8 of the CXCR2 receptor in cells of the PathHunter HEK293-CXCR2 line or of the CXCR1 receptor in cells of the U2OS h CXCR1 β-arrestin line results in the recruitment of β-arrestin (Richardson, R. M., R. J. Marjoram, L. S. Barak, R. Snyderman. 2003. Role of the cytoplasmic tails of CXCR1 and CXCR2 in mediating leukocyte migration, activation, and regulation. J. Immunol. 170: 2904-2911).In order to evaluate the direct interaction of the CXCR2 or CXCR1 receptor with β-arrestin 2, a β-arrestin 2 recruitment test for CXCR2 or CXCR1 based on β-galactosidase enzyme complementation (Olson K R, Eglen R M. Beta galactosidase complementation: a cell-based luminescent assay platform for drug discovery. Assay Drug Dev Technol. 2007 February; 5(1); 137-44), as established by DiscoveRx Corporation was used. The stimulation of these two cell lines with CXCL8 (10 nM) induces β-arrestin 2 recruitment, as indicated by a significant increase in the induction factor. All the CXCR2 antagonists were tested in a dose-dependent manner and the concentration corresponding to 50% inhibition of the response was determined (IC50=half inhibition concentration).",1.1100000000000003,O=C(c1cccc(Nc2c(NC(c3ccco3)C3CCCS3)c(=O)c2=O)c1)N1CCCC1,1,Functional Cohort,541.6010000000005,3.8931200000000024,117.94999999999999,2.0,9.0,0.4074074074074074,Train
COC(=O)C1CCCN1C(=O)c1cccc(Nc2c(NC(c3ccc(C)o3)C3CCCS3)c(=O)c2=O)c1O,6.869999999999999,CHEMBL3901913,CHEMBL3888716; CHEMBL5731468,CHEMBL3886800; CHEMBL5725784,"In Vitro Affinity Assay: â¿¿PathHunter HEK293-CXCR2â¿ or â¿¿U2OS hCXCR1 β-arrestinâ¿ cells (DiscoveRx Corporation) were seeded overnight at 10 000 cells/well (384-well format) in 20 μl of Opti MEM I medium. A preincubation with the antagonist or the vehicle for 30 min at 37° C. and 5% CO2 was followed by 60 minutes of stimulation with CXCL8 at 37° C. and 5% CO2. The cells were then placed at ambient temperature for 30 minutes. The PathHunter detection reagent (DiscoveRx Corporation) was added. After incubation for 60 min at ambient temperature, the β-galactosidase induced by the luminescence during the β-arrestin-CXCR2 interaction was measured for 0.3 s in an Envision 2102 Multilabel Reader (PerkinElmer Life and Analytical Sciences).; In Vitro Affinity Assay: The in vitro affinity of the compounds of the present invention for the CXCR1 and CXCR2 receptors was determined on a functional test of the β-arrestin recruitment after receptor activation type.It was demonstrated that the activation by CXCL8 of the CXCR2 receptor in cells of the PathHunter HEK293-CXCR2 line or of the CXCR1 receptor in cells of the U2OS h CXCR1 β-arrestin line results in the recruitment of β-arrestin (Richardson, R. M., R. J. Marjoram, L. S. Barak, R. Snyderman. 2003. Role of the cytoplasmic tails of CXCR1 and CXCR2 in mediating leukocyte migration, activation, and regulation. J. Immunol. 170: 2904-2911).In order to evaluate the direct interaction of the CXCR2 or CXCR1 receptor with β-arrestin 2, a β-arrestin 2 recruitment test for CXCR2 or CXCR1 based on β-galactosidase enzyme complementation (Olson K R, Eglen R M. Beta galactosidase complementation: a cell-based luminescent assay platform for drug discovery. Assay Drug Dev Technol. 2007 February; 5(1); 137-44), as established by DiscoveRx Corporation was used. The stimulation of these two cell lines with CXCL8 (10 nM) induces β-arrestin 2 recruitment, as indicated by a significant increase in the induction factor. All the CXCR2 antagonists were tested in a dose-dependent manner and the concentration corresponding to 50% inhibition of the response was determined (IC50=half inhibition concentration).",7.475,CHEMBL3901913,CHEMBL5731469; CHEMBL3888717,CHEMBL3886800; CHEMBL5725784,"In Vitro Affinity Assay: â¿¿PathHunter HEK293-CXCR2â¿ or â¿¿U2OS hCXCR1 β-arrestinâ¿ cells (DiscoveRx Corporation) were seeded overnight at 10 000 cells/well (384-well format) in 20 μl of Opti MEM I medium. A preincubation with the antagonist or the vehicle for 30 min at 37° C. and 5% CO2 was followed by 60 minutes of stimulation with CXCL8 at 37° C. and 5% CO2. The cells were then placed at ambient temperature for 30 minutes. The PathHunter detection reagent (DiscoveRx Corporation) was added. After incubation for 60 min at ambient temperature, the β-galactosidase induced by the luminescence during the β-arrestin-CXCR2 interaction was measured for 0.3 s in an Envision 2102 Multilabel Reader (PerkinElmer Life and Analytical Sciences).; In Vitro Affinity Assay: The in vitro affinity of the compounds of the present invention for the CXCR1 and CXCR2 receptors was determined on a functional test of the β-arrestin recruitment after receptor activation type.It was demonstrated that the activation by CXCL8 of the CXCR2 receptor in cells of the PathHunter HEK293-CXCR2 line or of the CXCR1 receptor in cells of the U2OS h CXCR1 β-arrestin line results in the recruitment of β-arrestin (Richardson, R. M., R. J. Marjoram, L. S. Barak, R. Snyderman. 2003. Role of the cytoplasmic tails of CXCR1 and CXCR2 in mediating leukocyte migration, activation, and regulation. J. Immunol. 170: 2904-2911).In order to evaluate the direct interaction of the CXCR2 or CXCR1 receptor with β-arrestin 2, a β-arrestin 2 recruitment test for CXCR2 or CXCR1 based on β-galactosidase enzyme complementation (Olson K R, Eglen R M. Beta galactosidase complementation: a cell-based luminescent assay platform for drug discovery. Assay Drug Dev Technol. 2007 February; 5(1); 137-44), as established by DiscoveRx Corporation was used. The stimulation of these two cell lines with CXCL8 (10 nM) induces β-arrestin 2 recruitment, as indicated by a significant increase in the induction factor. All the CXCR2 antagonists were tested in a dose-dependent manner and the concentration corresponding to 50% inhibition of the response was determined (IC50=half inhibition concentration).",0.6050000000000004,O=C(c1cccc(Nc2c(NC(c3ccco3)C3CCCS3)c(=O)c2=O)c1)N1CCCC1,1,Functional Cohort,539.6100000000005,3.4596200000000024,138.17999999999998,3.0,10.0,0.4074074074074074,Train
COC(=O)C1CCCN1C(=O)c1cccc(Nc2c(NC(c3ccc(C)o3)[C@@H]3CCCS3)c(=O)c2=O)c1F,5.05,CHEMBL5855681,CHEMBL5731468,CHEMBL5725784,"In Vitro Affinity Assay: The in vitro affinity of the compounds of the present invention for the CXCR1 and CXCR2 receptors was determined on a functional test of the β-arrestin recruitment after receptor activation type.It was demonstrated that the activation by CXCL8 of the CXCR2 receptor in cells of the PathHunter HEK293-CXCR2 line or of the CXCR1 receptor in cells of the U2OS h CXCR1 β-arrestin line results in the recruitment of β-arrestin (Richardson, R. M., R. J. Marjoram, L. S. Barak, R. Snyderman. 2003. Role of the cytoplasmic tails of CXCR1 and CXCR2 in mediating leukocyte migration, activation, and regulation. J. Immunol. 170: 2904-2911).In order to evaluate the direct interaction of the CXCR2 or CXCR1 receptor with β-arrestin 2, a β-arrestin 2 recruitment test for CXCR2 or CXCR1 based on β-galactosidase enzyme complementation (Olson K R, Eglen R M. Beta galactosidase complementation: a cell-based luminescent assay platform for drug discovery. Assay Drug Dev Technol. 2007 February; 5(1); 137-44), as established by DiscoveRx Corporation was used. The stimulation of these two cell lines with CXCL8 (10 nM) induces β-arrestin 2 recruitment, as indicated by a significant increase in the induction factor. All the CXCR2 antagonists were tested in a dose-dependent manner and the concentration corresponding to 50% inhibition of the response was determined (IC50=half inhibition concentration).",6.01,CHEMBL5855681,CHEMBL5731469,CHEMBL5725784,"In Vitro Affinity Assay: The in vitro affinity of the compounds of the present invention for the CXCR1 and CXCR2 receptors was determined on a functional test of the β-arrestin recruitment after receptor activation type.It was demonstrated that the activation by CXCL8 of the CXCR2 receptor in cells of the PathHunter HEK293-CXCR2 line or of the CXCR1 receptor in cells of the U2OS h CXCR1 β-arrestin line results in the recruitment of β-arrestin (Richardson, R. M., R. J. Marjoram, L. S. Barak, R. Snyderman. 2003. Role of the cytoplasmic tails of CXCR1 and CXCR2 in mediating leukocyte migration, activation, and regulation. J. Immunol. 170: 2904-2911).In order to evaluate the direct interaction of the CXCR2 or CXCR1 receptor with β-arrestin 2, a β-arrestin 2 recruitment test for CXCR2 or CXCR1 based on β-galactosidase enzyme complementation (Olson K R, Eglen R M. Beta galactosidase complementation: a cell-based luminescent assay platform for drug discovery. Assay Drug Dev Technol. 2007 February; 5(1); 137-44), as established by DiscoveRx Corporation was used. The stimulation of these two cell lines with CXCL8 (10 nM) induces β-arrestin 2 recruitment, as indicated by a significant increase in the induction factor. All the CXCR2 antagonists were tested in a dose-dependent manner and the concentration corresponding to 50% inhibition of the response was determined (IC50=half inhibition concentration).",0.96,O=C(c1cccc(Nc2c(NC(c3ccco3)[C@@H]3CCCS3)c(=O)c2=O)c1)N1CCCC1,1,Functional Cohort,541.6010000000005,3.8931200000000024,117.94999999999999,2.0,9.0,0.4074074074074074,Train
COC(=O)C1CCCN1C(=O)c1cccc(Nc2c(NC(c3ccc(C)o3)[C@H]3CCCS3)c(=O)c2=O)c1F,6.26,CHEMBL3891755,CHEMBL3888716,CHEMBL3886800,"In Vitro Affinity Assay: â¿¿PathHunter HEK293-CXCR2â¿ or â¿¿U2OS hCXCR1 β-arrestinâ¿ cells (DiscoveRx Corporation) were seeded overnight at 10 000 cells/well (384-well format) in 20 μl of Opti MEM I medium. A preincubation with the antagonist or the vehicle for 30 min at 37° C. and 5% CO2 was followed by 60 minutes of stimulation with CXCL8 at 37° C. and 5% CO2. The cells were then placed at ambient temperature for 30 minutes. The PathHunter detection reagent (DiscoveRx Corporation) was added. After incubation for 60 min at ambient temperature, the β-galactosidase induced by the luminescence during the β-arrestin-CXCR2 interaction was measured for 0.3 s in an Envision 2102 Multilabel Reader (PerkinElmer Life and Analytical Sciences).",6.71,CHEMBL3891755,CHEMBL3888717,CHEMBL3886800,"In Vitro Affinity Assay: â¿¿PathHunter HEK293-CXCR2â¿ or â¿¿U2OS hCXCR1 β-arrestinâ¿ cells (DiscoveRx Corporation) were seeded overnight at 10 000 cells/well (384-well format) in 20 μl of Opti MEM I medium. A preincubation with the antagonist or the vehicle for 30 min at 37° C. and 5% CO2 was followed by 60 minutes of stimulation with CXCL8 at 37° C. and 5% CO2. The cells were then placed at ambient temperature for 30 minutes. The PathHunter detection reagent (DiscoveRx Corporation) was added. After incubation for 60 min at ambient temperature, the β-galactosidase induced by the luminescence during the β-arrestin-CXCR2 interaction was measured for 0.3 s in an Envision 2102 Multilabel Reader (PerkinElmer Life and Analytical Sciences).",0.4500000000000002,O=C(c1cccc(Nc2c(NC(c3ccco3)[C@H]3CCCS3)c(=O)c2=O)c1)N1CCCC1,1,Functional Cohort,541.6010000000005,3.8931200000000024,117.94999999999999,2.0,9.0,0.4074074074074074,Train
COC(=O)C1CCCN1C(=O)c1cccc(Nc2c(N[C@@H](c3ccc(C)o3)C3(C)COC3)c(=O)c2=O)c1O,6.199999999999999,CHEMBL3640000,CHEMBL3706377,CHEMBL3638995,"In Vitro Assay: The in vitro affinity of the compounds of the present invention for the CXCR1 and CXCR2 receptors was determined on a functional test of the .beta.-arrestin recruitment type after receptor activation.It was demonstrated that the activation by CXCL8 of the CXCR2 receptor in cells of the PathHunter HEK293-CXCR2 line or of the CXCR1 receptor in cells of the U2OS h CXCR1 .beta.-arrestin line results in the recruitment of .beta.-arrestin (Richardson et al. 2003 Role of the cytoplasmic tails of CXCR1 and CXCR2 in mediating leukocyte migration, activation, and regulation. J. Immunol. 170: 2904-2911.)In order to evaluate the direct interaction of the CXCR2 or CXCR1 receptor with .beta.-arrestin 2, a .beta.-arrestin 2 recruitment test for CXCR2 or CXCR1 based on of .beta.-galactosidase enzyme complementation (Olson K R, Eglen R M. Beta galactosidase complementation: a cell-based luminescent assay platform for drug discovery. Assay Drug Dev Technol. 2007 February; 5(1); 137-44).",7.324999999999999,CHEMBL3640000,CHEMBL3707937,CHEMBL3638995,"In Vitro Assay: The in vitro affinity of the compounds of the present invention for the CXCR1 and CXCR2 receptors was determined on a functional test of the .beta.-arrestin recruitment type after receptor activation.It was demonstrated that the activation by CXCL8 of the CXCR2 receptor in cells of the PathHunter HEK293-CXCR2 line or of the CXCR1 receptor in cells of the U2OS h CXCR1 .beta.-arrestin line results in the recruitment of .beta.-arrestin (Richardson et al. 2003 Role of the cytoplasmic tails of CXCR1 and CXCR2 in mediating leukocyte migration, activation, and regulation. J. Immunol. 170: 2904-2911.)In order to evaluate the direct interaction of the CXCR2 or CXCR1 receptor with .beta.-arrestin 2, a .beta.-arrestin 2 recruitment test for CXCR2 or CXCR1 based on of .beta.-galactosidase enzyme complementation (Olson K R, Eglen R M. Beta galactosidase complementation: a cell-based luminescent assay platform for drug discovery. Assay Drug Dev Technol. 2007 February; 5(1); 137-44).",1.125,O=C(c1cccc(Nc2c(N[C@@H](c3ccco3)C3COC3)c(=O)c2=O)c1)N1CCCC1,1,Functional Cohort,523.5420000000005,2.600520000000001,147.41,3.0,10.0,0.4074074074074074,Train
COC(=O)C1CCCN1C(=O)c1cccc(Nc2c(N[C@H](c3ccc(C)o3)[C@@H]3CCCS3)c(=O)c2=O)c1F,5.05,CHEMBL3968340,CHEMBL3888716,CHEMBL3886800,"In Vitro Affinity Assay: â¿¿PathHunter HEK293-CXCR2â¿ or â¿¿U2OS hCXCR1 β-arrestinâ¿ cells (DiscoveRx Corporation) were seeded overnight at 10 000 cells/well (384-well format) in 20 μl of Opti MEM I medium. A preincubation with the antagonist or the vehicle for 30 min at 37° C. and 5% CO2 was followed by 60 minutes of stimulation with CXCL8 at 37° C. and 5% CO2. The cells were then placed at ambient temperature for 30 minutes. The PathHunter detection reagent (DiscoveRx Corporation) was added. After incubation for 60 min at ambient temperature, the β-galactosidase induced by the luminescence during the β-arrestin-CXCR2 interaction was measured for 0.3 s in an Envision 2102 Multilabel Reader (PerkinElmer Life and Analytical Sciences).",6.01,CHEMBL3968340,CHEMBL3888717,CHEMBL3886800,"In Vitro Affinity Assay: â¿¿PathHunter HEK293-CXCR2â¿ or â¿¿U2OS hCXCR1 β-arrestinâ¿ cells (DiscoveRx Corporation) were seeded overnight at 10 000 cells/well (384-well format) in 20 μl of Opti MEM I medium. A preincubation with the antagonist or the vehicle for 30 min at 37° C. and 5% CO2 was followed by 60 minutes of stimulation with CXCL8 at 37° C. and 5% CO2. The cells were then placed at ambient temperature for 30 minutes. The PathHunter detection reagent (DiscoveRx Corporation) was added. After incubation for 60 min at ambient temperature, the β-galactosidase induced by the luminescence during the β-arrestin-CXCR2 interaction was measured for 0.3 s in an Envision 2102 Multilabel Reader (PerkinElmer Life and Analytical Sciences).",0.96,O=C(c1cccc(Nc2c(N[C@H](c3ccco3)[C@@H]3CCCS3)c(=O)c2=O)c1)N1CCCC1,1,Functional Cohort,541.6010000000005,3.8931200000000024,117.94999999999999,2.0,9.0,0.4074074074074074,Train
COC(=O)CN(C)C(=O)c1cccc(Nc2c(NC(c3ccc(C)o3)C3CCCS3)c(=O)c2=O)c1O,6.645,CHEMBL5941559,CHEMBL5731468,CHEMBL5725784,"In Vitro Affinity Assay: The in vitro affinity of the compounds of the present invention for the CXCR1 and CXCR2 receptors was determined on a functional test of the β-arrestin recruitment after receptor activation type.It was demonstrated that the activation by CXCL8 of the CXCR2 receptor in cells of the PathHunter HEK293-CXCR2 line or of the CXCR1 receptor in cells of the U2OS h CXCR1 β-arrestin line results in the recruitment of β-arrestin (Richardson, R. M., R. J. Marjoram, L. S. Barak, R. Snyderman. 2003. Role of the cytoplasmic tails of CXCR1 and CXCR2 in mediating leukocyte migration, activation, and regulation. J. Immunol. 170: 2904-2911).In order to evaluate the direct interaction of the CXCR2 or CXCR1 receptor with β-arrestin 2, a β-arrestin 2 recruitment test for CXCR2 or CXCR1 based on β-galactosidase enzyme complementation (Olson K R, Eglen R M. Beta galactosidase complementation: a cell-based luminescent assay platform for drug discovery. Assay Drug Dev Technol. 2007 February; 5(1); 137-44), as established by DiscoveRx Corporation was used. The stimulation of these two cell lines with CXCL8 (10 nM) induces β-arrestin 2 recruitment, as indicated by a significant increase in the induction factor. All the CXCR2 antagonists were tested in a dose-dependent manner and the concentration corresponding to 50% inhibition of the response was determined (IC50=half inhibition concentration).",6.96,CHEMBL5941559,CHEMBL5731469,CHEMBL5725784,"In Vitro Affinity Assay: The in vitro affinity of the compounds of the present invention for the CXCR1 and CXCR2 receptors was determined on a functional test of the β-arrestin recruitment after receptor activation type.It was demonstrated that the activation by CXCL8 of the CXCR2 receptor in cells of the PathHunter HEK293-CXCR2 line or of the CXCR1 receptor in cells of the U2OS h CXCR1 β-arrestin line results in the recruitment of β-arrestin (Richardson, R. M., R. J. Marjoram, L. S. Barak, R. Snyderman. 2003. Role of the cytoplasmic tails of CXCR1 and CXCR2 in mediating leukocyte migration, activation, and regulation. J. Immunol. 170: 2904-2911).In order to evaluate the direct interaction of the CXCR2 or CXCR1 receptor with β-arrestin 2, a β-arrestin 2 recruitment test for CXCR2 or CXCR1 based on β-galactosidase enzyme complementation (Olson K R, Eglen R M. Beta galactosidase complementation: a cell-based luminescent assay platform for drug discovery. Assay Drug Dev Technol. 2007 February; 5(1); 137-44), as established by DiscoveRx Corporation was used. The stimulation of these two cell lines with CXCL8 (10 nM) induces β-arrestin 2 recruitment, as indicated by a significant increase in the induction factor. All the CXCR2 antagonists were tested in a dose-dependent manner and the concentration corresponding to 50% inhibition of the response was determined (IC50=half inhibition concentration).",0.3150000000000004,O=c1c(Nc2ccccc2)c(NC(c2ccco2)C2CCCS2)c1=O,1,Functional Cohort,513.5720000000005,2.927020000000001,138.17999999999998,3.0,10.0,0.36,Test
COC(=O)CN(C)C(=O)c1cccc(Nc2c(N[C@@H](c3ccc(C)o3)C3CCCS3)c(=O)c2=O)c1O,7.38,CHEMBL3904195,CHEMBL3888716; CHEMBL5731468,CHEMBL3886800; CHEMBL5725784,"In Vitro Affinity Assay: â¿¿PathHunter HEK293-CXCR2â¿ or â¿¿U2OS hCXCR1 β-arrestinâ¿ cells (DiscoveRx Corporation) were seeded overnight at 10 000 cells/well (384-well format) in 20 μl of Opti MEM I medium. A preincubation with the antagonist or the vehicle for 30 min at 37° C. and 5% CO2 was followed by 60 minutes of stimulation with CXCL8 at 37° C. and 5% CO2. The cells were then placed at ambient temperature for 30 minutes. The PathHunter detection reagent (DiscoveRx Corporation) was added. After incubation for 60 min at ambient temperature, the β-galactosidase induced by the luminescence during the β-arrestin-CXCR2 interaction was measured for 0.3 s in an Envision 2102 Multilabel Reader (PerkinElmer Life and Analytical Sciences).; In Vitro Affinity Assay: The in vitro affinity of the compounds of the present invention for the CXCR1 and CXCR2 receptors was determined on a functional test of the β-arrestin recruitment after receptor activation type.It was demonstrated that the activation by CXCL8 of the CXCR2 receptor in cells of the PathHunter HEK293-CXCR2 line or of the CXCR1 receptor in cells of the U2OS h CXCR1 β-arrestin line results in the recruitment of β-arrestin (Richardson, R. M., R. J. Marjoram, L. S. Barak, R. Snyderman. 2003. Role of the cytoplasmic tails of CXCR1 and CXCR2 in mediating leukocyte migration, activation, and regulation. J. Immunol. 170: 2904-2911).In order to evaluate the direct interaction of the CXCR2 or CXCR1 receptor with β-arrestin 2, a β-arrestin 2 recruitment test for CXCR2 or CXCR1 based on β-galactosidase enzyme complementation (Olson K R, Eglen R M. Beta galactosidase complementation: a cell-based luminescent assay platform for drug discovery. Assay Drug Dev Technol. 2007 February; 5(1); 137-44), as established by DiscoveRx Corporation was used. The stimulation of these two cell lines with CXCL8 (10 nM) induces β-arrestin 2 recruitment, as indicated by a significant increase in the induction factor. All the CXCR2 antagonists were tested in a dose-dependent manner and the concentration corresponding to 50% inhibition of the response was determined (IC50=half inhibition concentration).",7.7,CHEMBL3904195,CHEMBL5731469; CHEMBL3888717,CHEMBL3886800; CHEMBL5725784,"In Vitro Affinity Assay: â¿¿PathHunter HEK293-CXCR2â¿ or â¿¿U2OS hCXCR1 β-arrestinâ¿ cells (DiscoveRx Corporation) were seeded overnight at 10 000 cells/well (384-well format) in 20 μl of Opti MEM I medium. A preincubation with the antagonist or the vehicle for 30 min at 37° C. and 5% CO2 was followed by 60 minutes of stimulation with CXCL8 at 37° C. and 5% CO2. The cells were then placed at ambient temperature for 30 minutes. The PathHunter detection reagent (DiscoveRx Corporation) was added. After incubation for 60 min at ambient temperature, the β-galactosidase induced by the luminescence during the β-arrestin-CXCR2 interaction was measured for 0.3 s in an Envision 2102 Multilabel Reader (PerkinElmer Life and Analytical Sciences).; In Vitro Affinity Assay: The in vitro affinity of the compounds of the present invention for the CXCR1 and CXCR2 receptors was determined on a functional test of the β-arrestin recruitment after receptor activation type.It was demonstrated that the activation by CXCL8 of the CXCR2 receptor in cells of the PathHunter HEK293-CXCR2 line or of the CXCR1 receptor in cells of the U2OS h CXCR1 β-arrestin line results in the recruitment of β-arrestin (Richardson, R. M., R. J. Marjoram, L. S. Barak, R. Snyderman. 2003. Role of the cytoplasmic tails of CXCR1 and CXCR2 in mediating leukocyte migration, activation, and regulation. J. Immunol. 170: 2904-2911).In order to evaluate the direct interaction of the CXCR2 or CXCR1 receptor with β-arrestin 2, a β-arrestin 2 recruitment test for CXCR2 or CXCR1 based on β-galactosidase enzyme complementation (Olson K R, Eglen R M. Beta galactosidase complementation: a cell-based luminescent assay platform for drug discovery. Assay Drug Dev Technol. 2007 February; 5(1); 137-44), as established by DiscoveRx Corporation was used. The stimulation of these two cell lines with CXCL8 (10 nM) induces β-arrestin 2 recruitment, as indicated by a significant increase in the induction factor. All the CXCR2 antagonists were tested in a dose-dependent manner and the concentration corresponding to 50% inhibition of the response was determined (IC50=half inhibition concentration).",0.3200000000000003,O=c1c(Nc2ccccc2)c(N[C@@H](c2ccco2)C2CCCS2)c1=O,1,Functional Cohort,513.5720000000005,2.927020000000001,138.17999999999998,3.0,10.0,0.36,Train
COC(=O)CNCC(=O)c1cccc(Nc2c(NC(c3ccc(C)o3)C3CCCS3)c(=O)c2=O)c1O,6.645,CHEMBL3935902,CHEMBL3888716,CHEMBL3886800,"In Vitro Affinity Assay: â¿¿PathHunter HEK293-CXCR2â¿ or â¿¿U2OS hCXCR1 β-arrestinâ¿ cells (DiscoveRx Corporation) were seeded overnight at 10 000 cells/well (384-well format) in 20 μl of Opti MEM I medium. A preincubation with the antagonist or the vehicle for 30 min at 37° C. and 5% CO2 was followed by 60 minutes of stimulation with CXCL8 at 37° C. and 5% CO2. The cells were then placed at ambient temperature for 30 minutes. The PathHunter detection reagent (DiscoveRx Corporation) was added. After incubation for 60 min at ambient temperature, the β-galactosidase induced by the luminescence during the β-arrestin-CXCR2 interaction was measured for 0.3 s in an Envision 2102 Multilabel Reader (PerkinElmer Life and Analytical Sciences).",6.96,CHEMBL3935902,CHEMBL3888717,CHEMBL3886800,"In Vitro Affinity Assay: â¿¿PathHunter HEK293-CXCR2â¿ or â¿¿U2OS hCXCR1 β-arrestinâ¿ cells (DiscoveRx Corporation) were seeded overnight at 10 000 cells/well (384-well format) in 20 μl of Opti MEM I medium. A preincubation with the antagonist or the vehicle for 30 min at 37° C. and 5% CO2 was followed by 60 minutes of stimulation with CXCL8 at 37° C. and 5% CO2. The cells were then placed at ambient temperature for 30 minutes. The PathHunter detection reagent (DiscoveRx Corporation) was added. After incubation for 60 min at ambient temperature, the β-galactosidase induced by the luminescence during the β-arrestin-CXCR2 interaction was measured for 0.3 s in an Envision 2102 Multilabel Reader (PerkinElmer Life and Analytical Sciences).",0.3150000000000004,O=c1c(Nc2ccccc2)c(NC(c2ccco2)C2CCCS2)c1=O,1,Functional Cohort,513.5720000000005,2.6273200000000005,146.96999999999997,4.0,11.0,0.36,Test
COc1ccc(C(Nc2c(Nc3cccc(C(=O)N(C)C)c3O)c(=O)c2=O)C2(C)COC2)cc1,5.0,CHEMBL3704557,CHEMBL3706377,CHEMBL3638995,"In Vitro Assay: The in vitro affinity of the compounds of the present invention for the CXCR1 and CXCR2 receptors was determined on a functional test of the .beta.-arrestin recruitment type after receptor activation.It was demonstrated that the activation by CXCL8 of the CXCR2 receptor in cells of the PathHunter HEK293-CXCR2 line or of the CXCR1 receptor in cells of the U2OS h CXCR1 .beta.-arrestin line results in the recruitment of .beta.-arrestin (Richardson et al. 2003 Role of the cytoplasmic tails of CXCR1 and CXCR2 in mediating leukocyte migration, activation, and regulation. J. Immunol. 170: 2904-2911.)In order to evaluate the direct interaction of the CXCR2 or CXCR1 receptor with .beta.-arrestin 2, a .beta.-arrestin 2 recruitment test for CXCR2 or CXCR1 based on of .beta.-galactosidase enzyme complementation (Olson K R, Eglen R M. Beta galactosidase complementation: a cell-based luminescent assay platform for drug discovery. Assay Drug Dev Technol. 2007 February; 5(1); 137-44).",6.36,CHEMBL3704557,CHEMBL3707937,CHEMBL3638995,"In Vitro Assay: The in vitro affinity of the compounds of the present invention for the CXCR1 and CXCR2 receptors was determined on a functional test of the .beta.-arrestin recruitment type after receptor activation.It was demonstrated that the activation by CXCL8 of the CXCR2 receptor in cells of the PathHunter HEK293-CXCR2 line or of the CXCR1 receptor in cells of the U2OS h CXCR1 .beta.-arrestin line results in the recruitment of .beta.-arrestin (Richardson et al. 2003 Role of the cytoplasmic tails of CXCR1 and CXCR2 in mediating leukocyte migration, activation, and regulation. J. Immunol. 170: 2904-2911.)In order to evaluate the direct interaction of the CXCR2 or CXCR1 receptor with .beta.-arrestin 2, a .beta.-arrestin 2 recruitment test for CXCR2 or CXCR1 based on of .beta.-galactosidase enzyme complementation (Olson K R, Eglen R M. Beta galactosidase complementation: a cell-based luminescent assay platform for drug discovery. Assay Drug Dev Technol. 2007 February; 5(1); 137-44).",1.3600000000000003,O=c1c(Nc2ccccc2)c(NC(c2ccccc2)C2COC2)c1=O,1,Functional Cohort,465.5060000000003,2.631900000000001,117.2,3.0,8.0,0.32,Train
COc1ccc(Nc2c(NC(c3ccc(C)o3)C3(C)COC3)c(=O)c2=O)c(=O)[nH]1,5.0,CHEMBL3704566,CHEMBL3706377,CHEMBL3638995,"In Vitro Assay: The in vitro affinity of the compounds of the present invention for the CXCR1 and CXCR2 receptors was determined on a functional test of the .beta.-arrestin recruitment type after receptor activation.It was demonstrated that the activation by CXCL8 of the CXCR2 receptor in cells of the PathHunter HEK293-CXCR2 line or of the CXCR1 receptor in cells of the U2OS h CXCR1 .beta.-arrestin line results in the recruitment of .beta.-arrestin (Richardson et al. 2003 Role of the cytoplasmic tails of CXCR1 and CXCR2 in mediating leukocyte migration, activation, and regulation. J. Immunol. 170: 2904-2911.)In order to evaluate the direct interaction of the CXCR2 or CXCR1 receptor with .beta.-arrestin 2, a .beta.-arrestin 2 recruitment test for CXCR2 or CXCR1 based on of .beta.-galactosidase enzyme complementation (Olson K R, Eglen R M. Beta galactosidase complementation: a cell-based luminescent assay platform for drug discovery. Assay Drug Dev Technol. 2007 February; 5(1); 137-44).",5.99,CHEMBL3704566,CHEMBL3707937,CHEMBL3638995,"In Vitro Assay: The in vitro affinity of the compounds of the present invention for the CXCR1 and CXCR2 receptors was determined on a functional test of the .beta.-arrestin recruitment type after receptor activation.It was demonstrated that the activation by CXCL8 of the CXCR2 receptor in cells of the PathHunter HEK293-CXCR2 line or of the CXCR1 receptor in cells of the U2OS h CXCR1 .beta.-arrestin line results in the recruitment of .beta.-arrestin (Richardson et al. 2003 Role of the cytoplasmic tails of CXCR1 and CXCR2 in mediating leukocyte migration, activation, and regulation. J. Immunol. 170: 2904-2911.)In order to evaluate the direct interaction of the CXCR2 or CXCR1 receptor with .beta.-arrestin 2, a .beta.-arrestin 2 recruitment test for CXCR2 or CXCR1 based on of .beta.-galactosidase enzyme complementation (Olson K R, Eglen R M. Beta galactosidase complementation: a cell-based luminescent assay platform for drug discovery. Assay Drug Dev Technol. 2007 February; 5(1); 137-44).",0.9900000000000002,O=c1[nH]cccc1Nc1c(NC(c2ccco2)C2COC2)c(=O)c1=O,1,Functional Cohort,399.4030000000002,1.8142199999999993,122.65999999999997,3.0,8.0,0.35,Train
COc1cccc(C(Nc2c(Nc3cccc(C(=O)N(C)C)c3O)c(=O)c2=O)C2(C)COC2)c1,5.26,CHEMBL3704556,CHEMBL3706377,CHEMBL3638995,"In Vitro Assay: The in vitro affinity of the compounds of the present invention for the CXCR1 and CXCR2 receptors was determined on a functional test of the .beta.-arrestin recruitment type after receptor activation.It was demonstrated that the activation by CXCL8 of the CXCR2 receptor in cells of the PathHunter HEK293-CXCR2 line or of the CXCR1 receptor in cells of the U2OS h CXCR1 .beta.-arrestin line results in the recruitment of .beta.-arrestin (Richardson et al. 2003 Role of the cytoplasmic tails of CXCR1 and CXCR2 in mediating leukocyte migration, activation, and regulation. J. Immunol. 170: 2904-2911.)In order to evaluate the direct interaction of the CXCR2 or CXCR1 receptor with .beta.-arrestin 2, a .beta.-arrestin 2 recruitment test for CXCR2 or CXCR1 based on of .beta.-galactosidase enzyme complementation (Olson K R, Eglen R M. Beta galactosidase complementation: a cell-based luminescent assay platform for drug discovery. Assay Drug Dev Technol. 2007 February; 5(1); 137-44).",6.32,CHEMBL3704556,CHEMBL3707937,CHEMBL3638995,"In Vitro Assay: The in vitro affinity of the compounds of the present invention for the CXCR1 and CXCR2 receptors was determined on a functional test of the .beta.-arrestin recruitment type after receptor activation.It was demonstrated that the activation by CXCL8 of the CXCR2 receptor in cells of the PathHunter HEK293-CXCR2 line or of the CXCR1 receptor in cells of the U2OS h CXCR1 .beta.-arrestin line results in the recruitment of .beta.-arrestin (Richardson et al. 2003 Role of the cytoplasmic tails of CXCR1 and CXCR2 in mediating leukocyte migration, activation, and regulation. J. Immunol. 170: 2904-2911.)In order to evaluate the direct interaction of the CXCR2 or CXCR1 receptor with .beta.-arrestin 2, a .beta.-arrestin 2 recruitment test for CXCR2 or CXCR1 based on of .beta.-galactosidase enzyme complementation (Olson K R, Eglen R M. Beta galactosidase complementation: a cell-based luminescent assay platform for drug discovery. Assay Drug Dev Technol. 2007 February; 5(1); 137-44).",1.0600000000000005,O=c1c(Nc2ccccc2)c(NC(c2ccccc2)C2COC2)c1=O,1,Functional Cohort,465.5060000000003,2.631900000000001,117.2,3.0,8.0,0.32,Train
Cc1cc(C(Nc2c(Nc3cccc(C(=O)N(C)C)c3O)c(=O)c2=O)C2(C)COC2)oc1C,5.81,CHEMBL3704555,CHEMBL3706377,CHEMBL3638995,"In Vitro Assay: The in vitro affinity of the compounds of the present invention for the CXCR1 and CXCR2 receptors was determined on a functional test of the .beta.-arrestin recruitment type after receptor activation.It was demonstrated that the activation by CXCL8 of the CXCR2 receptor in cells of the PathHunter HEK293-CXCR2 line or of the CXCR1 receptor in cells of the U2OS h CXCR1 .beta.-arrestin line results in the recruitment of .beta.-arrestin (Richardson et al. 2003 Role of the cytoplasmic tails of CXCR1 and CXCR2 in mediating leukocyte migration, activation, and regulation. J. Immunol. 170: 2904-2911.)In order to evaluate the direct interaction of the CXCR2 or CXCR1 receptor with .beta.-arrestin 2, a .beta.-arrestin 2 recruitment test for CXCR2 or CXCR1 based on of .beta.-galactosidase enzyme complementation (Olson K R, Eglen R M. Beta galactosidase complementation: a cell-based luminescent assay platform for drug discovery. Assay Drug Dev Technol. 2007 February; 5(1); 137-44).",6.61,CHEMBL3704555,CHEMBL3707937,CHEMBL3638995,"In Vitro Assay: The in vitro affinity of the compounds of the present invention for the CXCR1 and CXCR2 receptors was determined on a functional test of the .beta.-arrestin recruitment type after receptor activation.It was demonstrated that the activation by CXCL8 of the CXCR2 receptor in cells of the PathHunter HEK293-CXCR2 line or of the CXCR1 receptor in cells of the U2OS h CXCR1 .beta.-arrestin line results in the recruitment of .beta.-arrestin (Richardson et al. 2003 Role of the cytoplasmic tails of CXCR1 and CXCR2 in mediating leukocyte migration, activation, and regulation. J. Immunol. 170: 2904-2911.)In order to evaluate the direct interaction of the CXCR2 or CXCR1 receptor with .beta.-arrestin 2, a .beta.-arrestin 2 recruitment test for CXCR2 or CXCR1 based on of .beta.-galactosidase enzyme complementation (Olson K R, Eglen R M. Beta galactosidase complementation: a cell-based luminescent assay platform for drug discovery. Assay Drug Dev Technol. 2007 February; 5(1); 137-44).",0.8000000000000007,O=c1c(Nc2ccccc2)c(NC(c2ccco2)C2COC2)c1=O,1,Functional Cohort,453.49500000000035,2.83314,121.10999999999999,3.0,8.0,0.375,Train
Cc1ccc(C(Nc2c(NC3CC=CN(C)C3=O)c(=O)c2=O)C2CCCS2)o1,6.42,CHEMBL3986396,CHEMBL3888716,CHEMBL3886800,"In Vitro Affinity Assay: â¿¿PathHunter HEK293-CXCR2â¿ or â¿¿U2OS hCXCR1 β-arrestinâ¿ cells (DiscoveRx Corporation) were seeded overnight at 10 000 cells/well (384-well format) in 20 μl of Opti MEM I medium. A preincubation with the antagonist or the vehicle for 30 min at 37° C. and 5% CO2 was followed by 60 minutes of stimulation with CXCL8 at 37° C. and 5% CO2. The cells were then placed at ambient temperature for 30 minutes. The PathHunter detection reagent (DiscoveRx Corporation) was added. After incubation for 60 min at ambient temperature, the β-galactosidase induced by the luminescence during the β-arrestin-CXCR2 interaction was measured for 0.3 s in an Envision 2102 Multilabel Reader (PerkinElmer Life and Analytical Sciences).",7.36,CHEMBL3986396,CHEMBL3888717,CHEMBL3886800,"In Vitro Affinity Assay: â¿¿PathHunter HEK293-CXCR2â¿ or â¿¿U2OS hCXCR1 β-arrestinâ¿ cells (DiscoveRx Corporation) were seeded overnight at 10 000 cells/well (384-well format) in 20 μl of Opti MEM I medium. A preincubation with the antagonist or the vehicle for 30 min at 37° C. and 5% CO2 was followed by 60 minutes of stimulation with CXCL8 at 37° C. and 5% CO2. The cells were then placed at ambient temperature for 30 minutes. The PathHunter detection reagent (DiscoveRx Corporation) was added. After incubation for 60 min at ambient temperature, the β-galactosidase induced by the luminescence during the β-arrestin-CXCR2 interaction was measured for 0.3 s in an Envision 2102 Multilabel Reader (PerkinElmer Life and Analytical Sciences).",0.9400000000000004,O=C1NC=CCC1Nc1c(NC(c2ccco2)C2CCCS2)c(=O)c1=O,1,Functional Cohort,401.4880000000002,2.38912,91.64999999999999,2.0,7.0,0.45,Test
Cc1ccc(C(Nc2c(Nc3ccc(Cl)[nH]c3=O)c(=O)c2=O)C2(C)COC2)o1,5.28,CHEMBL3704567,CHEMBL3706377,CHEMBL3638995,"In Vitro Assay: The in vitro affinity of the compounds of the present invention for the CXCR1 and CXCR2 receptors was determined on a functional test of the .beta.-arrestin recruitment type after receptor activation.It was demonstrated that the activation by CXCL8 of the CXCR2 receptor in cells of the PathHunter HEK293-CXCR2 line or of the CXCR1 receptor in cells of the U2OS h CXCR1 .beta.-arrestin line results in the recruitment of .beta.-arrestin (Richardson et al. 2003 Role of the cytoplasmic tails of CXCR1 and CXCR2 in mediating leukocyte migration, activation, and regulation. J. Immunol. 170: 2904-2911.)In order to evaluate the direct interaction of the CXCR2 or CXCR1 receptor with .beta.-arrestin 2, a .beta.-arrestin 2 recruitment test for CXCR2 or CXCR1 based on of .beta.-galactosidase enzyme complementation (Olson K R, Eglen R M. Beta galactosidase complementation: a cell-based luminescent assay platform for drug discovery. Assay Drug Dev Technol. 2007 February; 5(1); 137-44).",6.3,CHEMBL3704567,CHEMBL3707937,CHEMBL3638995,"In Vitro Assay: The in vitro affinity of the compounds of the present invention for the CXCR1 and CXCR2 receptors was determined on a functional test of the .beta.-arrestin recruitment type after receptor activation.It was demonstrated that the activation by CXCL8 of the CXCR2 receptor in cells of the PathHunter HEK293-CXCR2 line or of the CXCR1 receptor in cells of the U2OS h CXCR1 .beta.-arrestin line results in the recruitment of .beta.-arrestin (Richardson et al. 2003 Role of the cytoplasmic tails of CXCR1 and CXCR2 in mediating leukocyte migration, activation, and regulation. J. Immunol. 170: 2904-2911.)In order to evaluate the direct interaction of the CXCR2 or CXCR1 receptor with .beta.-arrestin 2, a .beta.-arrestin 2 recruitment test for CXCR2 or CXCR1 based on of .beta.-galactosidase enzyme complementation (Olson K R, Eglen R M. Beta galactosidase complementation: a cell-based luminescent assay platform for drug discovery. Assay Drug Dev Technol. 2007 February; 5(1); 137-44).",1.0199999999999996,O=c1[nH]cccc1Nc1c(NC(c2ccco2)C2COC2)c(=O)c1=O,1,Functional Cohort,403.8220000000003,2.4590199999999998,113.43,3.0,7.0,0.3157894736842105,Train
Cc1ccc(C(Nc2c(Nc3ccc(Cl)c(C(=O)N(C)C)c3O)c(=O)c2=O)C2CCCS2)o1,6.95,CHEMBL3956601,CHEMBL3888716; CHEMBL5731468,CHEMBL3886800; CHEMBL5725784,"In Vitro Affinity Assay: â¿¿PathHunter HEK293-CXCR2â¿ or â¿¿U2OS hCXCR1 β-arrestinâ¿ cells (DiscoveRx Corporation) were seeded overnight at 10 000 cells/well (384-well format) in 20 μl of Opti MEM I medium. A preincubation with the antagonist or the vehicle for 30 min at 37° C. and 5% CO2 was followed by 60 minutes of stimulation with CXCL8 at 37° C. and 5% CO2. The cells were then placed at ambient temperature for 30 minutes. The PathHunter detection reagent (DiscoveRx Corporation) was added. After incubation for 60 min at ambient temperature, the β-galactosidase induced by the luminescence during the β-arrestin-CXCR2 interaction was measured for 0.3 s in an Envision 2102 Multilabel Reader (PerkinElmer Life and Analytical Sciences).; In Vitro Affinity Assay: The in vitro affinity of the compounds of the present invention for the CXCR1 and CXCR2 receptors was determined on a functional test of the β-arrestin recruitment after receptor activation type.It was demonstrated that the activation by CXCL8 of the CXCR2 receptor in cells of the PathHunter HEK293-CXCR2 line or of the CXCR1 receptor in cells of the U2OS h CXCR1 β-arrestin line results in the recruitment of β-arrestin (Richardson, R. M., R. J. Marjoram, L. S. Barak, R. Snyderman. 2003. Role of the cytoplasmic tails of CXCR1 and CXCR2 in mediating leukocyte migration, activation, and regulation. J. Immunol. 170: 2904-2911).In order to evaluate the direct interaction of the CXCR2 or CXCR1 receptor with β-arrestin 2, a β-arrestin 2 recruitment test for CXCR2 or CXCR1 based on β-galactosidase enzyme complementation (Olson K R, Eglen R M. Beta galactosidase complementation: a cell-based luminescent assay platform for drug discovery. Assay Drug Dev Technol. 2007 February; 5(1); 137-44), as established by DiscoveRx Corporation was used. The stimulation of these two cell lines with CXCL8 (10 nM) induces β-arrestin 2 recruitment, as indicated by a significant increase in the induction factor. All the CXCR2 antagonists were tested in a dose-dependent manner and the concentration corresponding to 50% inhibition of the response was determined (IC50=half inhibition concentration).",7.16,CHEMBL3956601,CHEMBL5731469; CHEMBL3888717,CHEMBL3886800; CHEMBL5725784,"In Vitro Affinity Assay: â¿¿PathHunter HEK293-CXCR2â¿ or â¿¿U2OS hCXCR1 β-arrestinâ¿ cells (DiscoveRx Corporation) were seeded overnight at 10 000 cells/well (384-well format) in 20 μl of Opti MEM I medium. A preincubation with the antagonist or the vehicle for 30 min at 37° C. and 5% CO2 was followed by 60 minutes of stimulation with CXCL8 at 37° C. and 5% CO2. The cells were then placed at ambient temperature for 30 minutes. The PathHunter detection reagent (DiscoveRx Corporation) was added. After incubation for 60 min at ambient temperature, the β-galactosidase induced by the luminescence during the β-arrestin-CXCR2 interaction was measured for 0.3 s in an Envision 2102 Multilabel Reader (PerkinElmer Life and Analytical Sciences).; In Vitro Affinity Assay: The in vitro affinity of the compounds of the present invention for the CXCR1 and CXCR2 receptors was determined on a functional test of the β-arrestin recruitment after receptor activation type.It was demonstrated that the activation by CXCL8 of the CXCR2 receptor in cells of the PathHunter HEK293-CXCR2 line or of the CXCR1 receptor in cells of the U2OS h CXCR1 β-arrestin line results in the recruitment of β-arrestin (Richardson, R. M., R. J. Marjoram, L. S. Barak, R. Snyderman. 2003. Role of the cytoplasmic tails of CXCR1 and CXCR2 in mediating leukocyte migration, activation, and regulation. J. Immunol. 170: 2904-2911).In order to evaluate the direct interaction of the CXCR2 or CXCR1 receptor with β-arrestin 2, a β-arrestin 2 recruitment test for CXCR2 or CXCR1 based on β-galactosidase enzyme complementation (Olson K R, Eglen R M. Beta galactosidase complementation: a cell-based luminescent assay platform for drug discovery. Assay Drug Dev Technol. 2007 February; 5(1); 137-44), as established by DiscoveRx Corporation was used. The stimulation of these two cell lines with CXCL8 (10 nM) induces β-arrestin 2 recruitment, as indicated by a significant increase in the induction factor. All the CXCR2 antagonists were tested in a dose-dependent manner and the concentration corresponding to 50% inhibition of the response was determined (IC50=half inhibition concentration).",0.20999999999999996,O=c1c(Nc2ccccc2)c(NC(c2ccco2)C2CCCS2)c1=O,1,Functional Cohort,489.98100000000034,4.037220000000002,111.87999999999998,3.0,8.0,0.34782608695652173,Test
Cc1ccc(C(Nc2c(Nc3ccc(Cl)c(S(=O)(=O)N(C)C)c3O)c(=O)c2=O)C2(C)COC2)o1,6.93,CHEMBL3701196,CHEMBL3706377,CHEMBL3638995,"In Vitro Assay: The in vitro affinity of the compounds of the present invention for the CXCR1 and CXCR2 receptors was determined on a functional test of the .beta.-arrestin recruitment type after receptor activation.It was demonstrated that the activation by CXCL8 of the CXCR2 receptor in cells of the PathHunter HEK293-CXCR2 line or of the CXCR1 receptor in cells of the U2OS h CXCR1 .beta.-arrestin line results in the recruitment of .beta.-arrestin (Richardson et al. 2003 Role of the cytoplasmic tails of CXCR1 and CXCR2 in mediating leukocyte migration, activation, and regulation. J. Immunol. 170: 2904-2911.)In order to evaluate the direct interaction of the CXCR2 or CXCR1 receptor with .beta.-arrestin 2, a .beta.-arrestin 2 recruitment test for CXCR2 or CXCR1 based on of .beta.-galactosidase enzyme complementation (Olson K R, Eglen R M. Beta galactosidase complementation: a cell-based luminescent assay platform for drug discovery. Assay Drug Dev Technol. 2007 February; 5(1); 137-44).",7.51,CHEMBL3701196,CHEMBL3707937,CHEMBL3638995,"In Vitro Assay: The in vitro affinity of the compounds of the present invention for the CXCR1 and CXCR2 receptors was determined on a functional test of the .beta.-arrestin recruitment type after receptor activation.It was demonstrated that the activation by CXCL8 of the CXCR2 receptor in cells of the PathHunter HEK293-CXCR2 line or of the CXCR1 receptor in cells of the U2OS h CXCR1 .beta.-arrestin line results in the recruitment of .beta.-arrestin (Richardson et al. 2003 Role of the cytoplasmic tails of CXCR1 and CXCR2 in mediating leukocyte migration, activation, and regulation. J. Immunol. 170: 2904-2911.)In order to evaluate the direct interaction of the CXCR2 or CXCR1 receptor with .beta.-arrestin 2, a .beta.-arrestin 2 recruitment test for CXCR2 or CXCR1 based on of .beta.-galactosidase enzyme complementation (Olson K R, Eglen R M. Beta galactosidase complementation: a cell-based luminescent assay platform for drug discovery. Assay Drug Dev Technol. 2007 February; 5(1); 137-44).",0.5800000000000001,O=c1c(Nc2ccccc2)c(NC(c2ccco2)C2COC2)c1=O,1,Functional Cohort,509.9680000000004,2.7266200000000005,138.18,3.0,9.0,0.36363636363636365,Train
Cc1ccc(C(Nc2c(Nc3ccc(Cl)c(S(=O)(=O)N(C)C)c3O)c(=O)c2=O)C2CCCS2)o1,6.83,CHEMBL3913959,CHEMBL3888716,CHEMBL3886800,"In Vitro Affinity Assay: â¿¿PathHunter HEK293-CXCR2â¿ or â¿¿U2OS hCXCR1 β-arrestinâ¿ cells (DiscoveRx Corporation) were seeded overnight at 10 000 cells/well (384-well format) in 20 μl of Opti MEM I medium. A preincubation with the antagonist or the vehicle for 30 min at 37° C. and 5% CO2 was followed by 60 minutes of stimulation with CXCL8 at 37° C. and 5% CO2. The cells were then placed at ambient temperature for 30 minutes. The PathHunter detection reagent (DiscoveRx Corporation) was added. After incubation for 60 min at ambient temperature, the β-galactosidase induced by the luminescence during the β-arrestin-CXCR2 interaction was measured for 0.3 s in an Envision 2102 Multilabel Reader (PerkinElmer Life and Analytical Sciences).",7.1850000000000005,CHEMBL3913959,CHEMBL3888717,CHEMBL3886800,"In Vitro Affinity Assay: â¿¿PathHunter HEK293-CXCR2â¿ or â¿¿U2OS hCXCR1 β-arrestinâ¿ cells (DiscoveRx Corporation) were seeded overnight at 10 000 cells/well (384-well format) in 20 μl of Opti MEM I medium. A preincubation with the antagonist or the vehicle for 30 min at 37° C. and 5% CO2 was followed by 60 minutes of stimulation with CXCL8 at 37° C. and 5% CO2. The cells were then placed at ambient temperature for 30 minutes. The PathHunter detection reagent (DiscoveRx Corporation) was added. After incubation for 60 min at ambient temperature, the β-galactosidase induced by the luminescence during the β-arrestin-CXCR2 interaction was measured for 0.3 s in an Envision 2102 Multilabel Reader (PerkinElmer Life and Analytical Sciences).",0.3550000000000004,O=c1c(Nc2ccccc2)c(NC(c2ccco2)C2CCCS2)c1=O,1,Functional Cohort,526.0360000000004,3.585720000000002,128.95,3.0,9.0,0.36363636363636365,Test
Cc1ccc(C(Nc2c(Nc3ccc(Cl)c(S(=O)(=O)N4CCN(C)CC4)c3O)c(=O)c2=O)C2CCCS2)o1,7.52,CHEMBL3952996,CHEMBL3888716; CHEMBL5731468,CHEMBL3886800; CHEMBL5725784,"In Vitro Affinity Assay: â¿¿PathHunter HEK293-CXCR2â¿ or â¿¿U2OS hCXCR1 β-arrestinâ¿ cells (DiscoveRx Corporation) were seeded overnight at 10 000 cells/well (384-well format) in 20 μl of Opti MEM I medium. A preincubation with the antagonist or the vehicle for 30 min at 37° C. and 5% CO2 was followed by 60 minutes of stimulation with CXCL8 at 37° C. and 5% CO2. The cells were then placed at ambient temperature for 30 minutes. The PathHunter detection reagent (DiscoveRx Corporation) was added. After incubation for 60 min at ambient temperature, the β-galactosidase induced by the luminescence during the β-arrestin-CXCR2 interaction was measured for 0.3 s in an Envision 2102 Multilabel Reader (PerkinElmer Life and Analytical Sciences).; In Vitro Affinity Assay: The in vitro affinity of the compounds of the present invention for the CXCR1 and CXCR2 receptors was determined on a functional test of the β-arrestin recruitment after receptor activation type.It was demonstrated that the activation by CXCL8 of the CXCR2 receptor in cells of the PathHunter HEK293-CXCR2 line or of the CXCR1 receptor in cells of the U2OS h CXCR1 β-arrestin line results in the recruitment of β-arrestin (Richardson, R. M., R. J. Marjoram, L. S. Barak, R. Snyderman. 2003. Role of the cytoplasmic tails of CXCR1 and CXCR2 in mediating leukocyte migration, activation, and regulation. J. Immunol. 170: 2904-2911).In order to evaluate the direct interaction of the CXCR2 or CXCR1 receptor with β-arrestin 2, a β-arrestin 2 recruitment test for CXCR2 or CXCR1 based on β-galactosidase enzyme complementation (Olson K R, Eglen R M. Beta galactosidase complementation: a cell-based luminescent assay platform for drug discovery. Assay Drug Dev Technol. 2007 February; 5(1); 137-44), as established by DiscoveRx Corporation was used. The stimulation of these two cell lines with CXCL8 (10 nM) induces β-arrestin 2 recruitment, as indicated by a significant increase in the induction factor. All the CXCR2 antagonists were tested in a dose-dependent manner and the concentration corresponding to 50% inhibition of the response was determined (IC50=half inhibition concentration).",7.77,CHEMBL3952996,CHEMBL5731469; CHEMBL3888717,CHEMBL3886800; CHEMBL5725784,"In Vitro Affinity Assay: â¿¿PathHunter HEK293-CXCR2â¿ or â¿¿U2OS hCXCR1 β-arrestinâ¿ cells (DiscoveRx Corporation) were seeded overnight at 10 000 cells/well (384-well format) in 20 μl of Opti MEM I medium. A preincubation with the antagonist or the vehicle for 30 min at 37° C. and 5% CO2 was followed by 60 minutes of stimulation with CXCL8 at 37° C. and 5% CO2. The cells were then placed at ambient temperature for 30 minutes. The PathHunter detection reagent (DiscoveRx Corporation) was added. After incubation for 60 min at ambient temperature, the β-galactosidase induced by the luminescence during the β-arrestin-CXCR2 interaction was measured for 0.3 s in an Envision 2102 Multilabel Reader (PerkinElmer Life and Analytical Sciences).; In Vitro Affinity Assay: The in vitro affinity of the compounds of the present invention for the CXCR1 and CXCR2 receptors was determined on a functional test of the β-arrestin recruitment after receptor activation type.It was demonstrated that the activation by CXCL8 of the CXCR2 receptor in cells of the PathHunter HEK293-CXCR2 line or of the CXCR1 receptor in cells of the U2OS h CXCR1 β-arrestin line results in the recruitment of β-arrestin (Richardson, R. M., R. J. Marjoram, L. S. Barak, R. Snyderman. 2003. Role of the cytoplasmic tails of CXCR1 and CXCR2 in mediating leukocyte migration, activation, and regulation. J. Immunol. 170: 2904-2911).In order to evaluate the direct interaction of the CXCR2 or CXCR1 receptor with β-arrestin 2, a β-arrestin 2 recruitment test for CXCR2 or CXCR1 based on β-galactosidase enzyme complementation (Olson K R, Eglen R M. Beta galactosidase complementation: a cell-based luminescent assay platform for drug discovery. Assay Drug Dev Technol. 2007 February; 5(1); 137-44), as established by DiscoveRx Corporation was used. The stimulation of these two cell lines with CXCL8 (10 nM) induces β-arrestin 2 recruitment, as indicated by a significant increase in the induction factor. All the CXCR2 antagonists were tested in a dose-dependent manner and the concentration corresponding to 50% inhibition of the response was determined (IC50=half inhibition concentration).",0.25,O=c1c(Nc2cccc(S(=O)(=O)N3CCNCC3)c2)c(NC(c2ccco2)C2CCCS2)c1=O,1,Functional Cohort,581.1160000000003,3.2715200000000015,132.19,3.0,10.0,0.44,Test
Cc1ccc(C(Nc2c(Nc3ccc[nH]c3=O)c(=O)c2=O)C2(C)COC2)o1,5.18,CHEMBL3701194,CHEMBL3706377,CHEMBL3638995,"In Vitro Assay: The in vitro affinity of the compounds of the present invention for the CXCR1 and CXCR2 receptors was determined on a functional test of the .beta.-arrestin recruitment type after receptor activation.It was demonstrated that the activation by CXCL8 of the CXCR2 receptor in cells of the PathHunter HEK293-CXCR2 line or of the CXCR1 receptor in cells of the U2OS h CXCR1 .beta.-arrestin line results in the recruitment of .beta.-arrestin (Richardson et al. 2003 Role of the cytoplasmic tails of CXCR1 and CXCR2 in mediating leukocyte migration, activation, and regulation. J. Immunol. 170: 2904-2911.)In order to evaluate the direct interaction of the CXCR2 or CXCR1 receptor with .beta.-arrestin 2, a .beta.-arrestin 2 recruitment test for CXCR2 or CXCR1 based on of .beta.-galactosidase enzyme complementation (Olson K R, Eglen R M. Beta galactosidase complementation: a cell-based luminescent assay platform for drug discovery. Assay Drug Dev Technol. 2007 February; 5(1); 137-44).",6.47,CHEMBL3701194,CHEMBL3707937,CHEMBL3638995,"In Vitro Assay: The in vitro affinity of the compounds of the present invention for the CXCR1 and CXCR2 receptors was determined on a functional test of the .beta.-arrestin recruitment type after receptor activation.It was demonstrated that the activation by CXCL8 of the CXCR2 receptor in cells of the PathHunter HEK293-CXCR2 line or of the CXCR1 receptor in cells of the U2OS h CXCR1 .beta.-arrestin line results in the recruitment of .beta.-arrestin (Richardson et al. 2003 Role of the cytoplasmic tails of CXCR1 and CXCR2 in mediating leukocyte migration, activation, and regulation. J. Immunol. 170: 2904-2911.)In order to evaluate the direct interaction of the CXCR2 or CXCR1 receptor with .beta.-arrestin 2, a .beta.-arrestin 2 recruitment test for CXCR2 or CXCR1 based on of .beta.-galactosidase enzyme complementation (Olson K R, Eglen R M. Beta galactosidase complementation: a cell-based luminescent assay platform for drug discovery. Assay Drug Dev Technol. 2007 February; 5(1); 137-44).",1.29,O=c1[nH]cccc1Nc1c(NC(c2ccco2)C2COC2)c(=O)c1=O,1,Functional Cohort,369.37700000000024,1.8056199999999991,113.43,3.0,7.0,0.3157894736842105,Train
Cc1ccc(C(Nc2c(Nc3ccc[nH]c3=O)c(=O)c2=O)C2CCCS2)o1,6.19,CHEMBL3947915,CHEMBL3888716; CHEMBL5731468,CHEMBL3886800; CHEMBL5725784,"In Vitro Affinity Assay: â¿¿PathHunter HEK293-CXCR2â¿ or â¿¿U2OS hCXCR1 β-arrestinâ¿ cells (DiscoveRx Corporation) were seeded overnight at 10 000 cells/well (384-well format) in 20 μl of Opti MEM I medium. A preincubation with the antagonist or the vehicle for 30 min at 37° C. and 5% CO2 was followed by 60 minutes of stimulation with CXCL8 at 37° C. and 5% CO2. The cells were then placed at ambient temperature for 30 minutes. The PathHunter detection reagent (DiscoveRx Corporation) was added. After incubation for 60 min at ambient temperature, the β-galactosidase induced by the luminescence during the β-arrestin-CXCR2 interaction was measured for 0.3 s in an Envision 2102 Multilabel Reader (PerkinElmer Life and Analytical Sciences).; In Vitro Affinity Assay: The in vitro affinity of the compounds of the present invention for the CXCR1 and CXCR2 receptors was determined on a functional test of the β-arrestin recruitment after receptor activation type.It was demonstrated that the activation by CXCL8 of the CXCR2 receptor in cells of the PathHunter HEK293-CXCR2 line or of the CXCR1 receptor in cells of the U2OS h CXCR1 β-arrestin line results in the recruitment of β-arrestin (Richardson, R. M., R. J. Marjoram, L. S. Barak, R. Snyderman. 2003. Role of the cytoplasmic tails of CXCR1 and CXCR2 in mediating leukocyte migration, activation, and regulation. J. Immunol. 170: 2904-2911).In order to evaluate the direct interaction of the CXCR2 or CXCR1 receptor with β-arrestin 2, a β-arrestin 2 recruitment test for CXCR2 or CXCR1 based on β-galactosidase enzyme complementation (Olson K R, Eglen R M. Beta galactosidase complementation: a cell-based luminescent assay platform for drug discovery. Assay Drug Dev Technol. 2007 February; 5(1); 137-44), as established by DiscoveRx Corporation was used. The stimulation of these two cell lines with CXCL8 (10 nM) induces β-arrestin 2 recruitment, as indicated by a significant increase in the induction factor. All the CXCR2 antagonists were tested in a dose-dependent manner and the concentration corresponding to 50% inhibition of the response was determined (IC50=half inhibition concentration).",7.64,CHEMBL3947915,CHEMBL5731469; CHEMBL3888717,CHEMBL3886800; CHEMBL5725784,"In Vitro Affinity Assay: â¿¿PathHunter HEK293-CXCR2â¿ or â¿¿U2OS hCXCR1 β-arrestinâ¿ cells (DiscoveRx Corporation) were seeded overnight at 10 000 cells/well (384-well format) in 20 μl of Opti MEM I medium. A preincubation with the antagonist or the vehicle for 30 min at 37° C. and 5% CO2 was followed by 60 minutes of stimulation with CXCL8 at 37° C. and 5% CO2. The cells were then placed at ambient temperature for 30 minutes. The PathHunter detection reagent (DiscoveRx Corporation) was added. After incubation for 60 min at ambient temperature, the β-galactosidase induced by the luminescence during the β-arrestin-CXCR2 interaction was measured for 0.3 s in an Envision 2102 Multilabel Reader (PerkinElmer Life and Analytical Sciences).; In Vitro Affinity Assay: The in vitro affinity of the compounds of the present invention for the CXCR1 and CXCR2 receptors was determined on a functional test of the β-arrestin recruitment after receptor activation type.It was demonstrated that the activation by CXCL8 of the CXCR2 receptor in cells of the PathHunter HEK293-CXCR2 line or of the CXCR1 receptor in cells of the U2OS h CXCR1 β-arrestin line results in the recruitment of β-arrestin (Richardson, R. M., R. J. Marjoram, L. S. Barak, R. Snyderman. 2003. Role of the cytoplasmic tails of CXCR1 and CXCR2 in mediating leukocyte migration, activation, and regulation. J. Immunol. 170: 2904-2911).In order to evaluate the direct interaction of the CXCR2 or CXCR1 receptor with β-arrestin 2, a β-arrestin 2 recruitment test for CXCR2 or CXCR1 based on β-galactosidase enzyme complementation (Olson K R, Eglen R M. Beta galactosidase complementation: a cell-based luminescent assay platform for drug discovery. Assay Drug Dev Technol. 2007 February; 5(1); 137-44), as established by DiscoveRx Corporation was used. The stimulation of these two cell lines with CXCL8 (10 nM) induces β-arrestin 2 recruitment, as indicated by a significant increase in the induction factor. All the CXCR2 antagonists were tested in a dose-dependent manner and the concentration corresponding to 50% inhibition of the response was determined (IC50=half inhibition concentration).",1.4499999999999993,O=c1[nH]cccc1Nc1c(NC(c2ccco2)C2CCCS2)c(=O)c1=O,1,Functional Cohort,385.4450000000002,2.66472,104.2,3.0,7.0,0.3157894736842105,Test
Cc1ccc(C(Nc2c(Nc3cccc(C#N)c3O)c(=O)c2=O)C2(C)COC2)o1,5.0,CHEMBL3704568,CHEMBL3706377,CHEMBL3638995,"In Vitro Assay: The in vitro affinity of the compounds of the present invention for the CXCR1 and CXCR2 receptors was determined on a functional test of the .beta.-arrestin recruitment type after receptor activation.It was demonstrated that the activation by CXCL8 of the CXCR2 receptor in cells of the PathHunter HEK293-CXCR2 line or of the CXCR1 receptor in cells of the U2OS h CXCR1 .beta.-arrestin line results in the recruitment of .beta.-arrestin (Richardson et al. 2003 Role of the cytoplasmic tails of CXCR1 and CXCR2 in mediating leukocyte migration, activation, and regulation. J. Immunol. 170: 2904-2911.)In order to evaluate the direct interaction of the CXCR2 or CXCR1 receptor with .beta.-arrestin 2, a .beta.-arrestin 2 recruitment test for CXCR2 or CXCR1 based on of .beta.-galactosidase enzyme complementation (Olson K R, Eglen R M. Beta galactosidase complementation: a cell-based luminescent assay platform for drug discovery. Assay Drug Dev Technol. 2007 February; 5(1); 137-44).",6.51,CHEMBL3704568,CHEMBL3707937,CHEMBL3638995,"In Vitro Assay: The in vitro affinity of the compounds of the present invention for the CXCR1 and CXCR2 receptors was determined on a functional test of the .beta.-arrestin recruitment type after receptor activation.It was demonstrated that the activation by CXCL8 of the CXCR2 receptor in cells of the PathHunter HEK293-CXCR2 line or of the CXCR1 receptor in cells of the U2OS h CXCR1 .beta.-arrestin line results in the recruitment of .beta.-arrestin (Richardson et al. 2003 Role of the cytoplasmic tails of CXCR1 and CXCR2 in mediating leukocyte migration, activation, and regulation. J. Immunol. 170: 2904-2911.)In order to evaluate the direct interaction of the CXCR2 or CXCR1 receptor with .beta.-arrestin 2, a .beta.-arrestin 2 recruitment test for CXCR2 or CXCR1 based on of .beta.-galactosidase enzyme complementation (Olson K R, Eglen R M. Beta galactosidase complementation: a cell-based luminescent assay platform for drug discovery. Assay Drug Dev Technol. 2007 February; 5(1); 137-44).",1.5099999999999998,O=c1c(Nc2ccccc2)c(NC(c2ccco2)C2COC2)c1=O,1,Functional Cohort,393.3990000000003,2.6946000000000003,124.59,3.0,8.0,0.2857142857142857,Train
Cc1ccc(C(Nc2c(Nc3cccc(C(=O)C(C)C)c3O)c(=O)c2=O)C2(C)COC2)o1,5.0,CHEMBL3701190,CHEMBL3706377,CHEMBL3638995,"In Vitro Assay: The in vitro affinity of the compounds of the present invention for the CXCR1 and CXCR2 receptors was determined on a functional test of the .beta.-arrestin recruitment type after receptor activation.It was demonstrated that the activation by CXCL8 of the CXCR2 receptor in cells of the PathHunter HEK293-CXCR2 line or of the CXCR1 receptor in cells of the U2OS h CXCR1 .beta.-arrestin line results in the recruitment of .beta.-arrestin (Richardson et al. 2003 Role of the cytoplasmic tails of CXCR1 and CXCR2 in mediating leukocyte migration, activation, and regulation. J. Immunol. 170: 2904-2911.)In order to evaluate the direct interaction of the CXCR2 or CXCR1 receptor with .beta.-arrestin 2, a .beta.-arrestin 2 recruitment test for CXCR2 or CXCR1 based on of .beta.-galactosidase enzyme complementation (Olson K R, Eglen R M. Beta galactosidase complementation: a cell-based luminescent assay platform for drug discovery. Assay Drug Dev Technol. 2007 February; 5(1); 137-44).",7.0,CHEMBL3701190,CHEMBL3707937,CHEMBL3638995,"In Vitro Assay: The in vitro affinity of the compounds of the present invention for the CXCR1 and CXCR2 receptors was determined on a functional test of the .beta.-arrestin recruitment type after receptor activation.It was demonstrated that the activation by CXCL8 of the CXCR2 receptor in cells of the PathHunter HEK293-CXCR2 line or of the CXCR1 receptor in cells of the U2OS h CXCR1 .beta.-arrestin line results in the recruitment of .beta.-arrestin (Richardson et al. 2003 Role of the cytoplasmic tails of CXCR1 and CXCR2 in mediating leukocyte migration, activation, and regulation. J. Immunol. 170: 2904-2911.)In order to evaluate the direct interaction of the CXCR2 or CXCR1 receptor with .beta.-arrestin 2, a .beta.-arrestin 2 recruitment test for CXCR2 or CXCR1 based on of .beta.-galactosidase enzyme complementation (Olson K R, Eglen R M. Beta galactosidase complementation: a cell-based luminescent assay platform for drug discovery. Assay Drug Dev Technol. 2007 February; 5(1); 137-44).",2.0,O=c1c(Nc2ccccc2)c(NC(c2ccco2)C2COC2)c1=O,1,Functional Cohort,438.4800000000003,3.661620000000002,117.87,3.0,8.0,0.375,Train
Cc1ccc(C(Nc2c(Nc3cccc(C(=O)N(C)C)c3O)c(=O)c2=O)C2(C)CCCO2)o1,6.09,CHEMBL3979652,CHEMBL3888716,CHEMBL3886800,"In Vitro Affinity Assay: â¿¿PathHunter HEK293-CXCR2â¿ or â¿¿U2OS hCXCR1 β-arrestinâ¿ cells (DiscoveRx Corporation) were seeded overnight at 10 000 cells/well (384-well format) in 20 μl of Opti MEM I medium. A preincubation with the antagonist or the vehicle for 30 min at 37° C. and 5% CO2 was followed by 60 minutes of stimulation with CXCL8 at 37° C. and 5% CO2. The cells were then placed at ambient temperature for 30 minutes. The PathHunter detection reagent (DiscoveRx Corporation) was added. After incubation for 60 min at ambient temperature, the β-galactosidase induced by the luminescence during the β-arrestin-CXCR2 interaction was measured for 0.3 s in an Envision 2102 Multilabel Reader (PerkinElmer Life and Analytical Sciences).",7.05,CHEMBL3979652,CHEMBL3888717,CHEMBL3886800,"In Vitro Affinity Assay: â¿¿PathHunter HEK293-CXCR2â¿ or â¿¿U2OS hCXCR1 β-arrestinâ¿ cells (DiscoveRx Corporation) were seeded overnight at 10 000 cells/well (384-well format) in 20 μl of Opti MEM I medium. A preincubation with the antagonist or the vehicle for 30 min at 37° C. and 5% CO2 was followed by 60 minutes of stimulation with CXCL8 at 37° C. and 5% CO2. The cells were then placed at ambient temperature for 30 minutes. The PathHunter detection reagent (DiscoveRx Corporation) was added. After incubation for 60 min at ambient temperature, the β-galactosidase induced by the luminescence during the β-arrestin-CXCR2 interaction was measured for 0.3 s in an Envision 2102 Multilabel Reader (PerkinElmer Life and Analytical Sciences).",0.96,O=c1c(Nc2ccccc2)c(NC(c2ccco2)C2CCCO2)c1=O,1,Functional Cohort,453.49500000000035,3.0573200000000007,121.10999999999999,3.0,8.0,0.375,Train
Cc1ccc(C(Nc2c(Nc3cccc(C(=O)N(C)C)c3O)c(=O)c2=O)C2(C)CCOCC2)o1,5.47,CHEMBL3938406,CHEMBL3887209,CHEMBL3886212,"In Vitro Assay: The in vitro affinity of the compounds of the present invention for the CXCR1 and CXCR2 receptors was determined on a functional test of the beta -arrestin recruitment after receptor activation type.It was demonstrated that the activation by CXCL8 of the CXCR2 receptor in cells of the PathHunter HEK293-CXCR2 line or of the CXCR1 receptor in cells of the U2OS h CXCR1 beta -arrestin line results in the recruitment of beta -arrestin (Richardson et al. 2003 Role of the cytoplasmic tails of CXCR1 and CXCR2 in mediating leukocyte migration, activation, and regulation.>>J. Immunol. 170: 2904-2911).In order to evaluate the direct interaction of the CXCR2 or CXCR1 receptor with beta -arrestin 2, a beta -arrestin 2 recruitment test for CXCR2 or CXCR1 based on beta -galactosidase enzyme complementation (Olson K R, Eglen R M. Beta galactosidase complementation: a cell-based luminescent assay platform for drug discovery. Assay Drug Dev Technol. 2007 February; 5(1); 137-44).",6.8,CHEMBL3938406,CHEMBL3887210,CHEMBL3886212,"In Vitro Assay: The in vitro affinity of the compounds of the present invention for the CXCR1 and CXCR2 receptors was determined on a functional test of the beta -arrestin recruitment after receptor activation type.It was demonstrated that the activation by CXCL8 of the CXCR2 receptor in cells of the PathHunter HEK293-CXCR2 line or of the CXCR1 receptor in cells of the U2OS h CXCR1 beta -arrestin line results in the recruitment of beta -arrestin (Richardson et al. 2003 Role of the cytoplasmic tails of CXCR1 and CXCR2 in mediating leukocyte migration, activation, and regulation.>>J. Immunol. 170: 2904-2911).In order to evaluate the direct interaction of the CXCR2 or CXCR1 receptor with beta -arrestin 2, a beta -arrestin 2 recruitment test for CXCR2 or CXCR1 based on beta -galactosidase enzyme complementation (Olson K R, Eglen R M. Beta galactosidase complementation: a cell-based luminescent assay platform for drug discovery. Assay Drug Dev Technol. 2007 February; 5(1); 137-44).",1.33,O=c1c(Nc2ccccc2)c(NC(c2ccco2)C2CCOCC2)c1=O,1,Functional Cohort,467.5220000000004,3.304920000000001,121.10999999999999,3.0,8.0,0.4,Train
Cc1ccc(C(Nc2c(Nc3cccc(C(=O)N(C)C)c3O)c(=O)c2=O)C2(C)COC2)s1,5.52,CHEMBL3704562,CHEMBL3706377,CHEMBL3638995,"In Vitro Assay: The in vitro affinity of the compounds of the present invention for the CXCR1 and CXCR2 receptors was determined on a functional test of the .beta.-arrestin recruitment type after receptor activation.It was demonstrated that the activation by CXCL8 of the CXCR2 receptor in cells of the PathHunter HEK293-CXCR2 line or of the CXCR1 receptor in cells of the U2OS h CXCR1 .beta.-arrestin line results in the recruitment of .beta.-arrestin (Richardson et al. 2003 Role of the cytoplasmic tails of CXCR1 and CXCR2 in mediating leukocyte migration, activation, and regulation. J. Immunol. 170: 2904-2911.)In order to evaluate the direct interaction of the CXCR2 or CXCR1 receptor with .beta.-arrestin 2, a .beta.-arrestin 2 recruitment test for CXCR2 or CXCR1 based on of .beta.-galactosidase enzyme complementation (Olson K R, Eglen R M. Beta galactosidase complementation: a cell-based luminescent assay platform for drug discovery. Assay Drug Dev Technol. 2007 February; 5(1); 137-44).",6.84,CHEMBL3704562,CHEMBL3707937,CHEMBL3638995,"In Vitro Assay: The in vitro affinity of the compounds of the present invention for the CXCR1 and CXCR2 receptors was determined on a functional test of the .beta.-arrestin recruitment type after receptor activation.It was demonstrated that the activation by CXCL8 of the CXCR2 receptor in cells of the PathHunter HEK293-CXCR2 line or of the CXCR1 receptor in cells of the U2OS h CXCR1 .beta.-arrestin line results in the recruitment of .beta.-arrestin (Richardson et al. 2003 Role of the cytoplasmic tails of CXCR1 and CXCR2 in mediating leukocyte migration, activation, and regulation. J. Immunol. 170: 2904-2911.)In order to evaluate the direct interaction of the CXCR2 or CXCR1 receptor with .beta.-arrestin 2, a .beta.-arrestin 2 recruitment test for CXCR2 or CXCR1 based on of .beta.-galactosidase enzyme complementation (Olson K R, Eglen R M. Beta galactosidase complementation: a cell-based luminescent assay platform for drug discovery. Assay Drug Dev Technol. 2007 February; 5(1); 137-44).",1.3200000000000003,O=c1c(Nc2ccccc2)c(NC(c2cccs2)C2COC2)c1=O,1,Functional Cohort,455.5360000000003,2.993220000000001,107.96999999999998,3.0,8.0,0.34782608695652173,Train
Cc1ccc(C(Nc2c(Nc3cccc(C(=O)N(C)C)c3O)c(=O)c2=O)C2(CF)COC2)o1,5.8,CHEMBL3701183,CHEMBL3706377,CHEMBL3638995,"In Vitro Assay: The in vitro affinity of the compounds of the present invention for the CXCR1 and CXCR2 receptors was determined on a functional test of the .beta.-arrestin recruitment type after receptor activation.It was demonstrated that the activation by CXCL8 of the CXCR2 receptor in cells of the PathHunter HEK293-CXCR2 line or of the CXCR1 receptor in cells of the U2OS h CXCR1 .beta.-arrestin line results in the recruitment of .beta.-arrestin (Richardson et al. 2003 Role of the cytoplasmic tails of CXCR1 and CXCR2 in mediating leukocyte migration, activation, and regulation. J. Immunol. 170: 2904-2911.)In order to evaluate the direct interaction of the CXCR2 or CXCR1 receptor with .beta.-arrestin 2, a .beta.-arrestin 2 recruitment test for CXCR2 or CXCR1 based on of .beta.-galactosidase enzyme complementation (Olson K R, Eglen R M. Beta galactosidase complementation: a cell-based luminescent assay platform for drug discovery. Assay Drug Dev Technol. 2007 February; 5(1); 137-44).",6.57,CHEMBL3701183,CHEMBL3707937,CHEMBL3638995,"In Vitro Assay: The in vitro affinity of the compounds of the present invention for the CXCR1 and CXCR2 receptors was determined on a functional test of the .beta.-arrestin recruitment type after receptor activation.It was demonstrated that the activation by CXCL8 of the CXCR2 receptor in cells of the PathHunter HEK293-CXCR2 line or of the CXCR1 receptor in cells of the U2OS h CXCR1 .beta.-arrestin line results in the recruitment of .beta.-arrestin (Richardson et al. 2003 Role of the cytoplasmic tails of CXCR1 and CXCR2 in mediating leukocyte migration, activation, and regulation. J. Immunol. 170: 2904-2911.)In order to evaluate the direct interaction of the CXCR2 or CXCR1 receptor with .beta.-arrestin 2, a .beta.-arrestin 2 recruitment test for CXCR2 or CXCR1 based on of .beta.-galactosidase enzyme complementation (Olson K R, Eglen R M. Beta galactosidase complementation: a cell-based luminescent assay platform for drug discovery. Assay Drug Dev Technol. 2007 February; 5(1); 137-44).",0.7700000000000005,O=c1c(Nc2ccccc2)c(NC(c2ccco2)C2COC2)c1=O,1,Functional Cohort,457.4580000000003,2.4743199999999996,121.10999999999999,3.0,8.0,0.34782608695652173,Train
Cc1ccc(C(Nc2c(Nc3cccc(C(=O)N(C)C)c3O)c(=O)c2=O)C2CCCS2)o1,5.574999999999999,CHEMBL3951994,CHEMBL3888716; CHEMBL5731468,CHEMBL3886800; CHEMBL5725784,"In Vitro Affinity Assay: â¿¿PathHunter HEK293-CXCR2â¿ or â¿¿U2OS hCXCR1 β-arrestinâ¿ cells (DiscoveRx Corporation) were seeded overnight at 10 000 cells/well (384-well format) in 20 μl of Opti MEM I medium. A preincubation with the antagonist or the vehicle for 30 min at 37° C. and 5% CO2 was followed by 60 minutes of stimulation with CXCL8 at 37° C. and 5% CO2. The cells were then placed at ambient temperature for 30 minutes. The PathHunter detection reagent (DiscoveRx Corporation) was added. After incubation for 60 min at ambient temperature, the β-galactosidase induced by the luminescence during the β-arrestin-CXCR2 interaction was measured for 0.3 s in an Envision 2102 Multilabel Reader (PerkinElmer Life and Analytical Sciences).; In Vitro Affinity Assay: The in vitro affinity of the compounds of the present invention for the CXCR1 and CXCR2 receptors was determined on a functional test of the β-arrestin recruitment after receptor activation type.It was demonstrated that the activation by CXCL8 of the CXCR2 receptor in cells of the PathHunter HEK293-CXCR2 line or of the CXCR1 receptor in cells of the U2OS h CXCR1 β-arrestin line results in the recruitment of β-arrestin (Richardson, R. M., R. J. Marjoram, L. S. Barak, R. Snyderman. 2003. Role of the cytoplasmic tails of CXCR1 and CXCR2 in mediating leukocyte migration, activation, and regulation. J. Immunol. 170: 2904-2911).In order to evaluate the direct interaction of the CXCR2 or CXCR1 receptor with β-arrestin 2, a β-arrestin 2 recruitment test for CXCR2 or CXCR1 based on β-galactosidase enzyme complementation (Olson K R, Eglen R M. Beta galactosidase complementation: a cell-based luminescent assay platform for drug discovery. Assay Drug Dev Technol. 2007 February; 5(1); 137-44), as established by DiscoveRx Corporation was used. The stimulation of these two cell lines with CXCL8 (10 nM) induces β-arrestin 2 recruitment, as indicated by a significant increase in the induction factor. All the CXCR2 antagonists were tested in a dose-dependent manner and the concentration corresponding to 50% inhibition of the response was determined (IC50=half inhibition concentration).",6.715,CHEMBL3951994,CHEMBL5731469; CHEMBL3888717,CHEMBL3886800; CHEMBL5725784,"In Vitro Affinity Assay: â¿¿PathHunter HEK293-CXCR2â¿ or â¿¿U2OS hCXCR1 β-arrestinâ¿ cells (DiscoveRx Corporation) were seeded overnight at 10 000 cells/well (384-well format) in 20 μl of Opti MEM I medium. A preincubation with the antagonist or the vehicle for 30 min at 37° C. and 5% CO2 was followed by 60 minutes of stimulation with CXCL8 at 37° C. and 5% CO2. The cells were then placed at ambient temperature for 30 minutes. The PathHunter detection reagent (DiscoveRx Corporation) was added. After incubation for 60 min at ambient temperature, the β-galactosidase induced by the luminescence during the β-arrestin-CXCR2 interaction was measured for 0.3 s in an Envision 2102 Multilabel Reader (PerkinElmer Life and Analytical Sciences).; In Vitro Affinity Assay: The in vitro affinity of the compounds of the present invention for the CXCR1 and CXCR2 receptors was determined on a functional test of the β-arrestin recruitment after receptor activation type.It was demonstrated that the activation by CXCL8 of the CXCR2 receptor in cells of the PathHunter HEK293-CXCR2 line or of the CXCR1 receptor in cells of the U2OS h CXCR1 β-arrestin line results in the recruitment of β-arrestin (Richardson, R. M., R. J. Marjoram, L. S. Barak, R. Snyderman. 2003. Role of the cytoplasmic tails of CXCR1 and CXCR2 in mediating leukocyte migration, activation, and regulation. J. Immunol. 170: 2904-2911).In order to evaluate the direct interaction of the CXCR2 or CXCR1 receptor with β-arrestin 2, a β-arrestin 2 recruitment test for CXCR2 or CXCR1 based on β-galactosidase enzyme complementation (Olson K R, Eglen R M. Beta galactosidase complementation: a cell-based luminescent assay platform for drug discovery. Assay Drug Dev Technol. 2007 February; 5(1); 137-44), as established by DiscoveRx Corporation was used. The stimulation of these two cell lines with CXCL8 (10 nM) induces β-arrestin 2 recruitment, as indicated by a significant increase in the induction factor. All the CXCR2 antagonists were tested in a dose-dependent manner and the concentration corresponding to 50% inhibition of the response was determined (IC50=half inhibition concentration).",1.1400000000000006,O=c1c(Nc2ccccc2)c(NC(c2ccco2)C2CCCS2)c1=O,1,Functional Cohort,455.5360000000003,3.383820000000002,111.87999999999998,3.0,8.0,0.34782608695652173,Test
Cc1ccc(C(Nc2c(Nc3cccc(C(=O)N(C)C)c3O)c(=O)c2=O)C2CCOCC2)o1,5.26,CHEMBL3943808,CHEMBL3887209,CHEMBL3886212,"In Vitro Assay: The in vitro affinity of the compounds of the present invention for the CXCR1 and CXCR2 receptors was determined on a functional test of the beta -arrestin recruitment after receptor activation type.It was demonstrated that the activation by CXCL8 of the CXCR2 receptor in cells of the PathHunter HEK293-CXCR2 line or of the CXCR1 receptor in cells of the U2OS h CXCR1 beta -arrestin line results in the recruitment of beta -arrestin (Richardson et al. 2003 Role of the cytoplasmic tails of CXCR1 and CXCR2 in mediating leukocyte migration, activation, and regulation.>>J. Immunol. 170: 2904-2911).In order to evaluate the direct interaction of the CXCR2 or CXCR1 receptor with beta -arrestin 2, a beta -arrestin 2 recruitment test for CXCR2 or CXCR1 based on beta -galactosidase enzyme complementation (Olson K R, Eglen R M. Beta galactosidase complementation: a cell-based luminescent assay platform for drug discovery. Assay Drug Dev Technol. 2007 February; 5(1); 137-44).",6.67,CHEMBL3943808,CHEMBL3887210,CHEMBL3886212,"In Vitro Assay: The in vitro affinity of the compounds of the present invention for the CXCR1 and CXCR2 receptors was determined on a functional test of the beta -arrestin recruitment after receptor activation type.It was demonstrated that the activation by CXCL8 of the CXCR2 receptor in cells of the PathHunter HEK293-CXCR2 line or of the CXCR1 receptor in cells of the U2OS h CXCR1 beta -arrestin line results in the recruitment of beta -arrestin (Richardson et al. 2003 Role of the cytoplasmic tails of CXCR1 and CXCR2 in mediating leukocyte migration, activation, and regulation.>>J. Immunol. 170: 2904-2911).In order to evaluate the direct interaction of the CXCR2 or CXCR1 receptor with beta -arrestin 2, a beta -arrestin 2 recruitment test for CXCR2 or CXCR1 based on beta -galactosidase enzyme complementation (Olson K R, Eglen R M. Beta galactosidase complementation: a cell-based luminescent assay platform for drug discovery. Assay Drug Dev Technol. 2007 February; 5(1); 137-44).",1.4100000000000001,O=c1c(Nc2ccccc2)c(NC(c2ccco2)C2CCOCC2)c1=O,1,Functional Cohort,453.49500000000035,2.9148200000000006,121.10999999999999,3.0,8.0,0.375,Train
Cc1ccc(C(Nc2c(Nc3cccc(C(=O)N(C)C)c3O)c(=O)c2=O)C2CCSCC2)o1,5.47,CHEMBL3915853,CHEMBL3887209,CHEMBL3886212,"In Vitro Assay: The in vitro affinity of the compounds of the present invention for the CXCR1 and CXCR2 receptors was determined on a functional test of the beta -arrestin recruitment after receptor activation type.It was demonstrated that the activation by CXCL8 of the CXCR2 receptor in cells of the PathHunter HEK293-CXCR2 line or of the CXCR1 receptor in cells of the U2OS h CXCR1 beta -arrestin line results in the recruitment of beta -arrestin (Richardson et al. 2003 Role of the cytoplasmic tails of CXCR1 and CXCR2 in mediating leukocyte migration, activation, and regulation.>>J. Immunol. 170: 2904-2911).In order to evaluate the direct interaction of the CXCR2 or CXCR1 receptor with beta -arrestin 2, a beta -arrestin 2 recruitment test for CXCR2 or CXCR1 based on beta -galactosidase enzyme complementation (Olson K R, Eglen R M. Beta galactosidase complementation: a cell-based luminescent assay platform for drug discovery. Assay Drug Dev Technol. 2007 February; 5(1); 137-44).",6.96,CHEMBL3915853,CHEMBL3887210,CHEMBL3886212,"In Vitro Assay: The in vitro affinity of the compounds of the present invention for the CXCR1 and CXCR2 receptors was determined on a functional test of the beta -arrestin recruitment after receptor activation type.It was demonstrated that the activation by CXCL8 of the CXCR2 receptor in cells of the PathHunter HEK293-CXCR2 line or of the CXCR1 receptor in cells of the U2OS h CXCR1 beta -arrestin line results in the recruitment of beta -arrestin (Richardson et al. 2003 Role of the cytoplasmic tails of CXCR1 and CXCR2 in mediating leukocyte migration, activation, and regulation.>>J. Immunol. 170: 2904-2911).In order to evaluate the direct interaction of the CXCR2 or CXCR1 receptor with beta -arrestin 2, a beta -arrestin 2 recruitment test for CXCR2 or CXCR1 based on beta -galactosidase enzyme complementation (Olson K R, Eglen R M. Beta galactosidase complementation: a cell-based luminescent assay platform for drug discovery. Assay Drug Dev Technol. 2007 February; 5(1); 137-44).",1.4900000000000002,O=c1c(Nc2ccccc2)c(NC(c2ccco2)C2CCSCC2)c1=O,1,Functional Cohort,469.56300000000033,3.631420000000002,111.87999999999998,3.0,8.0,0.375,Train
Cc1ccc(C(Nc2c(Nc3cccc(C(=O)N(C)C)c3O)c(=O)c2=O)[C@@H]2CCCO2)o1,6.32,CHEMBL3934321,CHEMBL3888716; CHEMBL5731468,CHEMBL3886800; CHEMBL5725784,"In Vitro Affinity Assay: â¿¿PathHunter HEK293-CXCR2â¿ or â¿¿U2OS hCXCR1 β-arrestinâ¿ cells (DiscoveRx Corporation) were seeded overnight at 10 000 cells/well (384-well format) in 20 μl of Opti MEM I medium. A preincubation with the antagonist or the vehicle for 30 min at 37° C. and 5% CO2 was followed by 60 minutes of stimulation with CXCL8 at 37° C. and 5% CO2. The cells were then placed at ambient temperature for 30 minutes. The PathHunter detection reagent (DiscoveRx Corporation) was added. After incubation for 60 min at ambient temperature, the β-galactosidase induced by the luminescence during the β-arrestin-CXCR2 interaction was measured for 0.3 s in an Envision 2102 Multilabel Reader (PerkinElmer Life and Analytical Sciences).; In Vitro Affinity Assay: The in vitro affinity of the compounds of the present invention for the CXCR1 and CXCR2 receptors was determined on a functional test of the β-arrestin recruitment after receptor activation type.It was demonstrated that the activation by CXCL8 of the CXCR2 receptor in cells of the PathHunter HEK293-CXCR2 line or of the CXCR1 receptor in cells of the U2OS h CXCR1 β-arrestin line results in the recruitment of β-arrestin (Richardson, R. M., R. J. Marjoram, L. S. Barak, R. Snyderman. 2003. Role of the cytoplasmic tails of CXCR1 and CXCR2 in mediating leukocyte migration, activation, and regulation. J. Immunol. 170: 2904-2911).In order to evaluate the direct interaction of the CXCR2 or CXCR1 receptor with β-arrestin 2, a β-arrestin 2 recruitment test for CXCR2 or CXCR1 based on β-galactosidase enzyme complementation (Olson K R, Eglen R M. Beta galactosidase complementation: a cell-based luminescent assay platform for drug discovery. Assay Drug Dev Technol. 2007 February; 5(1); 137-44), as established by DiscoveRx Corporation was used. The stimulation of these two cell lines with CXCL8 (10 nM) induces β-arrestin 2 recruitment, as indicated by a significant increase in the induction factor. All the CXCR2 antagonists were tested in a dose-dependent manner and the concentration corresponding to 50% inhibition of the response was determined (IC50=half inhibition concentration).",7.08,CHEMBL3934321,CHEMBL5731469; CHEMBL3888717,CHEMBL3886800; CHEMBL5725784,"In Vitro Affinity Assay: â¿¿PathHunter HEK293-CXCR2â¿ or â¿¿U2OS hCXCR1 β-arrestinâ¿ cells (DiscoveRx Corporation) were seeded overnight at 10 000 cells/well (384-well format) in 20 μl of Opti MEM I medium. A preincubation with the antagonist or the vehicle for 30 min at 37° C. and 5% CO2 was followed by 60 minutes of stimulation with CXCL8 at 37° C. and 5% CO2. The cells were then placed at ambient temperature for 30 minutes. The PathHunter detection reagent (DiscoveRx Corporation) was added. After incubation for 60 min at ambient temperature, the β-galactosidase induced by the luminescence during the β-arrestin-CXCR2 interaction was measured for 0.3 s in an Envision 2102 Multilabel Reader (PerkinElmer Life and Analytical Sciences).; In Vitro Affinity Assay: The in vitro affinity of the compounds of the present invention for the CXCR1 and CXCR2 receptors was determined on a functional test of the β-arrestin recruitment after receptor activation type.It was demonstrated that the activation by CXCL8 of the CXCR2 receptor in cells of the PathHunter HEK293-CXCR2 line or of the CXCR1 receptor in cells of the U2OS h CXCR1 β-arrestin line results in the recruitment of β-arrestin (Richardson, R. M., R. J. Marjoram, L. S. Barak, R. Snyderman. 2003. Role of the cytoplasmic tails of CXCR1 and CXCR2 in mediating leukocyte migration, activation, and regulation. J. Immunol. 170: 2904-2911).In order to evaluate the direct interaction of the CXCR2 or CXCR1 receptor with β-arrestin 2, a β-arrestin 2 recruitment test for CXCR2 or CXCR1 based on β-galactosidase enzyme complementation (Olson K R, Eglen R M. Beta galactosidase complementation: a cell-based luminescent assay platform for drug discovery. Assay Drug Dev Technol. 2007 February; 5(1); 137-44), as established by DiscoveRx Corporation was used. The stimulation of these two cell lines with CXCL8 (10 nM) induces β-arrestin 2 recruitment, as indicated by a significant increase in the induction factor. All the CXCR2 antagonists were tested in a dose-dependent manner and the concentration corresponding to 50% inhibition of the response was determined (IC50=half inhibition concentration).",0.7599999999999998,O=c1c(Nc2ccccc2)c(NC(c2ccco2)[C@@H]2CCCO2)c1=O,1,Functional Cohort,439.4680000000003,2.6672200000000004,121.10999999999999,3.0,8.0,0.34782608695652173,Train
Cc1ccc(C(Nc2c(Nc3cccc(C(=O)N(C)C)c3O)c(=O)c2=O)[C@@H]2COC(C)(C)O2)o1,5.0,CHEMBL3956663,CHEMBL5731468,CHEMBL5725784,"In Vitro Affinity Assay: The in vitro affinity of the compounds of the present invention for the CXCR1 and CXCR2 receptors was determined on a functional test of the β-arrestin recruitment after receptor activation type.It was demonstrated that the activation by CXCL8 of the CXCR2 receptor in cells of the PathHunter HEK293-CXCR2 line or of the CXCR1 receptor in cells of the U2OS h CXCR1 β-arrestin line results in the recruitment of β-arrestin (Richardson, R. M., R. J. Marjoram, L. S. Barak, R. Snyderman. 2003. Role of the cytoplasmic tails of CXCR1 and CXCR2 in mediating leukocyte migration, activation, and regulation. J. Immunol. 170: 2904-2911).In order to evaluate the direct interaction of the CXCR2 or CXCR1 receptor with β-arrestin 2, a β-arrestin 2 recruitment test for CXCR2 or CXCR1 based on β-galactosidase enzyme complementation (Olson K R, Eglen R M. Beta galactosidase complementation: a cell-based luminescent assay platform for drug discovery. Assay Drug Dev Technol. 2007 February; 5(1); 137-44), as established by DiscoveRx Corporation was used. The stimulation of these two cell lines with CXCL8 (10 nM) induces β-arrestin 2 recruitment, as indicated by a significant increase in the induction factor. All the CXCR2 antagonists were tested in a dose-dependent manner and the concentration corresponding to 50% inhibition of the response was determined (IC50=half inhibition concentration).",5.9,CHEMBL3956663,CHEMBL5731469; CHEMBL3888717,CHEMBL3886800; CHEMBL5725784,"In Vitro Affinity Assay: â¿¿PathHunter HEK293-CXCR2â¿ or â¿¿U2OS hCXCR1 β-arrestinâ¿ cells (DiscoveRx Corporation) were seeded overnight at 10 000 cells/well (384-well format) in 20 μl of Opti MEM I medium. A preincubation with the antagonist or the vehicle for 30 min at 37° C. and 5% CO2 was followed by 60 minutes of stimulation with CXCL8 at 37° C. and 5% CO2. The cells were then placed at ambient temperature for 30 minutes. The PathHunter detection reagent (DiscoveRx Corporation) was added. After incubation for 60 min at ambient temperature, the β-galactosidase induced by the luminescence during the β-arrestin-CXCR2 interaction was measured for 0.3 s in an Envision 2102 Multilabel Reader (PerkinElmer Life and Analytical Sciences).; In Vitro Affinity Assay: The in vitro affinity of the compounds of the present invention for the CXCR1 and CXCR2 receptors was determined on a functional test of the β-arrestin recruitment after receptor activation type.It was demonstrated that the activation by CXCL8 of the CXCR2 receptor in cells of the PathHunter HEK293-CXCR2 line or of the CXCR1 receptor in cells of the U2OS h CXCR1 β-arrestin line results in the recruitment of β-arrestin (Richardson, R. M., R. J. Marjoram, L. S. Barak, R. Snyderman. 2003. Role of the cytoplasmic tails of CXCR1 and CXCR2 in mediating leukocyte migration, activation, and regulation. J. Immunol. 170: 2904-2911).In order to evaluate the direct interaction of the CXCR2 or CXCR1 receptor with β-arrestin 2, a β-arrestin 2 recruitment test for CXCR2 or CXCR1 based on β-galactosidase enzyme complementation (Olson K R, Eglen R M. Beta galactosidase complementation: a cell-based luminescent assay platform for drug discovery. Assay Drug Dev Technol. 2007 February; 5(1); 137-44), as established by DiscoveRx Corporation was used. The stimulation of these two cell lines with CXCL8 (10 nM) induces β-arrestin 2 recruitment, as indicated by a significant increase in the induction factor. All the CXCR2 antagonists were tested in a dose-dependent manner and the concentration corresponding to 50% inhibition of the response was determined (IC50=half inhibition concentration).",0.9000000000000004,O=c1c(Nc2ccccc2)c(NC(c2ccco2)[C@@H]2COCO2)c1=O,1,Functional Cohort,469.4940000000003,2.6397200000000005,130.33999999999997,3.0,9.0,0.375,Train
Cc1ccc(C(Nc2c(Nc3cccc(C(=O)N(C)C)c3O)c(=O)c2=O)[C@H]2CCCO2)o1,5.88,CHEMBL4106677,CHEMBL3888716; CHEMBL5731468,CHEMBL3886800; CHEMBL5725784,"In Vitro Affinity Assay: â¿¿PathHunter HEK293-CXCR2â¿ or â¿¿U2OS hCXCR1 β-arrestinâ¿ cells (DiscoveRx Corporation) were seeded overnight at 10 000 cells/well (384-well format) in 20 μl of Opti MEM I medium. A preincubation with the antagonist or the vehicle for 30 min at 37° C. and 5% CO2 was followed by 60 minutes of stimulation with CXCL8 at 37° C. and 5% CO2. The cells were then placed at ambient temperature for 30 minutes. The PathHunter detection reagent (DiscoveRx Corporation) was added. After incubation for 60 min at ambient temperature, the β-galactosidase induced by the luminescence during the β-arrestin-CXCR2 interaction was measured for 0.3 s in an Envision 2102 Multilabel Reader (PerkinElmer Life and Analytical Sciences).; In Vitro Affinity Assay: The in vitro affinity of the compounds of the present invention for the CXCR1 and CXCR2 receptors was determined on a functional test of the β-arrestin recruitment after receptor activation type.It was demonstrated that the activation by CXCL8 of the CXCR2 receptor in cells of the PathHunter HEK293-CXCR2 line or of the CXCR1 receptor in cells of the U2OS h CXCR1 β-arrestin line results in the recruitment of β-arrestin (Richardson, R. M., R. J. Marjoram, L. S. Barak, R. Snyderman. 2003. Role of the cytoplasmic tails of CXCR1 and CXCR2 in mediating leukocyte migration, activation, and regulation. J. Immunol. 170: 2904-2911).In order to evaluate the direct interaction of the CXCR2 or CXCR1 receptor with β-arrestin 2, a β-arrestin 2 recruitment test for CXCR2 or CXCR1 based on β-galactosidase enzyme complementation (Olson K R, Eglen R M. Beta galactosidase complementation: a cell-based luminescent assay platform for drug discovery. Assay Drug Dev Technol. 2007 February; 5(1); 137-44), as established by DiscoveRx Corporation was used. The stimulation of these two cell lines with CXCL8 (10 nM) induces β-arrestin 2 recruitment, as indicated by a significant increase in the induction factor. All the CXCR2 antagonists were tested in a dose-dependent manner and the concentration corresponding to 50% inhibition of the response was determined (IC50=half inhibition concentration).",6.75,CHEMBL4106677,CHEMBL5731469; CHEMBL3888717,CHEMBL3886800; CHEMBL5725784,"In Vitro Affinity Assay: â¿¿PathHunter HEK293-CXCR2â¿ or â¿¿U2OS hCXCR1 β-arrestinâ¿ cells (DiscoveRx Corporation) were seeded overnight at 10 000 cells/well (384-well format) in 20 μl of Opti MEM I medium. A preincubation with the antagonist or the vehicle for 30 min at 37° C. and 5% CO2 was followed by 60 minutes of stimulation with CXCL8 at 37° C. and 5% CO2. The cells were then placed at ambient temperature for 30 minutes. The PathHunter detection reagent (DiscoveRx Corporation) was added. After incubation for 60 min at ambient temperature, the β-galactosidase induced by the luminescence during the β-arrestin-CXCR2 interaction was measured for 0.3 s in an Envision 2102 Multilabel Reader (PerkinElmer Life and Analytical Sciences).; In Vitro Affinity Assay: The in vitro affinity of the compounds of the present invention for the CXCR1 and CXCR2 receptors was determined on a functional test of the β-arrestin recruitment after receptor activation type.It was demonstrated that the activation by CXCL8 of the CXCR2 receptor in cells of the PathHunter HEK293-CXCR2 line or of the CXCR1 receptor in cells of the U2OS h CXCR1 β-arrestin line results in the recruitment of β-arrestin (Richardson, R. M., R. J. Marjoram, L. S. Barak, R. Snyderman. 2003. Role of the cytoplasmic tails of CXCR1 and CXCR2 in mediating leukocyte migration, activation, and regulation. J. Immunol. 170: 2904-2911).In order to evaluate the direct interaction of the CXCR2 or CXCR1 receptor with β-arrestin 2, a β-arrestin 2 recruitment test for CXCR2 or CXCR1 based on β-galactosidase enzyme complementation (Olson K R, Eglen R M. Beta galactosidase complementation: a cell-based luminescent assay platform for drug discovery. Assay Drug Dev Technol. 2007 February; 5(1); 137-44), as established by DiscoveRx Corporation was used. The stimulation of these two cell lines with CXCL8 (10 nM) induces β-arrestin 2 recruitment, as indicated by a significant increase in the induction factor. All the CXCR2 antagonists were tested in a dose-dependent manner and the concentration corresponding to 50% inhibition of the response was determined (IC50=half inhibition concentration).",0.8700000000000001,O=c1c(Nc2ccccc2)c(NC(c2ccco2)[C@H]2CCCO2)c1=O,1,Functional Cohort,439.4680000000003,2.6672200000000004,121.10999999999999,3.0,8.0,0.34782608695652173,Train
Cc1ccc(C(Nc2c(Nc3cccc(C(=O)N(C)CC(F)(F)F)c3O)c(=O)c2=O)C2CCCS2)o1,6.68,CHEMBL5868116,CHEMBL5731468,CHEMBL5725784,"In Vitro Affinity Assay: The in vitro affinity of the compounds of the present invention for the CXCR1 and CXCR2 receptors was determined on a functional test of the β-arrestin recruitment after receptor activation type.It was demonstrated that the activation by CXCL8 of the CXCR2 receptor in cells of the PathHunter HEK293-CXCR2 line or of the CXCR1 receptor in cells of the U2OS h CXCR1 β-arrestin line results in the recruitment of β-arrestin (Richardson, R. M., R. J. Marjoram, L. S. Barak, R. Snyderman. 2003. Role of the cytoplasmic tails of CXCR1 and CXCR2 in mediating leukocyte migration, activation, and regulation. J. Immunol. 170: 2904-2911).In order to evaluate the direct interaction of the CXCR2 or CXCR1 receptor with β-arrestin 2, a β-arrestin 2 recruitment test for CXCR2 or CXCR1 based on β-galactosidase enzyme complementation (Olson K R, Eglen R M. Beta galactosidase complementation: a cell-based luminescent assay platform for drug discovery. Assay Drug Dev Technol. 2007 February; 5(1); 137-44), as established by DiscoveRx Corporation was used. The stimulation of these two cell lines with CXCL8 (10 nM) induces β-arrestin 2 recruitment, as indicated by a significant increase in the induction factor. All the CXCR2 antagonists were tested in a dose-dependent manner and the concentration corresponding to 50% inhibition of the response was determined (IC50=half inhibition concentration).",7.135,CHEMBL5868116,CHEMBL5731469,CHEMBL5725784,"In Vitro Affinity Assay: The in vitro affinity of the compounds of the present invention for the CXCR1 and CXCR2 receptors was determined on a functional test of the β-arrestin recruitment after receptor activation type.It was demonstrated that the activation by CXCL8 of the CXCR2 receptor in cells of the PathHunter HEK293-CXCR2 line or of the CXCR1 receptor in cells of the U2OS h CXCR1 β-arrestin line results in the recruitment of β-arrestin (Richardson, R. M., R. J. Marjoram, L. S. Barak, R. Snyderman. 2003. Role of the cytoplasmic tails of CXCR1 and CXCR2 in mediating leukocyte migration, activation, and regulation. J. Immunol. 170: 2904-2911).In order to evaluate the direct interaction of the CXCR2 or CXCR1 receptor with β-arrestin 2, a β-arrestin 2 recruitment test for CXCR2 or CXCR1 based on β-galactosidase enzyme complementation (Olson K R, Eglen R M. Beta galactosidase complementation: a cell-based luminescent assay platform for drug discovery. Assay Drug Dev Technol. 2007 February; 5(1); 137-44), as established by DiscoveRx Corporation was used. The stimulation of these two cell lines with CXCL8 (10 nM) induces β-arrestin 2 recruitment, as indicated by a significant increase in the induction factor. All the CXCR2 antagonists were tested in a dose-dependent manner and the concentration corresponding to 50% inhibition of the response was determined (IC50=half inhibition concentration).",0.45500000000000007,O=c1c(Nc2ccccc2)c(NC(c2ccco2)C2CCCS2)c1=O,1,Functional Cohort,523.5330000000002,4.316320000000002,111.87999999999998,3.0,8.0,0.375,Test
Cc1ccc(C(Nc2c(Nc3cccc(C(=O)N4CCC(O)C4)c3)c(=O)c2=O)C2(C)COC2)o1,5.45,CHEMBL3704559,CHEMBL3706377,CHEMBL3638995,"In Vitro Assay: The in vitro affinity of the compounds of the present invention for the CXCR1 and CXCR2 receptors was determined on a functional test of the .beta.-arrestin recruitment type after receptor activation.It was demonstrated that the activation by CXCL8 of the CXCR2 receptor in cells of the PathHunter HEK293-CXCR2 line or of the CXCR1 receptor in cells of the U2OS h CXCR1 .beta.-arrestin line results in the recruitment of .beta.-arrestin (Richardson et al. 2003 Role of the cytoplasmic tails of CXCR1 and CXCR2 in mediating leukocyte migration, activation, and regulation. J. Immunol. 170: 2904-2911.)In order to evaluate the direct interaction of the CXCR2 or CXCR1 receptor with .beta.-arrestin 2, a .beta.-arrestin 2 recruitment test for CXCR2 or CXCR1 based on of .beta.-galactosidase enzyme complementation (Olson K R, Eglen R M. Beta galactosidase complementation: a cell-based luminescent assay platform for drug discovery. Assay Drug Dev Technol. 2007 February; 5(1); 137-44).",6.14,CHEMBL3704559,CHEMBL3707937,CHEMBL3638995,"In Vitro Assay: The in vitro affinity of the compounds of the present invention for the CXCR1 and CXCR2 receptors was determined on a functional test of the .beta.-arrestin recruitment type after receptor activation.It was demonstrated that the activation by CXCL8 of the CXCR2 receptor in cells of the PathHunter HEK293-CXCR2 line or of the CXCR1 receptor in cells of the U2OS h CXCR1 .beta.-arrestin line results in the recruitment of .beta.-arrestin (Richardson et al. 2003 Role of the cytoplasmic tails of CXCR1 and CXCR2 in mediating leukocyte migration, activation, and regulation. J. Immunol. 170: 2904-2911.)In order to evaluate the direct interaction of the CXCR2 or CXCR1 receptor with .beta.-arrestin 2, a .beta.-arrestin 2 recruitment test for CXCR2 or CXCR1 based on of .beta.-galactosidase enzyme complementation (Olson K R, Eglen R M. Beta galactosidase complementation: a cell-based luminescent assay platform for drug discovery. Assay Drug Dev Technol. 2007 February; 5(1); 137-44).",0.6899999999999995,O=C(c1cccc(Nc2c(NC(c3ccco3)C3COC3)c(=O)c2=O)c1)N1CCCC1,1,Functional Cohort,465.50600000000037,2.3241199999999997,121.10999999999999,3.0,8.0,0.4,Train
Cc1ccc(C(Nc2c(Nc3cccc(C(=O)N4CCCC4)c3O)c(=O)c2=O)C2(C)COC2)o1,5.89,CHEMBL3701191,CHEMBL3706377,CHEMBL3638995,"In Vitro Assay: The in vitro affinity of the compounds of the present invention for the CXCR1 and CXCR2 receptors was determined on a functional test of the .beta.-arrestin recruitment type after receptor activation.It was demonstrated that the activation by CXCL8 of the CXCR2 receptor in cells of the PathHunter HEK293-CXCR2 line or of the CXCR1 receptor in cells of the U2OS h CXCR1 .beta.-arrestin line results in the recruitment of .beta.-arrestin (Richardson et al. 2003 Role of the cytoplasmic tails of CXCR1 and CXCR2 in mediating leukocyte migration, activation, and regulation. J. Immunol. 170: 2904-2911.)In order to evaluate the direct interaction of the CXCR2 or CXCR1 receptor with .beta.-arrestin 2, a .beta.-arrestin 2 recruitment test for CXCR2 or CXCR1 based on of .beta.-galactosidase enzyme complementation (Olson K R, Eglen R M. Beta galactosidase complementation: a cell-based luminescent assay platform for drug discovery. Assay Drug Dev Technol. 2007 February; 5(1); 137-44).",6.58,CHEMBL3701191,CHEMBL3707937,CHEMBL3638995,"In Vitro Assay: The in vitro affinity of the compounds of the present invention for the CXCR1 and CXCR2 receptors was determined on a functional test of the .beta.-arrestin recruitment type after receptor activation.It was demonstrated that the activation by CXCL8 of the CXCR2 receptor in cells of the PathHunter HEK293-CXCR2 line or of the CXCR1 receptor in cells of the U2OS h CXCR1 .beta.-arrestin line results in the recruitment of .beta.-arrestin (Richardson et al. 2003 Role of the cytoplasmic tails of CXCR1 and CXCR2 in mediating leukocyte migration, activation, and regulation. J. Immunol. 170: 2904-2911.)In order to evaluate the direct interaction of the CXCR2 or CXCR1 receptor with .beta.-arrestin 2, a .beta.-arrestin 2 recruitment test for CXCR2 or CXCR1 based on of .beta.-galactosidase enzyme complementation (Olson K R, Eglen R M. Beta galactosidase complementation: a cell-based luminescent assay platform for drug discovery. Assay Drug Dev Technol. 2007 February; 5(1); 137-44).",0.6900000000000004,O=C(c1cccc(Nc2c(NC(c3ccco3)C3COC3)c(=O)c2=O)c1)N1CCCC1,1,Functional Cohort,465.5060000000004,3.0589200000000005,121.10999999999999,3.0,8.0,0.4,Train
Cc1ccc(C(Nc2c(Nc3cccc(C(=O)N4CCCC4C(=O)OC(C)(C)C)c3O)c(=O)c2=O)C2(C)COC2)o1,5.62,CHEMBL3701187,CHEMBL3706377,CHEMBL3638995,"In Vitro Assay: The in vitro affinity of the compounds of the present invention for the CXCR1 and CXCR2 receptors was determined on a functional test of the .beta.-arrestin recruitment type after receptor activation.It was demonstrated that the activation by CXCL8 of the CXCR2 receptor in cells of the PathHunter HEK293-CXCR2 line or of the CXCR1 receptor in cells of the U2OS h CXCR1 .beta.-arrestin line results in the recruitment of .beta.-arrestin (Richardson et al. 2003 Role of the cytoplasmic tails of CXCR1 and CXCR2 in mediating leukocyte migration, activation, and regulation. J. Immunol. 170: 2904-2911.)In order to evaluate the direct interaction of the CXCR2 or CXCR1 receptor with .beta.-arrestin 2, a .beta.-arrestin 2 recruitment test for CXCR2 or CXCR1 based on of .beta.-galactosidase enzyme complementation (Olson K R, Eglen R M. Beta galactosidase complementation: a cell-based luminescent assay platform for drug discovery. Assay Drug Dev Technol. 2007 February; 5(1); 137-44).",7.0,CHEMBL3701187,CHEMBL3707937,CHEMBL3638995,"In Vitro Assay: The in vitro affinity of the compounds of the present invention for the CXCR1 and CXCR2 receptors was determined on a functional test of the .beta.-arrestin recruitment type after receptor activation.It was demonstrated that the activation by CXCL8 of the CXCR2 receptor in cells of the PathHunter HEK293-CXCR2 line or of the CXCR1 receptor in cells of the U2OS h CXCR1 .beta.-arrestin line results in the recruitment of .beta.-arrestin (Richardson et al. 2003 Role of the cytoplasmic tails of CXCR1 and CXCR2 in mediating leukocyte migration, activation, and regulation. J. Immunol. 170: 2904-2911.)In order to evaluate the direct interaction of the CXCR2 or CXCR1 receptor with .beta.-arrestin 2, a .beta.-arrestin 2 recruitment test for CXCR2 or CXCR1 based on of .beta.-galactosidase enzyme complementation (Olson K R, Eglen R M. Beta galactosidase complementation: a cell-based luminescent assay platform for drug discovery. Assay Drug Dev Technol. 2007 February; 5(1); 137-44).",1.38,O=C(c1cccc(Nc2c(NC(c3ccco3)C3COC3)c(=O)c2=O)c1)N1CCCC1,1,Functional Cohort,565.6230000000004,3.7692200000000025,147.40999999999997,3.0,10.0,0.4666666666666667,Train
Cc1ccc(C(Nc2c(Nc3cccc(C(=O)N4CCCC4C(=O)OC(C)C)c3F)c(=O)c2=O)C2CCCS2)o1,5.72,CHEMBL3976863,CHEMBL3888716; CHEMBL5731468,CHEMBL3886800; CHEMBL5725784,"In Vitro Affinity Assay: â¿¿PathHunter HEK293-CXCR2â¿ or â¿¿U2OS hCXCR1 β-arrestinâ¿ cells (DiscoveRx Corporation) were seeded overnight at 10 000 cells/well (384-well format) in 20 μl of Opti MEM I medium. A preincubation with the antagonist or the vehicle for 30 min at 37° C. and 5% CO2 was followed by 60 minutes of stimulation with CXCL8 at 37° C. and 5% CO2. The cells were then placed at ambient temperature for 30 minutes. The PathHunter detection reagent (DiscoveRx Corporation) was added. After incubation for 60 min at ambient temperature, the β-galactosidase induced by the luminescence during the β-arrestin-CXCR2 interaction was measured for 0.3 s in an Envision 2102 Multilabel Reader (PerkinElmer Life and Analytical Sciences).; In Vitro Affinity Assay: The in vitro affinity of the compounds of the present invention for the CXCR1 and CXCR2 receptors was determined on a functional test of the β-arrestin recruitment after receptor activation type.It was demonstrated that the activation by CXCL8 of the CXCR2 receptor in cells of the PathHunter HEK293-CXCR2 line or of the CXCR1 receptor in cells of the U2OS h CXCR1 β-arrestin line results in the recruitment of β-arrestin (Richardson, R. M., R. J. Marjoram, L. S. Barak, R. Snyderman. 2003. Role of the cytoplasmic tails of CXCR1 and CXCR2 in mediating leukocyte migration, activation, and regulation. J. Immunol. 170: 2904-2911).In order to evaluate the direct interaction of the CXCR2 or CXCR1 receptor with β-arrestin 2, a β-arrestin 2 recruitment test for CXCR2 or CXCR1 based on β-galactosidase enzyme complementation (Olson K R, Eglen R M. Beta galactosidase complementation: a cell-based luminescent assay platform for drug discovery. Assay Drug Dev Technol. 2007 February; 5(1); 137-44), as established by DiscoveRx Corporation was used. The stimulation of these two cell lines with CXCL8 (10 nM) induces β-arrestin 2 recruitment, as indicated by a significant increase in the induction factor. All the CXCR2 antagonists were tested in a dose-dependent manner and the concentration corresponding to 50% inhibition of the response was determined (IC50=half inhibition concentration).",6.96,CHEMBL3976863,CHEMBL5731469; CHEMBL3888717,CHEMBL3886800; CHEMBL5725784,"In Vitro Affinity Assay: â¿¿PathHunter HEK293-CXCR2â¿ or â¿¿U2OS hCXCR1 β-arrestinâ¿ cells (DiscoveRx Corporation) were seeded overnight at 10 000 cells/well (384-well format) in 20 μl of Opti MEM I medium. A preincubation with the antagonist or the vehicle for 30 min at 37° C. and 5% CO2 was followed by 60 minutes of stimulation with CXCL8 at 37° C. and 5% CO2. The cells were then placed at ambient temperature for 30 minutes. The PathHunter detection reagent (DiscoveRx Corporation) was added. After incubation for 60 min at ambient temperature, the β-galactosidase induced by the luminescence during the β-arrestin-CXCR2 interaction was measured for 0.3 s in an Envision 2102 Multilabel Reader (PerkinElmer Life and Analytical Sciences).; In Vitro Affinity Assay: The in vitro affinity of the compounds of the present invention for the CXCR1 and CXCR2 receptors was determined on a functional test of the β-arrestin recruitment after receptor activation type.It was demonstrated that the activation by CXCL8 of the CXCR2 receptor in cells of the PathHunter HEK293-CXCR2 line or of the CXCR1 receptor in cells of the U2OS h CXCR1 β-arrestin line results in the recruitment of β-arrestin (Richardson, R. M., R. J. Marjoram, L. S. Barak, R. Snyderman. 2003. Role of the cytoplasmic tails of CXCR1 and CXCR2 in mediating leukocyte migration, activation, and regulation. J. Immunol. 170: 2904-2911).In order to evaluate the direct interaction of the CXCR2 or CXCR1 receptor with β-arrestin 2, a β-arrestin 2 recruitment test for CXCR2 or CXCR1 based on β-galactosidase enzyme complementation (Olson K R, Eglen R M. Beta galactosidase complementation: a cell-based luminescent assay platform for drug discovery. Assay Drug Dev Technol. 2007 February; 5(1); 137-44), as established by DiscoveRx Corporation was used. The stimulation of these two cell lines with CXCL8 (10 nM) induces β-arrestin 2 recruitment, as indicated by a significant increase in the induction factor. All the CXCR2 antagonists were tested in a dose-dependent manner and the concentration corresponding to 50% inhibition of the response was determined (IC50=half inhibition concentration).",1.2400000000000002,O=C(c1cccc(Nc2c(NC(c3ccco3)C3CCCS3)c(=O)c2=O)c1)N1CCCC1,1,Functional Cohort,569.6550000000004,4.671720000000003,117.95,2.0,9.0,0.4482758620689655,Train
Cc1ccc(C(Nc2c(Nc3cccc(C(=O)N4CCOCC4)c3O)c(=O)c2=O)C2(C)COC2)o1,5.5,CHEMBL3701192,CHEMBL3706377,CHEMBL3638995,"In Vitro Assay: The in vitro affinity of the compounds of the present invention for the CXCR1 and CXCR2 receptors was determined on a functional test of the .beta.-arrestin recruitment type after receptor activation.It was demonstrated that the activation by CXCL8 of the CXCR2 receptor in cells of the PathHunter HEK293-CXCR2 line or of the CXCR1 receptor in cells of the U2OS h CXCR1 .beta.-arrestin line results in the recruitment of .beta.-arrestin (Richardson et al. 2003 Role of the cytoplasmic tails of CXCR1 and CXCR2 in mediating leukocyte migration, activation, and regulation. J. Immunol. 170: 2904-2911.)In order to evaluate the direct interaction of the CXCR2 or CXCR1 receptor with .beta.-arrestin 2, a .beta.-arrestin 2 recruitment test for CXCR2 or CXCR1 based on of .beta.-galactosidase enzyme complementation (Olson K R, Eglen R M. Beta galactosidase complementation: a cell-based luminescent assay platform for drug discovery. Assay Drug Dev Technol. 2007 February; 5(1); 137-44).",6.2,CHEMBL3701192,CHEMBL3707937,CHEMBL3638995,"In Vitro Assay: The in vitro affinity of the compounds of the present invention for the CXCR1 and CXCR2 receptors was determined on a functional test of the .beta.-arrestin recruitment type after receptor activation.It was demonstrated that the activation by CXCL8 of the CXCR2 receptor in cells of the PathHunter HEK293-CXCR2 line or of the CXCR1 receptor in cells of the U2OS h CXCR1 .beta.-arrestin line results in the recruitment of .beta.-arrestin (Richardson et al. 2003 Role of the cytoplasmic tails of CXCR1 and CXCR2 in mediating leukocyte migration, activation, and regulation. J. Immunol. 170: 2904-2911.)In order to evaluate the direct interaction of the CXCR2 or CXCR1 receptor with .beta.-arrestin 2, a .beta.-arrestin 2 recruitment test for CXCR2 or CXCR1 based on of .beta.-galactosidase enzyme complementation (Olson K R, Eglen R M. Beta galactosidase complementation: a cell-based luminescent assay platform for drug discovery. Assay Drug Dev Technol. 2007 February; 5(1); 137-44).",0.7000000000000002,O=C(c1cccc(Nc2c(NC(c3ccco3)C3COC3)c(=O)c2=O)c1)N1CCOCC1,1,Functional Cohort,481.50500000000045,2.2953199999999994,130.34,3.0,9.0,0.4,Train
Cc1ccc(C(Nc2c(Nc3cccc(C(=O)N4CC[C@@H](O)C4)c3O)c(=O)c2=O)C2(C)COC2)o1,5.58,CHEMBL3701185,CHEMBL3706377,CHEMBL3638995,"In Vitro Assay: The in vitro affinity of the compounds of the present invention for the CXCR1 and CXCR2 receptors was determined on a functional test of the .beta.-arrestin recruitment type after receptor activation.It was demonstrated that the activation by CXCL8 of the CXCR2 receptor in cells of the PathHunter HEK293-CXCR2 line or of the CXCR1 receptor in cells of the U2OS h CXCR1 .beta.-arrestin line results in the recruitment of .beta.-arrestin (Richardson et al. 2003 Role of the cytoplasmic tails of CXCR1 and CXCR2 in mediating leukocyte migration, activation, and regulation. J. Immunol. 170: 2904-2911.)In order to evaluate the direct interaction of the CXCR2 or CXCR1 receptor with .beta.-arrestin 2, a .beta.-arrestin 2 recruitment test for CXCR2 or CXCR1 based on of .beta.-galactosidase enzyme complementation (Olson K R, Eglen R M. Beta galactosidase complementation: a cell-based luminescent assay platform for drug discovery. Assay Drug Dev Technol. 2007 February; 5(1); 137-44).",6.47,CHEMBL3701185,CHEMBL3707937,CHEMBL3638995,"In Vitro Assay: The in vitro affinity of the compounds of the present invention for the CXCR1 and CXCR2 receptors was determined on a functional test of the .beta.-arrestin recruitment type after receptor activation.It was demonstrated that the activation by CXCL8 of the CXCR2 receptor in cells of the PathHunter HEK293-CXCR2 line or of the CXCR1 receptor in cells of the U2OS h CXCR1 .beta.-arrestin line results in the recruitment of .beta.-arrestin (Richardson et al. 2003 Role of the cytoplasmic tails of CXCR1 and CXCR2 in mediating leukocyte migration, activation, and regulation. J. Immunol. 170: 2904-2911.)In order to evaluate the direct interaction of the CXCR2 or CXCR1 receptor with .beta.-arrestin 2, a .beta.-arrestin 2 recruitment test for CXCR2 or CXCR1 based on of .beta.-galactosidase enzyme complementation (Olson K R, Eglen R M. Beta galactosidase complementation: a cell-based luminescent assay platform for drug discovery. Assay Drug Dev Technol. 2007 February; 5(1); 137-44).",0.8899999999999997,O=C(c1cccc(Nc2c(NC(c3ccco3)C3COC3)c(=O)c2=O)c1)N1CCCC1,1,Functional Cohort,481.5050000000004,2.029719999999999,141.33999999999997,4.0,9.0,0.4,Train
Cc1ccc(C(Nc2c(Nc3cccc(C(=O)N4CC[C@H](O)C4)c3O)c(=O)c2=O)C2(C)COC2)o1,5.55,CHEMBL3701186,CHEMBL3706377,CHEMBL3638995,"In Vitro Assay: The in vitro affinity of the compounds of the present invention for the CXCR1 and CXCR2 receptors was determined on a functional test of the .beta.-arrestin recruitment type after receptor activation.It was demonstrated that the activation by CXCL8 of the CXCR2 receptor in cells of the PathHunter HEK293-CXCR2 line or of the CXCR1 receptor in cells of the U2OS h CXCR1 .beta.-arrestin line results in the recruitment of .beta.-arrestin (Richardson et al. 2003 Role of the cytoplasmic tails of CXCR1 and CXCR2 in mediating leukocyte migration, activation, and regulation. J. Immunol. 170: 2904-2911.)In order to evaluate the direct interaction of the CXCR2 or CXCR1 receptor with .beta.-arrestin 2, a .beta.-arrestin 2 recruitment test for CXCR2 or CXCR1 based on of .beta.-galactosidase enzyme complementation (Olson K R, Eglen R M. Beta galactosidase complementation: a cell-based luminescent assay platform for drug discovery. Assay Drug Dev Technol. 2007 February; 5(1); 137-44).",5.96,CHEMBL3701186,CHEMBL3707937,CHEMBL3638995,"In Vitro Assay: The in vitro affinity of the compounds of the present invention for the CXCR1 and CXCR2 receptors was determined on a functional test of the .beta.-arrestin recruitment type after receptor activation.It was demonstrated that the activation by CXCL8 of the CXCR2 receptor in cells of the PathHunter HEK293-CXCR2 line or of the CXCR1 receptor in cells of the U2OS h CXCR1 .beta.-arrestin line results in the recruitment of .beta.-arrestin (Richardson et al. 2003 Role of the cytoplasmic tails of CXCR1 and CXCR2 in mediating leukocyte migration, activation, and regulation. J. Immunol. 170: 2904-2911.)In order to evaluate the direct interaction of the CXCR2 or CXCR1 receptor with .beta.-arrestin 2, a .beta.-arrestin 2 recruitment test for CXCR2 or CXCR1 based on of .beta.-galactosidase enzyme complementation (Olson K R, Eglen R M. Beta galactosidase complementation: a cell-based luminescent assay platform for drug discovery. Assay Drug Dev Technol. 2007 February; 5(1); 137-44).",0.41000000000000014,O=C(c1cccc(Nc2c(NC(c3ccco3)C3COC3)c(=O)c2=O)c1)N1CCCC1,1,Functional Cohort,481.5050000000004,2.029719999999999,141.33999999999997,4.0,9.0,0.4,Train
Cc1ccc(C(Nc2c(Nc3cccc(C(C)O)c3O)c(=O)c2=O)C2(C)COC2)o1,5.19,CHEMBL3701189,CHEMBL3706377,CHEMBL3638995,"In Vitro Assay: The in vitro affinity of the compounds of the present invention for the CXCR1 and CXCR2 receptors was determined on a functional test of the .beta.-arrestin recruitment type after receptor activation.It was demonstrated that the activation by CXCL8 of the CXCR2 receptor in cells of the PathHunter HEK293-CXCR2 line or of the CXCR1 receptor in cells of the U2OS h CXCR1 .beta.-arrestin line results in the recruitment of .beta.-arrestin (Richardson et al. 2003 Role of the cytoplasmic tails of CXCR1 and CXCR2 in mediating leukocyte migration, activation, and regulation. J. Immunol. 170: 2904-2911.)In order to evaluate the direct interaction of the CXCR2 or CXCR1 receptor with .beta.-arrestin 2, a .beta.-arrestin 2 recruitment test for CXCR2 or CXCR1 based on of .beta.-galactosidase enzyme complementation (Olson K R, Eglen R M. Beta galactosidase complementation: a cell-based luminescent assay platform for drug discovery. Assay Drug Dev Technol. 2007 February; 5(1); 137-44).",6.26,CHEMBL3701189,CHEMBL3707937,CHEMBL3638995,"In Vitro Assay: The in vitro affinity of the compounds of the present invention for the CXCR1 and CXCR2 receptors was determined on a functional test of the .beta.-arrestin recruitment type after receptor activation.It was demonstrated that the activation by CXCL8 of the CXCR2 receptor in cells of the PathHunter HEK293-CXCR2 line or of the CXCR1 receptor in cells of the U2OS h CXCR1 .beta.-arrestin line results in the recruitment of .beta.-arrestin (Richardson et al. 2003 Role of the cytoplasmic tails of CXCR1 and CXCR2 in mediating leukocyte migration, activation, and regulation. J. Immunol. 170: 2904-2911.)In order to evaluate the direct interaction of the CXCR2 or CXCR1 receptor with .beta.-arrestin 2, a .beta.-arrestin 2 recruitment test for CXCR2 or CXCR1 based on of .beta.-galactosidase enzyme complementation (Olson K R, Eglen R M. Beta galactosidase complementation: a cell-based luminescent assay platform for drug discovery. Assay Drug Dev Technol. 2007 February; 5(1); 137-44).",1.0699999999999994,O=c1c(Nc2ccccc2)c(NC(c2ccco2)C2COC2)c1=O,1,Functional Cohort,412.4420000000003,2.876220000000001,121.03,4.0,8.0,0.36363636363636365,Train
Cc1ccc(C(Nc2c(Nc3cccc(S(=O)(=O)N(C)C)c3C)c(=O)c2=O)C2CCCS2)o1,6.83,CHEMBL6049426,CHEMBL5731468,CHEMBL5725784,"In Vitro Affinity Assay: The in vitro affinity of the compounds of the present invention for the CXCR1 and CXCR2 receptors was determined on a functional test of the β-arrestin recruitment after receptor activation type.It was demonstrated that the activation by CXCL8 of the CXCR2 receptor in cells of the PathHunter HEK293-CXCR2 line or of the CXCR1 receptor in cells of the U2OS h CXCR1 β-arrestin line results in the recruitment of β-arrestin (Richardson, R. M., R. J. Marjoram, L. S. Barak, R. Snyderman. 2003. Role of the cytoplasmic tails of CXCR1 and CXCR2 in mediating leukocyte migration, activation, and regulation. J. Immunol. 170: 2904-2911).In order to evaluate the direct interaction of the CXCR2 or CXCR1 receptor with β-arrestin 2, a β-arrestin 2 recruitment test for CXCR2 or CXCR1 based on β-galactosidase enzyme complementation (Olson K R, Eglen R M. Beta galactosidase complementation: a cell-based luminescent assay platform for drug discovery. Assay Drug Dev Technol. 2007 February; 5(1); 137-44), as established by DiscoveRx Corporation was used. The stimulation of these two cell lines with CXCL8 (10 nM) induces β-arrestin 2 recruitment, as indicated by a significant increase in the induction factor. All the CXCR2 antagonists were tested in a dose-dependent manner and the concentration corresponding to 50% inhibition of the response was determined (IC50=half inhibition concentration).",7.1850000000000005,CHEMBL6049426,CHEMBL5731469,CHEMBL5725784,"In Vitro Affinity Assay: The in vitro affinity of the compounds of the present invention for the CXCR1 and CXCR2 receptors was determined on a functional test of the β-arrestin recruitment after receptor activation type.It was demonstrated that the activation by CXCL8 of the CXCR2 receptor in cells of the PathHunter HEK293-CXCR2 line or of the CXCR1 receptor in cells of the U2OS h CXCR1 β-arrestin line results in the recruitment of β-arrestin (Richardson, R. M., R. J. Marjoram, L. S. Barak, R. Snyderman. 2003. Role of the cytoplasmic tails of CXCR1 and CXCR2 in mediating leukocyte migration, activation, and regulation. J. Immunol. 170: 2904-2911).In order to evaluate the direct interaction of the CXCR2 or CXCR1 receptor with β-arrestin 2, a β-arrestin 2 recruitment test for CXCR2 or CXCR1 based on β-galactosidase enzyme complementation (Olson K R, Eglen R M. Beta galactosidase complementation: a cell-based luminescent assay platform for drug discovery. Assay Drug Dev Technol. 2007 February; 5(1); 137-44), as established by DiscoveRx Corporation was used. The stimulation of these two cell lines with CXCL8 (10 nM) induces β-arrestin 2 recruitment, as indicated by a significant increase in the induction factor. All the CXCR2 antagonists were tested in a dose-dependent manner and the concentration corresponding to 50% inhibition of the response was determined (IC50=half inhibition concentration).",0.3550000000000004,O=c1c(Nc2ccccc2)c(NC(c2ccco2)C2CCCS2)c1=O,1,Functional Cohort,489.61900000000037,3.535140000000002,108.71999999999998,2.0,8.0,0.391304347826087,Test
Cc1ccc(C(Nc2c(Nc3cccc(S(=O)(=O)N(C)C)c3O)c(=O)c2=O)C2(C)COC2)o1,5.84,CHEMBL3701195,CHEMBL3706377,CHEMBL3638995,"In Vitro Assay: The in vitro affinity of the compounds of the present invention for the CXCR1 and CXCR2 receptors was determined on a functional test of the .beta.-arrestin recruitment type after receptor activation.It was demonstrated that the activation by CXCL8 of the CXCR2 receptor in cells of the PathHunter HEK293-CXCR2 line or of the CXCR1 receptor in cells of the U2OS h CXCR1 .beta.-arrestin line results in the recruitment of .beta.-arrestin (Richardson et al. 2003 Role of the cytoplasmic tails of CXCR1 and CXCR2 in mediating leukocyte migration, activation, and regulation. J. Immunol. 170: 2904-2911.)In order to evaluate the direct interaction of the CXCR2 or CXCR1 receptor with .beta.-arrestin 2, a .beta.-arrestin 2 recruitment test for CXCR2 or CXCR1 based on of .beta.-galactosidase enzyme complementation (Olson K R, Eglen R M. Beta galactosidase complementation: a cell-based luminescent assay platform for drug discovery. Assay Drug Dev Technol. 2007 February; 5(1); 137-44).",6.59,CHEMBL3701195,CHEMBL3707937,CHEMBL3638995,"In Vitro Assay: The in vitro affinity of the compounds of the present invention for the CXCR1 and CXCR2 receptors was determined on a functional test of the .beta.-arrestin recruitment type after receptor activation.It was demonstrated that the activation by CXCL8 of the CXCR2 receptor in cells of the PathHunter HEK293-CXCR2 line or of the CXCR1 receptor in cells of the U2OS h CXCR1 .beta.-arrestin line results in the recruitment of .beta.-arrestin (Richardson et al. 2003 Role of the cytoplasmic tails of CXCR1 and CXCR2 in mediating leukocyte migration, activation, and regulation. J. Immunol. 170: 2904-2911.)In order to evaluate the direct interaction of the CXCR2 or CXCR1 receptor with .beta.-arrestin 2, a .beta.-arrestin 2 recruitment test for CXCR2 or CXCR1 based on of .beta.-galactosidase enzyme complementation (Olson K R, Eglen R M. Beta galactosidase complementation: a cell-based luminescent assay platform for drug discovery. Assay Drug Dev Technol. 2007 February; 5(1); 137-44).",0.75,O=c1c(Nc2ccccc2)c(NC(c2ccco2)C2COC2)c1=O,1,Functional Cohort,475.52300000000037,2.073219999999999,138.18,3.0,9.0,0.36363636363636365,Train
Cc1ccc(C(Nc2c(Nc3cccn(C)c3=O)c(=O)c2=O)C2(C)COC2)o1,5.3,CHEMBL3701193,CHEMBL3706377,CHEMBL3638995,"In Vitro Assay: The in vitro affinity of the compounds of the present invention for the CXCR1 and CXCR2 receptors was determined on a functional test of the .beta.-arrestin recruitment type after receptor activation.It was demonstrated that the activation by CXCL8 of the CXCR2 receptor in cells of the PathHunter HEK293-CXCR2 line or of the CXCR1 receptor in cells of the U2OS h CXCR1 .beta.-arrestin line results in the recruitment of .beta.-arrestin (Richardson et al. 2003 Role of the cytoplasmic tails of CXCR1 and CXCR2 in mediating leukocyte migration, activation, and regulation. J. Immunol. 170: 2904-2911.)In order to evaluate the direct interaction of the CXCR2 or CXCR1 receptor with .beta.-arrestin 2, a .beta.-arrestin 2 recruitment test for CXCR2 or CXCR1 based on of .beta.-galactosidase enzyme complementation (Olson K R, Eglen R M. Beta galactosidase complementation: a cell-based luminescent assay platform for drug discovery. Assay Drug Dev Technol. 2007 February; 5(1); 137-44).",6.41,CHEMBL3701193,CHEMBL3707937,CHEMBL3638995,"In Vitro Assay: The in vitro affinity of the compounds of the present invention for the CXCR1 and CXCR2 receptors was determined on a functional test of the .beta.-arrestin recruitment type after receptor activation.It was demonstrated that the activation by CXCL8 of the CXCR2 receptor in cells of the PathHunter HEK293-CXCR2 line or of the CXCR1 receptor in cells of the U2OS h CXCR1 .beta.-arrestin line results in the recruitment of .beta.-arrestin (Richardson et al. 2003 Role of the cytoplasmic tails of CXCR1 and CXCR2 in mediating leukocyte migration, activation, and regulation. J. Immunol. 170: 2904-2911.)In order to evaluate the direct interaction of the CXCR2 or CXCR1 receptor with .beta.-arrestin 2, a .beta.-arrestin 2 recruitment test for CXCR2 or CXCR1 based on of .beta.-galactosidase enzyme complementation (Olson K R, Eglen R M. Beta galactosidase complementation: a cell-based luminescent assay platform for drug discovery. Assay Drug Dev Technol. 2007 February; 5(1); 137-44).",1.1100000000000003,O=c1[nH]cccc1Nc1c(NC(c2ccco2)C2COC2)c(=O)c1=O,1,Functional Cohort,383.4040000000002,1.816019999999999,102.57000000000001,2.0,7.0,0.35,Train
Cc1ccc(C(Nc2c(Nc3cccn(C)c3=O)c(=O)c2=O)C2CCCS2)o1,6.42,CHEMBL5920779,CHEMBL5731468,CHEMBL5725784,"In Vitro Affinity Assay: The in vitro affinity of the compounds of the present invention for the CXCR1 and CXCR2 receptors was determined on a functional test of the β-arrestin recruitment after receptor activation type.It was demonstrated that the activation by CXCL8 of the CXCR2 receptor in cells of the PathHunter HEK293-CXCR2 line or of the CXCR1 receptor in cells of the U2OS h CXCR1 β-arrestin line results in the recruitment of β-arrestin (Richardson, R. M., R. J. Marjoram, L. S. Barak, R. Snyderman. 2003. Role of the cytoplasmic tails of CXCR1 and CXCR2 in mediating leukocyte migration, activation, and regulation. J. Immunol. 170: 2904-2911).In order to evaluate the direct interaction of the CXCR2 or CXCR1 receptor with β-arrestin 2, a β-arrestin 2 recruitment test for CXCR2 or CXCR1 based on β-galactosidase enzyme complementation (Olson K R, Eglen R M. Beta galactosidase complementation: a cell-based luminescent assay platform for drug discovery. Assay Drug Dev Technol. 2007 February; 5(1); 137-44), as established by DiscoveRx Corporation was used. The stimulation of these two cell lines with CXCL8 (10 nM) induces β-arrestin 2 recruitment, as indicated by a significant increase in the induction factor. All the CXCR2 antagonists were tested in a dose-dependent manner and the concentration corresponding to 50% inhibition of the response was determined (IC50=half inhibition concentration).",7.36,CHEMBL5920779,CHEMBL5731469,CHEMBL5725784,"In Vitro Affinity Assay: The in vitro affinity of the compounds of the present invention for the CXCR1 and CXCR2 receptors was determined on a functional test of the β-arrestin recruitment after receptor activation type.It was demonstrated that the activation by CXCL8 of the CXCR2 receptor in cells of the PathHunter HEK293-CXCR2 line or of the CXCR1 receptor in cells of the U2OS h CXCR1 β-arrestin line results in the recruitment of β-arrestin (Richardson, R. M., R. J. Marjoram, L. S. Barak, R. Snyderman. 2003. Role of the cytoplasmic tails of CXCR1 and CXCR2 in mediating leukocyte migration, activation, and regulation. J. Immunol. 170: 2904-2911).In order to evaluate the direct interaction of the CXCR2 or CXCR1 receptor with β-arrestin 2, a β-arrestin 2 recruitment test for CXCR2 or CXCR1 based on β-galactosidase enzyme complementation (Olson K R, Eglen R M. Beta galactosidase complementation: a cell-based luminescent assay platform for drug discovery. Assay Drug Dev Technol. 2007 February; 5(1); 137-44), as established by DiscoveRx Corporation was used. The stimulation of these two cell lines with CXCL8 (10 nM) induces β-arrestin 2 recruitment, as indicated by a significant increase in the induction factor. All the CXCR2 antagonists were tested in a dose-dependent manner and the concentration corresponding to 50% inhibition of the response was determined (IC50=half inhibition concentration).",0.9400000000000004,O=c1[nH]cccc1Nc1c(NC(c2ccco2)C2CCCS2)c(=O)c1=O,1,Functional Cohort,399.4720000000002,2.6751199999999997,93.34,2.0,7.0,0.35,Test
Cc1ccc([C@@H](Nc2c(Nc3cccc(C(=O)N(C)C)c3O)c(=O)c2=O)C2(C)COC2)o1,5.13,CHEMBL3704574,CHEMBL3706377,CHEMBL3638995,"In Vitro Assay: The in vitro affinity of the compounds of the present invention for the CXCR1 and CXCR2 receptors was determined on a functional test of the .beta.-arrestin recruitment type after receptor activation.It was demonstrated that the activation by CXCL8 of the CXCR2 receptor in cells of the PathHunter HEK293-CXCR2 line or of the CXCR1 receptor in cells of the U2OS h CXCR1 .beta.-arrestin line results in the recruitment of .beta.-arrestin (Richardson et al. 2003 Role of the cytoplasmic tails of CXCR1 and CXCR2 in mediating leukocyte migration, activation, and regulation. J. Immunol. 170: 2904-2911.)In order to evaluate the direct interaction of the CXCR2 or CXCR1 receptor with .beta.-arrestin 2, a .beta.-arrestin 2 recruitment test for CXCR2 or CXCR1 based on of .beta.-galactosidase enzyme complementation (Olson K R, Eglen R M. Beta galactosidase complementation: a cell-based luminescent assay platform for drug discovery. Assay Drug Dev Technol. 2007 February; 5(1); 137-44).",6.13,CHEMBL3704574,CHEMBL3707937,CHEMBL3638995,"In Vitro Assay: The in vitro affinity of the compounds of the present invention for the CXCR1 and CXCR2 receptors was determined on a functional test of the .beta.-arrestin recruitment type after receptor activation.It was demonstrated that the activation by CXCL8 of the CXCR2 receptor in cells of the PathHunter HEK293-CXCR2 line or of the CXCR1 receptor in cells of the U2OS h CXCR1 .beta.-arrestin line results in the recruitment of .beta.-arrestin (Richardson et al. 2003 Role of the cytoplasmic tails of CXCR1 and CXCR2 in mediating leukocyte migration, activation, and regulation. J. Immunol. 170: 2904-2911.)In order to evaluate the direct interaction of the CXCR2 or CXCR1 receptor with .beta.-arrestin 2, a .beta.-arrestin 2 recruitment test for CXCR2 or CXCR1 based on of .beta.-galactosidase enzyme complementation (Olson K R, Eglen R M. Beta galactosidase complementation: a cell-based luminescent assay platform for drug discovery. Assay Drug Dev Technol. 2007 February; 5(1); 137-44).",1.0,O=c1c(Nc2ccccc2)c(N[C@H](c2ccco2)C2COC2)c1=O,1,Functional Cohort,439.4680000000003,2.5247200000000003,121.10999999999999,3.0,8.0,0.34782608695652173,Train
Cc1ccc([C@@H](Nc2c(Nc3cccc(C(=O)N(C)CC(F)(F)F)c3O)c(=O)c2=O)C2CCCS2)o1,6.29,CHEMBL3902863,CHEMBL3888716,CHEMBL3886800,"In Vitro Affinity Assay: â¿¿PathHunter HEK293-CXCR2â¿ or â¿¿U2OS hCXCR1 β-arrestinâ¿ cells (DiscoveRx Corporation) were seeded overnight at 10 000 cells/well (384-well format) in 20 μl of Opti MEM I medium. A preincubation with the antagonist or the vehicle for 30 min at 37° C. and 5% CO2 was followed by 60 minutes of stimulation with CXCL8 at 37° C. and 5% CO2. The cells were then placed at ambient temperature for 30 minutes. The PathHunter detection reagent (DiscoveRx Corporation) was added. After incubation for 60 min at ambient temperature, the β-galactosidase induced by the luminescence during the β-arrestin-CXCR2 interaction was measured for 0.3 s in an Envision 2102 Multilabel Reader (PerkinElmer Life and Analytical Sciences).",6.94,CHEMBL3902863,CHEMBL3888717,CHEMBL3886800,"In Vitro Affinity Assay: â¿¿PathHunter HEK293-CXCR2â¿ or â¿¿U2OS hCXCR1 β-arrestinâ¿ cells (DiscoveRx Corporation) were seeded overnight at 10 000 cells/well (384-well format) in 20 μl of Opti MEM I medium. A preincubation with the antagonist or the vehicle for 30 min at 37° C. and 5% CO2 was followed by 60 minutes of stimulation with CXCL8 at 37° C. and 5% CO2. The cells were then placed at ambient temperature for 30 minutes. The PathHunter detection reagent (DiscoveRx Corporation) was added. After incubation for 60 min at ambient temperature, the β-galactosidase induced by the luminescence during the β-arrestin-CXCR2 interaction was measured for 0.3 s in an Envision 2102 Multilabel Reader (PerkinElmer Life and Analytical Sciences).",0.6500000000000004,O=c1c(Nc2ccccc2)c(N[C@H](c2ccco2)C2CCCS2)c1=O,1,Functional Cohort,523.5330000000002,4.316320000000002,111.87999999999998,3.0,8.0,0.375,Train
Cc1ccc([C@H](Nc2c(Nc3ccc(Cl)c(C(=O)N(C)C)c3O)c(=O)c2=O)C2(C)COC2)o1,6.05,CHEMBL3704572,CHEMBL3706377,CHEMBL3638995,"In Vitro Assay: The in vitro affinity of the compounds of the present invention for the CXCR1 and CXCR2 receptors was determined on a functional test of the .beta.-arrestin recruitment type after receptor activation.It was demonstrated that the activation by CXCL8 of the CXCR2 receptor in cells of the PathHunter HEK293-CXCR2 line or of the CXCR1 receptor in cells of the U2OS h CXCR1 .beta.-arrestin line results in the recruitment of .beta.-arrestin (Richardson et al. 2003 Role of the cytoplasmic tails of CXCR1 and CXCR2 in mediating leukocyte migration, activation, and regulation. J. Immunol. 170: 2904-2911.)In order to evaluate the direct interaction of the CXCR2 or CXCR1 receptor with .beta.-arrestin 2, a .beta.-arrestin 2 recruitment test for CXCR2 or CXCR1 based on of .beta.-galactosidase enzyme complementation (Olson K R, Eglen R M. Beta galactosidase complementation: a cell-based luminescent assay platform for drug discovery. Assay Drug Dev Technol. 2007 February; 5(1); 137-44).",6.43,CHEMBL3704572,CHEMBL3707937,CHEMBL3638995,"In Vitro Assay: The in vitro affinity of the compounds of the present invention for the CXCR1 and CXCR2 receptors was determined on a functional test of the .beta.-arrestin recruitment type after receptor activation.It was demonstrated that the activation by CXCL8 of the CXCR2 receptor in cells of the PathHunter HEK293-CXCR2 line or of the CXCR1 receptor in cells of the U2OS h CXCR1 .beta.-arrestin line results in the recruitment of .beta.-arrestin (Richardson et al. 2003 Role of the cytoplasmic tails of CXCR1 and CXCR2 in mediating leukocyte migration, activation, and regulation. J. Immunol. 170: 2904-2911.)In order to evaluate the direct interaction of the CXCR2 or CXCR1 receptor with .beta.-arrestin 2, a .beta.-arrestin 2 recruitment test for CXCR2 or CXCR1 based on of .beta.-galactosidase enzyme complementation (Olson K R, Eglen R M. Beta galactosidase complementation: a cell-based luminescent assay platform for drug discovery. Assay Drug Dev Technol. 2007 February; 5(1); 137-44).",0.3799999999999999,O=c1c(Nc2ccccc2)c(N[C@@H](c2ccco2)C2COC2)c1=O,1,Functional Cohort,473.91300000000035,3.1781200000000016,121.10999999999999,3.0,8.0,0.34782608695652173,Train
Cc1ccc([C@H](Nc2c(Nc3ccc(Cl)c(S(=O)(=O)N4CCN(C)CC4)c3O)c(=O)c2=O)C2(C)COC2)o1,6.94,CHEMBL3704573,CHEMBL3706377,CHEMBL3638995,"In Vitro Assay: The in vitro affinity of the compounds of the present invention for the CXCR1 and CXCR2 receptors was determined on a functional test of the .beta.-arrestin recruitment type after receptor activation.It was demonstrated that the activation by CXCL8 of the CXCR2 receptor in cells of the PathHunter HEK293-CXCR2 line or of the CXCR1 receptor in cells of the U2OS h CXCR1 .beta.-arrestin line results in the recruitment of .beta.-arrestin (Richardson et al. 2003 Role of the cytoplasmic tails of CXCR1 and CXCR2 in mediating leukocyte migration, activation, and regulation. J. Immunol. 170: 2904-2911.)In order to evaluate the direct interaction of the CXCR2 or CXCR1 receptor with .beta.-arrestin 2, a .beta.-arrestin 2 recruitment test for CXCR2 or CXCR1 based on of .beta.-galactosidase enzyme complementation (Olson K R, Eglen R M. Beta galactosidase complementation: a cell-based luminescent assay platform for drug discovery. Assay Drug Dev Technol. 2007 February; 5(1); 137-44).",7.52,CHEMBL3704573,CHEMBL3707937,CHEMBL3638995,"In Vitro Assay: The in vitro affinity of the compounds of the present invention for the CXCR1 and CXCR2 receptors was determined on a functional test of the .beta.-arrestin recruitment type after receptor activation.It was demonstrated that the activation by CXCL8 of the CXCR2 receptor in cells of the PathHunter HEK293-CXCR2 line or of the CXCR1 receptor in cells of the U2OS h CXCR1 .beta.-arrestin line results in the recruitment of .beta.-arrestin (Richardson et al. 2003 Role of the cytoplasmic tails of CXCR1 and CXCR2 in mediating leukocyte migration, activation, and regulation. J. Immunol. 170: 2904-2911.)In order to evaluate the direct interaction of the CXCR2 or CXCR1 receptor with .beta.-arrestin 2, a .beta.-arrestin 2 recruitment test for CXCR2 or CXCR1 based on of .beta.-galactosidase enzyme complementation (Olson K R, Eglen R M. Beta galactosidase complementation: a cell-based luminescent assay platform for drug discovery. Assay Drug Dev Technol. 2007 February; 5(1); 137-44).",0.5799999999999992,O=c1c(Nc2cccc(S(=O)(=O)N3CCNCC3)c2)c(N[C@@H](c2ccco2)C2COC2)c1=O,1,Functional Cohort,565.0480000000003,2.41242,141.41999999999996,3.0,10.0,0.44,Test
Cc1ccc([C@H](Nc2c(Nc3cccc(C(=O)N(C)C)c3O)c(=O)c2=O)C2(C)COC2)o1,6.51,CHEMBL3704570,CHEMBL3706377,CHEMBL3638995,"In Vitro Assay: The in vitro affinity of the compounds of the present invention for the CXCR1 and CXCR2 receptors was determined on a functional test of the .beta.-arrestin recruitment type after receptor activation.It was demonstrated that the activation by CXCL8 of the CXCR2 receptor in cells of the PathHunter HEK293-CXCR2 line or of the CXCR1 receptor in cells of the U2OS h CXCR1 .beta.-arrestin line results in the recruitment of .beta.-arrestin (Richardson et al. 2003 Role of the cytoplasmic tails of CXCR1 and CXCR2 in mediating leukocyte migration, activation, and regulation. J. Immunol. 170: 2904-2911.)In order to evaluate the direct interaction of the CXCR2 or CXCR1 receptor with .beta.-arrestin 2, a .beta.-arrestin 2 recruitment test for CXCR2 or CXCR1 based on of .beta.-galactosidase enzyme complementation (Olson K R, Eglen R M. Beta galactosidase complementation: a cell-based luminescent assay platform for drug discovery. Assay Drug Dev Technol. 2007 February; 5(1); 137-44).",7.14,CHEMBL3704570,CHEMBL3707937,CHEMBL3638995,"In Vitro Assay: The in vitro affinity of the compounds of the present invention for the CXCR1 and CXCR2 receptors was determined on a functional test of the .beta.-arrestin recruitment type after receptor activation.It was demonstrated that the activation by CXCL8 of the CXCR2 receptor in cells of the PathHunter HEK293-CXCR2 line or of the CXCR1 receptor in cells of the U2OS h CXCR1 .beta.-arrestin line results in the recruitment of .beta.-arrestin (Richardson et al. 2003 Role of the cytoplasmic tails of CXCR1 and CXCR2 in mediating leukocyte migration, activation, and regulation. J. Immunol. 170: 2904-2911.)In order to evaluate the direct interaction of the CXCR2 or CXCR1 receptor with .beta.-arrestin 2, a .beta.-arrestin 2 recruitment test for CXCR2 or CXCR1 based on of .beta.-galactosidase enzyme complementation (Olson K R, Eglen R M. Beta galactosidase complementation: a cell-based luminescent assay platform for drug discovery. Assay Drug Dev Technol. 2007 February; 5(1); 137-44).",0.6299999999999999,O=c1c(Nc2ccccc2)c(N[C@@H](c2ccco2)C2COC2)c1=O,1,Functional Cohort,439.4680000000003,2.5247200000000003,121.10999999999999,3.0,8.0,0.34782608695652173,Train
Cc1ccc([C@H](Nc2c(Nc3cccc(C(=O)N(C)CC(F)(F)F)c3O)c(=O)c2=O)C2(C)COC2)o1,6.25,CHEMBL3704569,CHEMBL3706377,CHEMBL3638995,"In Vitro Assay: The in vitro affinity of the compounds of the present invention for the CXCR1 and CXCR2 receptors was determined on a functional test of the .beta.-arrestin recruitment type after receptor activation.It was demonstrated that the activation by CXCL8 of the CXCR2 receptor in cells of the PathHunter HEK293-CXCR2 line or of the CXCR1 receptor in cells of the U2OS h CXCR1 .beta.-arrestin line results in the recruitment of .beta.-arrestin (Richardson et al. 2003 Role of the cytoplasmic tails of CXCR1 and CXCR2 in mediating leukocyte migration, activation, and regulation. J. Immunol. 170: 2904-2911.)In order to evaluate the direct interaction of the CXCR2 or CXCR1 receptor with .beta.-arrestin 2, a .beta.-arrestin 2 recruitment test for CXCR2 or CXCR1 based on of .beta.-galactosidase enzyme complementation (Olson K R, Eglen R M. Beta galactosidase complementation: a cell-based luminescent assay platform for drug discovery. Assay Drug Dev Technol. 2007 February; 5(1); 137-44).",7.58,CHEMBL3704569,CHEMBL3707937,CHEMBL3638995,"In Vitro Assay: The in vitro affinity of the compounds of the present invention for the CXCR1 and CXCR2 receptors was determined on a functional test of the .beta.-arrestin recruitment type after receptor activation.It was demonstrated that the activation by CXCL8 of the CXCR2 receptor in cells of the PathHunter HEK293-CXCR2 line or of the CXCR1 receptor in cells of the U2OS h CXCR1 .beta.-arrestin line results in the recruitment of .beta.-arrestin (Richardson et al. 2003 Role of the cytoplasmic tails of CXCR1 and CXCR2 in mediating leukocyte migration, activation, and regulation. J. Immunol. 170: 2904-2911.)In order to evaluate the direct interaction of the CXCR2 or CXCR1 receptor with .beta.-arrestin 2, a .beta.-arrestin 2 recruitment test for CXCR2 or CXCR1 based on of .beta.-galactosidase enzyme complementation (Olson K R, Eglen R M. Beta galactosidase complementation: a cell-based luminescent assay platform for drug discovery. Assay Drug Dev Technol. 2007 February; 5(1); 137-44).",1.33,O=c1c(Nc2ccccc2)c(N[C@@H](c2ccco2)C2COC2)c1=O,1,Functional Cohort,507.4650000000003,3.4572200000000013,121.10999999999999,3.0,8.0,0.375,Train
Cc1ccc([C@H](Nc2c(Nc3cccc(C(=O)N(C)CC(F)(F)F)c3O)c(=O)c2=O)C2CCCS2)o1,7.44,CHEMBL3909470,CHEMBL3888716; CHEMBL5731468,CHEMBL3886800; CHEMBL5725784,"In Vitro Affinity Assay: â¿¿PathHunter HEK293-CXCR2â¿ or â¿¿U2OS hCXCR1 β-arrestinâ¿ cells (DiscoveRx Corporation) were seeded overnight at 10 000 cells/well (384-well format) in 20 μl of Opti MEM I medium. A preincubation with the antagonist or the vehicle for 30 min at 37° C. and 5% CO2 was followed by 60 minutes of stimulation with CXCL8 at 37° C. and 5% CO2. The cells were then placed at ambient temperature for 30 minutes. The PathHunter detection reagent (DiscoveRx Corporation) was added. After incubation for 60 min at ambient temperature, the β-galactosidase induced by the luminescence during the β-arrestin-CXCR2 interaction was measured for 0.3 s in an Envision 2102 Multilabel Reader (PerkinElmer Life and Analytical Sciences).; In Vitro Affinity Assay: The in vitro affinity of the compounds of the present invention for the CXCR1 and CXCR2 receptors was determined on a functional test of the β-arrestin recruitment after receptor activation type.It was demonstrated that the activation by CXCL8 of the CXCR2 receptor in cells of the PathHunter HEK293-CXCR2 line or of the CXCR1 receptor in cells of the U2OS h CXCR1 β-arrestin line results in the recruitment of β-arrestin (Richardson, R. M., R. J. Marjoram, L. S. Barak, R. Snyderman. 2003. Role of the cytoplasmic tails of CXCR1 and CXCR2 in mediating leukocyte migration, activation, and regulation. J. Immunol. 170: 2904-2911).In order to evaluate the direct interaction of the CXCR2 or CXCR1 receptor with β-arrestin 2, a β-arrestin 2 recruitment test for CXCR2 or CXCR1 based on β-galactosidase enzyme complementation (Olson K R, Eglen R M. Beta galactosidase complementation: a cell-based luminescent assay platform for drug discovery. Assay Drug Dev Technol. 2007 February; 5(1); 137-44), as established by DiscoveRx Corporation was used. The stimulation of these two cell lines with CXCL8 (10 nM) induces β-arrestin 2 recruitment, as indicated by a significant increase in the induction factor. All the CXCR2 antagonists were tested in a dose-dependent manner and the concentration corresponding to 50% inhibition of the response was determined (IC50=half inhibition concentration).",7.82,CHEMBL3909470,CHEMBL5731469; CHEMBL3888717,CHEMBL3886800; CHEMBL5725784,"In Vitro Affinity Assay: â¿¿PathHunter HEK293-CXCR2â¿ or â¿¿U2OS hCXCR1 β-arrestinâ¿ cells (DiscoveRx Corporation) were seeded overnight at 10 000 cells/well (384-well format) in 20 μl of Opti MEM I medium. A preincubation with the antagonist or the vehicle for 30 min at 37° C. and 5% CO2 was followed by 60 minutes of stimulation with CXCL8 at 37° C. and 5% CO2. The cells were then placed at ambient temperature for 30 minutes. The PathHunter detection reagent (DiscoveRx Corporation) was added. After incubation for 60 min at ambient temperature, the β-galactosidase induced by the luminescence during the β-arrestin-CXCR2 interaction was measured for 0.3 s in an Envision 2102 Multilabel Reader (PerkinElmer Life and Analytical Sciences).; In Vitro Affinity Assay: The in vitro affinity of the compounds of the present invention for the CXCR1 and CXCR2 receptors was determined on a functional test of the β-arrestin recruitment after receptor activation type.It was demonstrated that the activation by CXCL8 of the CXCR2 receptor in cells of the PathHunter HEK293-CXCR2 line or of the CXCR1 receptor in cells of the U2OS h CXCR1 β-arrestin line results in the recruitment of β-arrestin (Richardson, R. M., R. J. Marjoram, L. S. Barak, R. Snyderman. 2003. Role of the cytoplasmic tails of CXCR1 and CXCR2 in mediating leukocyte migration, activation, and regulation. J. Immunol. 170: 2904-2911).In order to evaluate the direct interaction of the CXCR2 or CXCR1 receptor with β-arrestin 2, a β-arrestin 2 recruitment test for CXCR2 or CXCR1 based on β-galactosidase enzyme complementation (Olson K R, Eglen R M. Beta galactosidase complementation: a cell-based luminescent assay platform for drug discovery. Assay Drug Dev Technol. 2007 February; 5(1); 137-44), as established by DiscoveRx Corporation was used. The stimulation of these two cell lines with CXCL8 (10 nM) induces β-arrestin 2 recruitment, as indicated by a significant increase in the induction factor. All the CXCR2 antagonists were tested in a dose-dependent manner and the concentration corresponding to 50% inhibition of the response was determined (IC50=half inhibition concentration).",0.3799999999999999,O=c1c(Nc2ccccc2)c(N[C@@H](c2ccco2)C2CCCS2)c1=O,1,Functional Cohort,523.5330000000002,4.316320000000002,111.87999999999998,3.0,8.0,0.375,Train
Cc1ccc([C@H](Nc2c(Nc3csc(C(=O)N(C)C)c3O)c(=O)c2=O)C2(C)COC2)o1,5.41,CHEMBL3640034,CHEMBL3706377,CHEMBL3638995,"In Vitro Assay: The in vitro affinity of the compounds of the present invention for the CXCR1 and CXCR2 receptors was determined on a functional test of the .beta.-arrestin recruitment type after receptor activation.It was demonstrated that the activation by CXCL8 of the CXCR2 receptor in cells of the PathHunter HEK293-CXCR2 line or of the CXCR1 receptor in cells of the U2OS h CXCR1 .beta.-arrestin line results in the recruitment of .beta.-arrestin (Richardson et al. 2003 Role of the cytoplasmic tails of CXCR1 and CXCR2 in mediating leukocyte migration, activation, and regulation. J. Immunol. 170: 2904-2911.)In order to evaluate the direct interaction of the CXCR2 or CXCR1 receptor with .beta.-arrestin 2, a .beta.-arrestin 2 recruitment test for CXCR2 or CXCR1 based on of .beta.-galactosidase enzyme complementation (Olson K R, Eglen R M. Beta galactosidase complementation: a cell-based luminescent assay platform for drug discovery. Assay Drug Dev Technol. 2007 February; 5(1); 137-44).",7.02,CHEMBL3640034,CHEMBL3707937,CHEMBL3638995,"In Vitro Assay: The in vitro affinity of the compounds of the present invention for the CXCR1 and CXCR2 receptors was determined on a functional test of the .beta.-arrestin recruitment type after receptor activation.It was demonstrated that the activation by CXCL8 of the CXCR2 receptor in cells of the PathHunter HEK293-CXCR2 line or of the CXCR1 receptor in cells of the U2OS h CXCR1 .beta.-arrestin line results in the recruitment of .beta.-arrestin (Richardson et al. 2003 Role of the cytoplasmic tails of CXCR1 and CXCR2 in mediating leukocyte migration, activation, and regulation. J. Immunol. 170: 2904-2911.)In order to evaluate the direct interaction of the CXCR2 or CXCR1 receptor with .beta.-arrestin 2, a .beta.-arrestin 2 recruitment test for CXCR2 or CXCR1 based on of .beta.-galactosidase enzyme complementation (Olson K R, Eglen R M. Beta galactosidase complementation: a cell-based luminescent assay platform for drug discovery. Assay Drug Dev Technol. 2007 February; 5(1); 137-44).",1.6099999999999994,O=c1c(Nc2ccsc2)c(N[C@@H](c2ccco2)C2COC2)c1=O,1,Functional Cohort,445.4970000000003,2.586220000000001,121.10999999999999,3.0,9.0,0.38095238095238093,Test
Cc1ccc([C@H](Nc2nsnc2Nc2cccc(C(=O)N(C)C)c2O)C(C)(C)C)o1,6.84,CHEMBL455431,CHEMBL963310,CHEMBL1153271,Displacement of [125I]CXCL8 from CXCR1 receptor in human PMN assessed as myeloperoxidase release,7.68,CHEMBL455431,CHEMBL963311,CHEMBL1153271,Displacement of [125I]CXCL1 from CXCR2 receptor in human PMN assessed as myeloperoxidase release,0.8399999999999999,c1ccc(Nc2nsnc2NCc2ccco2)cc1,1,Functional Cohort,429.5460000000003,4.789820000000003,103.52,3.0,8.0,0.38095238095238093,Train
Cc1ccc([C@H](Nc2nsnc2Nc2cccc(C(=O)N(C)C)c2O)C(C)C)o1,5.41,CHEMBL510437,CHEMBL963310,CHEMBL1153271,Displacement of [125I]CXCL8 from CXCR1 receptor in human PMN assessed as myeloperoxidase release,7.44,CHEMBL510437,CHEMBL963311,CHEMBL1153271,Displacement of [125I]CXCL1 from CXCR2 receptor in human PMN assessed as myeloperoxidase release,2.0300000000000002,c1ccc(Nc2nsnc2NCc2ccco2)cc1,1,Functional Cohort,415.51900000000023,4.399720000000003,103.52,3.0,8.0,0.35,Train
Cc1coc(C(Nc2c(Nc3cccc(C(=O)N(C)C)c3O)c(=O)c2=O)C2(C)COC2)c1,5.595000000000001,CHEMBL3704564,CHEMBL3706377,CHEMBL3638995,"In Vitro Assay: The in vitro affinity of the compounds of the present invention for the CXCR1 and CXCR2 receptors was determined on a functional test of the .beta.-arrestin recruitment type after receptor activation.It was demonstrated that the activation by CXCL8 of the CXCR2 receptor in cells of the PathHunter HEK293-CXCR2 line or of the CXCR1 receptor in cells of the U2OS h CXCR1 .beta.-arrestin line results in the recruitment of .beta.-arrestin (Richardson et al. 2003 Role of the cytoplasmic tails of CXCR1 and CXCR2 in mediating leukocyte migration, activation, and regulation. J. Immunol. 170: 2904-2911.)In order to evaluate the direct interaction of the CXCR2 or CXCR1 receptor with .beta.-arrestin 2, a .beta.-arrestin 2 recruitment test for CXCR2 or CXCR1 based on of .beta.-galactosidase enzyme complementation (Olson K R, Eglen R M. Beta galactosidase complementation: a cell-based luminescent assay platform for drug discovery. Assay Drug Dev Technol. 2007 February; 5(1); 137-44).",7.09,CHEMBL3704564,CHEMBL3707937,CHEMBL3638995,"In Vitro Assay: The in vitro affinity of the compounds of the present invention for the CXCR1 and CXCR2 receptors was determined on a functional test of the .beta.-arrestin recruitment type after receptor activation.It was demonstrated that the activation by CXCL8 of the CXCR2 receptor in cells of the PathHunter HEK293-CXCR2 line or of the CXCR1 receptor in cells of the U2OS h CXCR1 .beta.-arrestin line results in the recruitment of .beta.-arrestin (Richardson et al. 2003 Role of the cytoplasmic tails of CXCR1 and CXCR2 in mediating leukocyte migration, activation, and regulation. J. Immunol. 170: 2904-2911.)In order to evaluate the direct interaction of the CXCR2 or CXCR1 receptor with .beta.-arrestin 2, a .beta.-arrestin 2 recruitment test for CXCR2 or CXCR1 based on of .beta.-galactosidase enzyme complementation (Olson K R, Eglen R M. Beta galactosidase complementation: a cell-based luminescent assay platform for drug discovery. Assay Drug Dev Technol. 2007 February; 5(1); 137-44).",1.4949999999999992,O=c1c(Nc2ccccc2)c(NC(c2ccco2)C2COC2)c1=O,1,Functional Cohort,439.4680000000003,2.5247200000000003,121.11,3.0,8.0,0.34782608695652173,Train
O=C(Nc1ccc(F)cc1)c1ccc(SCc2ccccc2B(O)O)nc1,6.06,CHEMBL3342269,CHEMBL3387792,CHEMBL3352272,Antagonist activity at human CXCR1 expressed in HEK293 cells assessed as inhibition of CXCL8-induced intracellular Ca2+ release by fluorescence based calcium flux assay,7.42,CHEMBL3342269,CHEMBL3387793; CHEMBL3386566; CHEMBL3705746,CHEMBL3352272; CHEMBL3639254,"In Vitro Inhibition Assay: An in vitro assay showed inhibition of CXCR2-mediated intracellular calcium release. Briefly, human neutrophils were suspended in HBSS- (without Ca2+ and Mg2+) containing 10 mM HEPES and FLIPR Calcium 3 dye (3.1x107 cells in total volume 1.7 mL). Cells were aliquoted (200 uL of the cell suspension per tube, 8 tubes total) and 2 uL of the designated compound (with appropriate dilutions) were added to each of 6 tubes. As controls, 2 uL of DMSO (1% final concentration) were added to 2 other tubes. Cells were incubated for 30 min at 37 C. After dye loading, tubes were centrifuged at 6,000 rpm for 1 min, supernatant was removed and the cell pellet was re-suspended in 200 uL of HBSS+ (with Ca2+ and Mg2+) containing 10 mM HEPES. The test compound or DMSO (control) was added again at the same concentrations that were used during cell loading. The cell suspension was aliquoted into a 96-well Reading Plate (Corning) in a volume of 90 uL (105 cells/well).; Antagonist activity at human CXCR2 expressed in HEK293 cells assessed as inhibition of CXCL8-induced intracellular Ca2+ release by fluorescence based calcium flux assay; Antagonist activity at CXCR2 in human PMNs assessed as inhibition of CXCL1-induced intracellular Ca2+ release by fluorescence based calcium flux assay",1.3600000000000003,O=C(Nc1ccccc1)c1ccc(SCc2ccccc2)nc1,1,Functional Cohort,382.225,2.445100000000002,82.45,3.0,5.0,0.05263157894736842,Train
